ENERGY STAR Unique ID,Brand Name,Model Number,Additional Model Information,UPC,Type,Width (inches),Depth (inches),Capacity - Maximum Number of Place Settings,Soil-Sensing Capability,Tub Material,Drying Method,Additional Product Features,Annual Energy Use (kWh/yr),US Federal Standard (kWh/yr),% Better than US Federal Standard (kWh/yr),Water Use (gallons/cycle),US Federal Standard (gallons/cycle),% Better than US Federal Standard (gallons/cycle),Connected Capable,Connects Using,Communication Hardware Architecture,DR Protocol,Direct on-premises Open-standard Based Interconnection,Date Available On Market, Date Certified,Markets,CB Model Identifier,Meets ENERGY STAR Most Efficient 2025 Criteria
2581754,Bertazzoni,DW24T3IXT,,8057971102112,Standard,23.6,22.5,15,Yes,Stainless Steel,Fan-Assisted Dry,Third Rack,234,307,24,3,5,40,No,,,,,08/15/2023,07/18/2023,"United States, Canada",ES_1133661_DW24T3IXT_071720231431460_8708199,No
2581757,Bertazzoni,DW24T3IXV,,8057971102136,Standard,23.6,22.5,15,No,Stainless Steel,Fan-Assisted Dry,Third Rack,234,307,24,3,5,40,No,,,,,08/15/2023,07/18/2023,"United States, Canada",ES_1133661_DW24T3IXV_071720231431843_5079022,No
2587147,BIG CHILL,BC24DW,,8690842556258,Standard,59.8,57,12,Yes,Stainless Steel,Fan-Assisted Dry,Top Controls,225,307,27,2.37,5,53,No,,,,,03/26/2018,07/19/2023,"United States, Canada",ES_1141510_BC24DW_071320232232800_6651286,Yes
3701843,BLACK+DECKER,BCD6SD,,810064695629,Compact,21.7,19.7,6,Yes,Hybrid (Plastic & Steel),Air Dry,None,155,222,30,2,3.5,43,No,,,,,10/10/2024,10/18/2023,"United States, Canada",ES_1126481_BCD6SD_10102024113123_80228176,No
2507610,BLACK+DECKER,BCD6W,,819813014551,Compact,21.7,19.7,6,Yes,Hybrid (Plastic & Steel),Air Dry,None,155,222,30,2,3.5,43,No,,,,,04/01/2023,04/14/2023,"United States, Canada",ES_0092264_BCD6W_05292023110806_80164647,No
3845265,BLACK+DECKER,BDW100M*,",,Remark * could be A-Z, a-z, 0-9, - or blank",810064696695;810064696701;810064696718,Standard,23.6,22.7,12,Yes,Hybrid (Plastic & Steel),Heated Dry,None,240,307,22,3.2,5,36,No,,,,,11/20/2024,12/11/2024,"United States, Canada",ES_1126481_BDW100M*_121120240736865_9850245,No
3891910,BLACK+DECKER,BDW200M*,",,Remark: * could be A-Z, a-z, 0-9, - or blank",810064696725;810064696732;810064696749,Standard,23.9,24.5,12,Yes,Stainless Steel,Heated Dry,None,240,307,22,3.2,5,36,No,,,,,12/01/2024,12/23/2024,"United States, Canada",ES_1126481_BDW200M*_122320240734874_7440530,No
3891908,BLACK+DECKER,BDW300MHS,,810064696756,Standard,23.9,24.5,12,Yes,Stainless Steel,Heated Dry,None,240,307,22,3.2,5,36,No,,,,,12/01/2024,12/23/2024,"United States, Canada",ES_1126481_BDW300MHS_122320240728334_4107277,No
3891909,BLACK+DECKER,BDW400MS,,810064696763,Standard,23.9,24.5,14,Yes,Stainless Steel,Heated Dry,None,240,307,22,3.2,5,36,No,,,,,12/01/2024,12/23/2024,"United States, Canada",ES_1126481_BDW400MS_122320240726866_1622878,No
3891906,BLACK+DECKER,BDW500MHS,,810064696770,Standard,23.9,24.5,14,Yes,Stainless Steel,Heated Dry,None,240,307,22,3.2,5,36,No,,,,,12/01/2024,12/23/2024,"United States, Canada",ES_1126481_BDW500MHS_122320240728444_8227205,No
2507612,BLACK+DECKER,BPD8B,,810064691157,Standard,17.6,23.6,8,Yes,Stainless Steel,Air Dry,None,240,307,22,3.2,5,36,No,,,,,04/01/2023,04/14/2023,"United States, Canada",ES_0092264_BPD8B_05292023110806_80164647,No
2507611,BLACK+DECKER,BPD8W,,810064691140,Standard,17.6,23.6,8,Yes,Stainless Steel,Air Dry,None,240,307,22,3.2,5,36,No,,,,,04/01/2023,04/14/2023,"United States, Canada",ES_0092264_BPD8W_05292023110806_80164647,No
2583304,Blomberg,DW 51600 ****,"DW 51600 FBI,DW 51600 FBI,; DW 51600 SS,DW 51600 SS,",8690842175077;8690842175305,Standard,59.8,55,12,Yes,Stainless Steel,Condensation Dry,Top Controls,234,307,24,2.66,5,47,No,,,,,11/15/2017,07/18/2023,"United States, Canada",ES_1036108_DW 51600 ****_12222017221251_0771123,No
2583159,Blomberg,DWS 51502 ****,"DWS 51502 FBI,DWS 51502 FBI,; DWS 51502 SS,DWS 51502 SS,",8690842266942;8690842266966,Standard,44.8,57,8,Yes,Stainless Steel,Condensation Dry,Top Controls,220,307,28,2.4,5,52,No,,,,,07/30/2019,07/18/2023,"United States, Canada",ES_1036108_DWS 51502 ****_06112019181526_6926272,Yes
2583308,Blomberg,DWT 25504 ****,"DWT 25504 SS,DWT 25504 SS,",8690842213052,Standard,59.8,55,12,Yes,Stainless Steel,Condensation Dry,Top Controls,234,307,24,2.66,5,47,No,,,,,11/15/2017,07/18/2023,"United States, Canada",ES_1036108_DWT 25504 ****_06012018175508_5708843,No
2583309,Blomberg,DWT 51600 ****,"DWT 51600 FBI,DWT 51600 FBI,; DWT 51600 SS,DWT 51600 SS,",8690842172212;8690842172243,Standard,59.8,55,12,Yes,Stainless Steel,Condensation Dry,Top Controls,234,307,24,2.66,5,47,No,,,,,11/15/2017,07/18/2023,"United States, Canada",ES_1036108_DWT 51600 ****_12222017221455_0895801,No
2583305,Blomberg,DWT 52600 ****,"DWT 52600 BIH,DWT 52600 BIH,; DWT 52600 SSIH,DWT 52600 SSIH,; DWT 52600 WIH,DWT 52600 WIH,",8690842175121;8690842175145;8690842175886,Standard,59.8,55,12,Yes,Stainless Steel,Condensation Dry,Top Controls,234,307,24,2.66,5,47,No,,,,,11/15/2017,07/18/2023,"United States, Canada",ES_1036108_DWT 52600 ****_12222017221545_0945739,No
2587145,Blomberg,DWT 52800 ****,"DWT 52800 SSIH,DWT 52800 SSIH,",8690842176012,Standard,59.8,57,12,Yes,Stainless Steel,Fan-Assisted Dry,Front Controls,225,307,27,2.36,5,53,No,,,,,12/29/2017,07/19/2023,"United States, Canada",ES_1036108_DWT 52800 ****_12222017203415_4855101,Yes
2587151,Blomberg,DWT 81800 ****,"DWT 81800 FBI,DWT 81800 FBI,; DWT 81800 SS,DWT 81800 SS,; DWT 81800 SSIH,DWT 81800 SSIH,",8690842172274;8690842175527;8690842175763,Standard,59.8,57,12,Yes,Stainless Steel,Fan-Assisted Dry,Front Controls,225,307,27,2.36,5,53,No,,,,,12/29/2017,07/19/2023,"United States, Canada",ES_1036108_DWT 81800 ****_12222017203457_4897478,Yes
2587148,Blomberg,DWT 81900 ****,"DWT 81900 SS,DWT 81900 SS,",8690842171277,Standard,59.8,57,12,Yes,Stainless Steel,Fan-Assisted Dry,Top Controls,225,307,27,2.37,5,53,No,,,,,03/26/2018,07/19/2023,"United States, Canada",ES_1036108_DWT 81900 ****_02132018200208_2128888,Yes
2631718,Blomberg,DWT 81900 ***WS,"DWT 81900 SSWS,DWT 81900 SSWS,",8690842175305,Standard,59.8,57,12,Yes,Stainless Steel,Fan-Assisted Dry,Top Controls,239,307,22,3.02,5,40,No,,,,,11/15/2017,07/31/2023,"United States, Canada",ES_1036108_DWT 81900 ***WS_02132018200625_2385163,No
4429308,BlueStar,BS24DW,,8690842556258,Standard,59.8,57,12,Yes,Stainless Steel,Fan-Assisted Dry,Top Controls,225,307,27,2.37,5,53,No,,,,,03/31/2025,05/30/2025,"United States, Canada",ES_1141510_BS24DW_052820252231812_9113543,Yes
3417861,Bosch,DWHD640EFP,",DWHD640EFM,; ,DWHD640EPR,",825225971504;825225971849;825225972174,Standard,24,34,16,Yes,Stainless Steel,Condensation Dry,"Cycle Status Lights,Third Rack",240,307,22,2.45,5,51,Yes,,,"Wifi,Application",,03/01/2024,03/11/2024,"United States, Canada",ES_31649_DWHD640EFP_03112024064825_8076288,No
3417889,Bosch,DWHD660EFP,",DWHD660EFM,; ,DWHD660EPR,",825225971511;825225971528;825225972181,Standard,24,34,16,Yes,Stainless Steel,Mineral Dry,"Cycle Status Lights,Third Rack",240,307,22,2.3,5,54,Yes,,,"Wifi,Application",,03/01/2024,03/11/2024,"United States, Canada",ES_31649_DWHD660EFP_03112024074553_2874719,No
3398257,Bosch,DWHD661EFP,",DWHD661EFM,; ,DWHD661EPR,",825225971498;825225971832;825225972189,Standard,24,34,16,Yes,Stainless Steel,Mineral Dry,"Cycle Status Lights,Third Rack",213,307,31,2.35,5,53,No,,,,,03/01/2024,02/06/2024,"United States, Canada",ES_31649_DWHD661EFP_01312024095606_1239435,Yes
2624463,Bosch,SGE53C56UC,",SGE53C52UC,; ,SGE53C55UC,; ,SGV43C53UC,",825225970378;825225970408;825225970415;825225970422,Standard,24,32,13,Yes,Stainless Steel,Condensation Dry,"Top Controls,Cycle Status Lights,Third Rack",239,307,22,2.57,5,49,No,,,,,09/01/2023,07/28/2023,"United States, Canada",ES_31649_SGE53C56UC_07242023115135_3369104,No
2624394,Bosch,SGX78C55UC,",SGE78C55UC,; ,SGV78C53UC,",825225970361;825225970385;825225970392,Standard,24,32,15,Yes,Stainless Steel,Mineral Dry,"Top Controls,Cycle Status Lights,Third Rack",239,307,22,3.18,5,36,No,,,,,09/01/2023,07/28/2023,"United States, Canada",ES_31649_SGX78C55UC_07242023133525_7466699,No
2453242,Bosch,SHE3AEE**,",SHE3AEE**,**-Cosmetic differences only.",825225971030,Standard,23.6,22.6,12,Yes,Hybrid (Plastic & Steel),Condensation Dry,"Top Controls,Front Controls,Cycle Status Lights,Third Rack",239,307,22,3.2,5,36,Yes,,,,,05/30/2023,04/12/2023,"United States, Canada",ES_31649_SHE3AEE**_03302023110014_8881326,No
2407864,Bosch,SHE53CE**,",SHE53CE**,**-Only cosmetic differences in the units.",825225970231,Standard,24,34,13,Yes,Stainless Steel,Condensation Dry,"Cycle Status Lights,Third Rack",240,307,22,3.2,5,36,No,,,,,06/01/2023,02/03/2023,"United States, Canada",ES_31649_SHE53CE**_02032023082643_1071252,No
2453240,Bosch,SHE5AE7**,",SHE5AEH5N,",825225968986,Standard,23.6,22.6,12,Yes,Hybrid (Plastic & Steel),Condensation Dry,"Top Controls,Front Controls,Cycle Status Lights,Third Rack",239,307,22,3.2,5,36,Yes,,,,,05/30/2023,03/15/2024,"United States, Canada",ES_31649_SHE5AE7**_03302023110013_8716699,No
2407867,Bosch,SHE78CM**,",SHP78CF5N,",825225965329,Standard,24,34,13,Yes,Stainless Steel,Mineral Dry,"Cycle Status Lights,Third Rack",240,307,22,3.2,5,36,No,,,,,06/01/2023,12/28/2022,"United States, Canada",ES_31649_SHE78CM**_12252022174327_212060,No
2407858,Bosch,SHP55CM**,,825225965831,Standard,24,34,13,Yes,Stainless Steel,Condensation Dry,"Cycle Status Lights,Third Rack",240,307,22,3.2,5,36,No,,,,,06/01/2023,02/03/2023,"United States, Canada",ES_31649_SHP55CM**_02032023082642_8931086,No
4005675,Bosch,SHP55DM**,,825225975700,Standard,24,34,16,Yes,Stainless Steel,Mineral Dry,"Cycle Status Lights,Third Rack",240,307,22,2.3,5,54,Yes,,,Wifi Communication,,04/18/2025,03/24/2025,"United States, Canada",ES_31649_SHP55DM**_03242025074609_4747888,No
2407857,Bosch,SHP65CD**,,825225965275,Standard,24,34,13,Yes,Stainless Steel,Condensation Dry,"Cycle Status Lights,Third Rack",240,307,22,3.2,5,36,No,,,,,06/01/2023,02/03/2023,"United States, Canada",ES_31649_SHP65CD**_02032023082642_6245233,No
2407861,Bosch,SHP65CM**,,825225965848;825225965855;825225965862,Standard,24,34,13,Yes,Stainless Steel,Condensation Dry,"Cycle Status Lights,Third Rack",240,307,22,3.2,5,36,No,,,,,06/01/2023,02/03/2023,"United States, Canada",ES_31649_SHP65CM**_02032023082642_5343270,No
2407862,Bosch,SHP65CP**,,825225965879,Standard,24,34,13,Yes,Stainless Steel,Condensation Dry,"Cycle Status Lights,Third Rack",240,307,22,3.2,5,36,No,,,,,06/01/2023,02/03/2023,"United States, Canada",ES_31649_SHP65CP**_02032023082642_7099839,No
4497590,Bosch,SHP65DC**,,825225982036,Standard,24,34,16,Yes,Stainless Steel,Condensation Dry,"Cycle Status Lights,Third Rack",225,307,27,2.35,5,53,No,,,,,09/01/2025,08/29/2025,"United States, Canada",ES_31649_SHP65DC**_08292025093758_3605615,Yes
4005674,Bosch,SHP65DM**,",SHP65DP**,",825225973225;825225975717;825225975724;825225975830;825225975847,Standard,24,34,16,Yes,Stainless Steel,Mineral Dry,"Cycle Status Lights,Third Rack",240,307,22,2.3,5,54,Yes,,,Wifi Communication,,04/18/2025,03/24/2025,"United States, Canada",ES_31649_SHP65DM**_03242025075811_4300195,No
2408137,Bosch,SHP78CM**,,825225965893;825225965909;825225965916;825225965954,Standard,24,34,13,Yes,Stainless Steel,Mineral Dry,"Cycle Status Lights,Third Rack",240,307,22,3.2,5,36,No,,,,,06/01/2023,12/28/2022,"United States, Canada",ES_31649_SHP78CM**_12252022174327_6770746,No
2407868,Bosch,SHP78CP**,,825225965923,Standard,24,34,13,Yes,Stainless Steel,Mineral Dry,"Cycle Status Lights,Third Rack",240,307,22,3.2,5,36,No,,,,,06/01/2023,12/28/2022,"United States, Canada",ES_31649_SHP78CP**_12252022174328_6098886,No
2407874,Bosch,SHP9PCM**,,825225964971,Standard,24,34,13,Yes,Stainless Steel,Mineral Dry,"Cycle Status Lights,Third Rack",240,307,22,3.2,5,36,No,,,,,06/01/2023,02/03/2023,"United States, Canada",ES_31649_SHP9PCM**_12282022073148_214502,No
4429179,Bosch,SHV41DB3N,",SHV41DB**,",825225981978,Standard,24,34,12,Yes,Hybrid (Plastic & Steel),Condensation Dry,"Cycle Status Lights,Third Rack",213,307,31,2.35,5,53,No,,,,,06/02/2025,05/28/2025,"United States, Canada",ES_31649_SHV41DB3N_05282025090449_1599084,Yes
2453241,Bosch,SHV4AEB**,",SHV4AEB**,**-Cosmetic differences only.",825225968269,Standard,23.6,22.6,12,Yes,Hybrid (Plastic & Steel),Condensation Dry,"Top Controls,Front Controls,Cycle Status Lights,Third Rack",239,307,22,3.2,5,36,Yes,,,,,05/30/2023,04/12/2023,"United States, Canada",ES_31649_SHV4AEB**_03302023110013_2590296,No
2407869,Bosch,SHV78CM**,,825225966043,Standard,24,34,13,Yes,Stainless Steel,Mineral Dry,"Cycle Status Lights,Third Rack",240,307,22,3.2,5,36,No,,,,,06/01/2023,12/28/2022,"United States, Canada",ES_31649_SHV78CM**_12252022174328_4413377,No
2407875,Bosch,SHV9PCM**,",SHV9PCM**,1st * - Color Code, 2nd * - Country Code",825225965008,Standard,24,34,13,Yes,Stainless Steel,Mineral Dry,"Cycle Status Lights,Third Rack",240,307,22,3.2,5,36,No,,,,,06/01/2023,02/03/2023,"United States, Canada",ES_31649_SHV9PCM**_12282022073148_7785151,No
2407863,Bosch,SHX65CM**,,825225965886,Standard,24,34,13,Yes,Stainless Steel,Condensation Dry,"Cycle Status Lights,Third Rack",240,307,22,3.2,5,36,No,,,,,06/01/2023,02/03/2023,"United States, Canada",ES_31649_SHX65CM**_02032023082643_8920230,No
3619537,Bosch,"SHX78CC5UC, SHE78D7***",,825225974086,Standard,24,34,15,Yes,Stainless Steel,Mineral Dry,"Cycle Status Lights,Third Rack",221,307,28,2.59,5,48,No,,,,,08/16/2024,08/12/2024,"United States, Canada",ES_31649_SHX78CC5UC_07292024164035_8708612,Yes
2407870,Bosch,SHX78CM**,,825225965978;825225965985;825225965992;825225966166,Standard,24,34,13,Yes,Stainless Steel,Mineral Dry,"Cycle Status Lights,Third Rack",240,307,22,3.2,5,36,No,,,,,06/01/2023,12/28/2022,"United States, Canada",ES_31649_SHX78CM**_12252022174328_4263705,No
4497585,Bosch,SHX78DC**,,825225982043,Standard,24,34,16,Yes,Stainless Steel,Condensation Dry,"Cycle Status Lights,Third Rack",215,307,30,2.35,5,53,No,,,,,09/01/2025,08/29/2025,"United States, Canada",ES_31649_SHX78DC**_08292025105637_3391382,Yes
3994456,Bosch,SHX78DM**,",SHP78DM**,; ,SHP78DP**,; ,SHV78DM**,",825225975892;825225975908;825225975915;825225980636,Standard,24,34,16,Yes,Stainless Steel,Mineral Dry,"Cycle Status Lights,Third Rack",240,307,22,2.3,5,54,Yes,,,Wifi Communication,,04/01/2025,02/13/2025,"United States, Canada",ES_31649_SHX78DM**_02072025115816_374872,No
2407876,Bosch,SHX9PCM**,",SHX9PCM**,1st * - Color Code, 2nd * - Country Code",825225966012,Standard,24,34,13,Yes,Stainless Steel,Mineral Dry,"Cycle Status Lights,Third Rack",240,307,22,3.2,5,36,No,,,,,06/01/2023,02/03/2023,"United States, Canada",ES_31649_SHX9PCM**_12282022073148_5309854,No
2649236,Bosch,SPE53C56UC,",SPE53C52UC,; ,SPE53C55UC,; ,SPE68C75UC,; ,SPV68C73UC,; ,SPX68C75UC,",825225965305;825225965374;825225965428;825225970538;825225970545;825225970552,Standard,18,32,10,Yes,Stainless Steel,"Condensation Dry,Mineral Dry","Top Controls,Cycle Status Lights,Third Rack",240,307,22,3.18,5,36,No,,,,,09/01/2023,08/28/2023,"United States, Canada",ES_31649_SPE53C56UC_08072023114005_8789026,No
3354538,BRAMA,BRDW2400SS,,657433000024,Standard,23.5,22.4,15,Yes,Stainless Steel,Fan-Assisted Dry,"Top Controls,Third Rack",234,307,24,3,5,40,No,,,,,01/02/2024,12/29/2023,"United States, Canada",ES_1131312_BRDW2400SS_122620231914153_6493163,No
3387577,Cafe,CDD220**W***,,084691943730;084691943747;084691943754,Compact,23.6,25.2,7,No,Plastic,Fan-Assisted Dry,"Top Controls,Cycle Status Lights,Hard Food Filter",155,222,30,2,3.5,43,No,,,,,01/18/2024,01/18/2024,United States,ES_1123206_CDD220**W***_01192024110248_80196871,No
3009735,Cafe,CDP888**V***,,084691914631,Standard,23.8,24,16,Yes,Stainless Steel,Heated Dry,"Top Controls,Cycle Status Lights,Hard Food Filter,Third Rack",240,307,22,3.2,5,36,No,,,,,01/16/2024,12/20/2023,"United States, Canada",ES_1123206_CDP888**V***_12202023165638_80194723,No
2408233,Cafe,CDT805**N***,,084691843382;084691843436,Standard,23.8,24,12,Yes,Stainless Steel,Fan-Assisted Dry,"Top Controls,Hard Food Filter,Cycle Status Lights,Third Rack",240,307,22,3.2,5,36,No,,,,,02/27/2023,02/16/2023,"United States, Canada",ES_1123206_CDT805**N***_02172023081908_80153105,No
2788125,Cafe,CDT828**V***,,084691914587,Standard,23.8,24,16,Yes,Stainless Steel,Heated Dry,"Top Controls,Cycle Status Lights,Hard Food Filter,Third Rack",240,307,22,3.2,5,36,No,,,,,12/04/2023,11/29/2023,"United States, Canada",ES_1123206_CDT828**V***_11302023110827_80191260,No
2408234,Cafe,CDT84***N***,,084691843412;084691843429;084691845096;084691845102,Standard,23.8,24,12,Yes,Stainless Steel,Fan-Assisted Dry,"Top Controls,Hard Food Filter,Cycle Status Lights,Third Rack",240,307,22,3.2,5,36,No,,,,,02/27/2023,02/16/2023,"United States, Canada",ES_1123206_CDT84***N***_02172023081908_80153105,No
2788124,Cafe,CDT858**V***,,084691914600;084691914617;084691914624,Standard,23.8,24,16,Yes,Stainless Steel,Heated Dry,"Top Controls,Cycle Status Lights,Hard Food Filter,Third Rack",240,307,22,3.2,5,36,No,,,,,12/04/2023,11/29/2023,"United States, Canada",ES_1123206_CDT858**V***_11302023110827_80191260,No
2408223,Cafe,CDT87***N***,,084691843443;084691843450;084691843467;084691843498,Standard,23.8,24,12,Yes,Stainless Steel,Fan-Assisted Dry,"Top Controls,Hard Food Filter,Cycle Status Lights,Third Rack",240,307,22,3.2,5,36,No,,,,,02/27/2023,02/16/2023,"United States, Canada",ES_1123206_CDT87***N***_02172023081908_80153105,No
3009734,Cafe,CDT888**V***,,084691914594;084691914648;084691914655,Standard,23.8,24,16,Yes,Stainless Steel,Heated Dry,"Top Controls,Cycle Status Lights,Hard Food Filter,Third Rack",240,307,22,3.2,5,36,No,,,,,01/16/2024,12/20/2023,"United States, Canada",ES_1123206_CDT888**V***_12202023165638_80194723,No
2508275,Comfee,C*14EFSBK1RCM,",,* could be A-Z, a-z, 0-9, - or blank",687636002310;687636004796,Standard,23.9,24.5,14,Yes,Stainless Steel,Heated Dry,None,240,307,22,3.2,5,36,No,,,,,05/18/2023,06/13/2023,Canada,ES_1030337_C*14EFSBK1RCM_061320230555182_3658242,No
3418894,Comfee,CDC22P****,,810040944444;810040944451;810040946578;840296500484;840296500491,Compact,21.7,19.7,6,Yes,Hybrid (Plastic & Steel),Air Dry,None,155,222,30,2,3.5,43,No,,,,,10/01/2023,10/18/2023,"United States, Canada",ES_1030337_CDC22P****_03192024121251_80186729,No
2472612,COSMO,COS-DIS6502,,854115007399,Standard,23.9,24.5,8,Yes,Stainless Steel,Heated Dry,None,240,307,22,3.2,5,36,No,,,,,04/10/2023,05/04/2023,United States,ES_1141090_COS-DIS6502_050420230710809_2817847,No
3845127,COSMO,COS-DWD24FBR,,850036237228,Standard,23.6,22.7,12,Yes,Hybrid (Plastic & Steel),Heated Dry,Top Controls,240,307,22,3.2,5,36,No,,,,,11/01/2023,12/09/2024,United States,ES_1141090_COS-DWD24FBR_120920240314215_6065359,No
3891960,COSMO,COS-DWV24TTR,,850036237464,Standard,23.9,24.5,14,Yes,Stainless Steel,Heated Dry,None,240,307,22,3.2,5,36,No,,,,,12/01/2024,12/23/2024,United States,ES_1141090_COS-DWV24TTR_12232024092974_1211697,No
3554076,COSTWAY,FP10851,,,Standard,23.9,22.6,14,Yes,Stainless Steel,Automatic Door Release,None,240,307,22,3.2,5,36,No,,,,,05/30/2024,07/11/2024,"United States, Canada",ES_1144027_FP10851_071120240246375_6204871,No
3554077,COSTWAY,FP10852,,,Standard,23.9,22.6,15,Yes,Stainless Steel,Automatic Door Release,None,240,307,22,3.2,5,36,No,,,,,05/30/2024,07/11/2024,"United States, Canada",ES_1144027_FP10852_071120240246191_5524098,No
3624386,Cove,DW2451,",DW2451WS,",5910009;5910010,Standard,23.5,23,10,Yes,Stainless Steel,Fan-Assisted Dry,"Top Controls,Cycle Status Lights,Third Rack",231,307,25,3.2,5,36,No,,,,,09/09/2024,09/06/2024,"United States, Canada",ES_31863_DW2451_08262024113549_1147882,No
3624420,Cove,DW2451/ADA,",DW2451WS/ADA,",5910011;5910012,Standard,23.5,23,10,Yes,Stainless Steel,Fan-Assisted Dry,"Top Controls,Cycle Status Lights,Third Rack",225,307,27,3.2,5,36,No,,,,,09/09/2024,08/27/2024,"United States, Canada",ES_31863_DW2451_08262024165251_6643030,Yes
2470959,Criterion,CDW2FCM*,",,Remark: * could be A-Z, a-z, 0-9, - or blank.",810040943140;810040943157,Standard,23.9,24.5,8,Yes,Stainless Steel,Heated Dry,None,240,307,22,3.2,5,36,No,,,,,04/10/2023,05/02/2023,Canada,ES_1062598_CDW2FCM*_050220230109668_2730397,No
3619543,Criterion,CDW4FCM*,",,(Remark: * could be A-Z, a-z, 0-9, - or blank.)",840296511688;840296511695;840296511701,Standard,23.6,22.7,12,Yes,Hybrid (Plastic & Steel),Heated Dry,None,240,307,22,3.2,5,36,No,,,,,07/01/2024,08/13/2024,United States,ES_1062598_CDW4FCM*_081320240221286_5210829,No
2508301,Criterion,CDW5TCM*,",,* could be A-Z, a-z, 0-9, - or blank",810040943164,Standard,23.9,24.5,8,Yes,Stainless Steel,Heated Dry,None,240,307,22,3.2,5,36,No,,,,,05/19/2023,06/14/2023,United States,ES_1062598_CDW5TCM*_061420230156223_5260902,No
3619544,Criterion,CDW7TCM*,",,(Remark: * could be A-Z, a-z, 0-9, - or blank.)",840296511718,Standard,23.6,22.7,14,Yes,Hybrid (Plastic & Steel),Heated Dry,None,240,307,22,3.2,5,36,No,,,,,07/01/2024,08/13/2024,United States,ES_1062598_CDW7TCM*_081320240219344_3261182,No
3619522,Crosley,CDBEH351****,",CDBEH351UB,; ,CDBEH351US,; ,CDBEH351UW,",012505116575;012505116582;012505116599,Standard,24,25,12,Yes,Plastic,Heated Dry,Top Controls,240,307,22,3.2,5,36,No,,,,,09/02/2024,08/09/2024,United States,ES_92264_CDBEH351****_080820242200672_8100716,No
2485665,Crosley,CDMH2450**,",,Remark: * could be A-Z, a-z, 0-9, - or blank",850029962861;850029962878;856284006876,Standard,23.9,24.5,8,Yes,Stainless Steel,Heated Dry,None,240,307,22,3.2,5,36,No,,,,,04/01/2023,05/16/2023,United States,ES_92264_CDMH2450**_05162023081256_9583268,No
2507597,Crosley,CDPM1204**,,850029962571;850029962588;850029962595,Standard,23.5,23.6,10,Yes,Stainless Steel,Air Dry,None,240,307,22,3.2,5,36,No,,,,,04/01/2023,04/14/2023,"United States, Canada",ES_0092264_CDPM1204**_05292023110806_80164647,No
3354415,AEG,F8242FI,,51497410025,Standard,23.5,21.7,15,Yes,Stainless Steel,Fan-Assisted Dry,"Top Controls,Cycle Status Lights,Third Rack",234,307,24,3,5,40,No,,,,,01/01/2024,12/27/2023,"United States, Canada",ES_1149287_F8242FI_121920231133621_6458430,No
3354416,AEG,F8242FI-18,,51497410001,Standard,17.6,21.7,10,Yes,Stainless Steel,Fan-Assisted Dry,"Top Controls,Third Rack",234,307,24,3,5,40,No,,,,,01/01/2024,12/27/2023,"United States, Canada",ES_1149287_F8242FI-18_121920231133969_5863897,No
3354417,AEG,F8642FI,,51497410032,Standard,23.5,21.7,15,Yes,Stainless Steel,Fan-Assisted Dry,"Top Controls,Cycle Status Lights,Third Rack",234,307,24,3,5,40,No,,,,,01/01/2024,12/27/2023,"United States, Canada",ES_1149287_F8642FI_12192023113332_4077297,No
3354418,AEG,F8642SS,,51497410018,Standard,23.5,22.4,15,Yes,Stainless Steel,Fan-Assisted Dry,"Top Controls,Cycle Status Lights,Third Rack",234,307,24,3,5,40,No,,,,,01/01/2024,12/27/2023,"United States, Canada",ES_1149287_F8642SS_121920231133557_1899253,No
3478049,Amana,ADFS2524R**,",ADFS2524RB,; ,ADFS2524RS,; ,ADFS2524RW,; ,ADFS2524RZ,",883049701219;883049701226;883049701233;883049701240,Standard,23.9,25.3,12,No,Plastic,Heated Dry,"Front Controls,Cycle Status Lights,Hard Food Filter",240,307,22,3.2,5,36,No,,,,,06/21/2024,05/14/2024,"United States, Canada",ES_22856_ADFS2524R**_050920242008153_8283642,No
2403740,Asko,DBI364*,,3838782650635,Standard,24,21.8,16,No,Stainless Steel,Automatic Door Release,"Front Controls,Third Rack",220,307,28,3,5,40,No,,,,,02/01/2023,10/21/2022,"United States, Canada",ES_1123023_DBI364*_10272022115247_80145987,Yes
4439727,Asko,DBI563******,,3838783039361;3838783039378,Standard,23.8,21.9,14,No,Stainless Steel,Automatic Door Release,"Top Controls,Cycle Status Lights,Third Rack",205,307,33,3,5,40,No,,,,,08/01/2025,06/30/2025,"United States, Canada",ES_1123023_DBI563******_07022025131156_80260587,Yes
2403737,Asko,DBI564*,,3838782628504;3838782639548;3838782641725;3838782641794;3838782645464;3838782650673,Standard,24,21.8,16,No,Stainless Steel,Automatic Door Release,"Top Controls,Cycle Status Lights,Third Rack",220,307,28,3,5,40,No,,,,,02/01/2023,10/21/2022,"United States, Canada",ES_1123023_DBI564*_10272022115247_80145987,Yes
2403735,Asko,DBI565*,,3838782627484;3838782628443;3838782639074;3838782639081,Standard,24,21.8,16,No,Stainless Steel,Automatic Door Release,"Top Controls,Cycle Status Lights,Third Rack",220,307,28,3,5,40,No,,,,,02/01/2023,10/21/2022,"United States, Canada",ES_1123023_DBI565*_10272022115247_80145987,Yes
2403743,Asko,DBI776*,,3838782650659,Standard,24,21.8,17,No,Stainless Steel,Automatic Door Release,"Top Controls,Cycle Status Lights,Third Rack",220,307,28,3,5,40,No,,,,,02/01/2023,10/21/2022,"United States, Canada",ES_1123023_DBI776*_10272022115247_80145987,Yes
2403734,Asko,DBI786*,,3838782650642,Standard,24,21.8,18,No,Stainless Steel,Automatic Door Release,"Top Controls,Cycle Status Lights,Third Rack,Fourth Rack",230,307,25,3.2,5,36,No,,,,,02/01/2023,10/21/2022,"United States, Canada",ES_1123023_DBI786*_10272022115247_80145987,No
4439728,Asko,DFI563****,,3838783039385,Standard,23.8,21.9,14,No,Stainless Steel,Automatic Door Release,"Top Controls,Cycle Status Lights,Third Rack",205,307,33,3,5,40,No,,,,,08/01/2025,06/30/2025,"United States, Canada",ES_1123023_DFI563****_07022025131156_80260587,Yes
2403738,Asko,DFI564*,,3838782627453;3838782627491,Standard,24,21.8,16,No,Stainless Steel,Automatic Door Release,"Top Controls,Cycle Status Lights,Third Rack",220,307,28,3,5,40,No,,,,,02/01/2023,10/21/2022,"United States, Canada",ES_1123023_DFI564*_10272022115247_80145987,Yes
2403736,Asko,DFI565*,,3838782628436;3838782628542;3838782647833,Standard,24,21.8,16,No,Stainless Steel,Automatic Door Release,"Top Controls,Cycle Status Lights,Third Rack",220,307,28,3,5,40,No,,,,,02/01/2023,10/21/2022,"United States, Canada",ES_1123023_DFI565*_10272022115247_80145987,Yes
2403742,Asko,DFI776*,,3838782634703,Standard,24,21.8,17,No,Stainless Steel,Automatic Door Release,"Top Controls,Cycle Status Lights,Third Rack",220,307,28,3,5,40,No,,,,,02/01/2023,10/21/2022,"United States, Canada",ES_1123023_DFI776*_10272022115247_80145987,Yes
2403733,Asko,DFI786*,,3838782628535,Standard,24,21.8,18,No,Stainless Steel,Automatic Door Release,"Top Controls,Cycle Status Lights,Third Rack,Fourth Rack",230,307,25,3.2,5,36,No,,,,,02/01/2023,10/21/2022,"United States, Canada",ES_1123023_DFI786*_10272022115247_80145987,No
2403741,Asko,DOD561*,,3838782688058,Standard,24.5,24.9,16,No,Stainless Steel,Automatic Door Release,"Top Controls,Third Rack",220,307,28,3,5,40,No,,,,,02/01/2023,10/21/2022,"United States, Canada",ES_1123023_DOD561*_10272022115247_80145987,Yes
2403739,Asko,DSD565*,,3838782650666,Standard,24,21.8,16,No,Stainless Steel,Automatic Door Release,"Top Controls,Cycle Status Lights,Third Rack",220,307,28,3,5,40,No,,,,,02/01/2023,10/21/2022,"United States, Canada",ES_1123023_DSD565*_10272022115247_80145987,Yes
3994150,Avanti,DWF18V**,"DWF18V0W,DWF18V0W,; DWF18V1B,DWF18V1B,; DWF18V3S,DWF18V3S,",079841211807,Standard,18,24.3,10,Yes,Stainless Steel,Air Dry,Front Controls,239,307,22,3.1,5,38,No,,,,,10/15/2022,02/04/2025,"United States, Canada",ES_92257_DWF18V**_012820251939397_7608219,No
3994148,Avanti,DWF24V**,"DWF24V0W,DWF24V0W,; DWF24V1B,DWF24V1B,; DWF24V3S,DWF24V3S,",079841212408,Standard,24,24.3,15,Yes,Stainless Steel,Air Dry,Front Controls,239,307,22,3.1,5,38,No,,,,,10/15/2022,02/04/2025,"United States, Canada",ES_92257_DWF24V**_012820251939762_1250763,No
3994149,Avanti,DWT18V3S,,079841211838,Standard,18,24.3,10,Yes,Stainless Steel,Air Dry,Top Controls,239,307,22,3.1,5,38,No,,,,,10/15/2022,02/04/2025,"United States, Canada",ES_92257_DWT18V3S_012820251939333_4885484,No
4008322,Beko,BDDDT48340****,",BDDT48340EXIH,",8690842727276,Standard,23.5,22.4,17,Yes,Stainless Steel,Automatic Door Release,Self-Cleaning Filter,225,307,27,2.45,5,51,No,,,,,05/01/2025,03/31/2025,"United States, Canada",ES_1036108_BDDT48340****_03312025042403_8013627,Yes
4481206,Beko,BDDDT49340***,"BDDDT49340X,BDDDT49340X,; BDDDT49340XIH,BDDDT49340XIH,",8690842679162;8690842679179,Standard,23.5,22.4,17,Yes,Stainless Steel,Fan-Assisted Dry,Self-Cleaning Filter,225,307,27,2.45,5,51,No,,,,,08/15/2025,08/13/2025,"United States, Canada",ES_1036108_BDDDT49340***_080320252155180_2272423,Yes
4481205,Beko,BDDIT49340,,8690842679216,Standard,23.5,22.4,17,Yes,Stainless Steel,Fan-Assisted Dry,Self-Cleaning Filter,225,307,27,2.45,5,51,No,,,,,08/15/2025,08/13/2025,"United States, Canada",ES_1036108_BDDIT49340_080320252155126_4493530,Yes
2583320,Beko,DDN25401*,"DDN25401X,DDN25401X,",8690842165207,Standard,59.8,55,12,Yes,Stainless Steel,Condensation Dry,Top Controls,234,307,24,2.66,5,47,No,,,,,11/15/2017,07/18/2023,"United States, Canada",ES_1036108_DDN25401*_12222017220545_0345335,No
2583310,Beko,DDN25402*,"DDN25402W,DDN25402W,; DDN25402X,DDN25402X,",8690842458613;8690842461897,Standard,59.8,55,12,Yes,Stainless Steel,Condensation Dry,Top Controls,234,307,24,2.66,5,47,No,,,,,11/15/2017,07/18/2023,"United States, Canada",ES_1036108_DDN25402*_071320211246447_4593679,No
2583162,Beko,DDS25842***,"DDS25842X,DDS25842X,",8690842266751,Standard,44.8,57,8,Yes,Stainless Steel,Condensation Dry,Top Controls,220,307,28,2.4,5,52,No,,,,,07/30/2019,07/18/2023,"United States, Canada",ES_1036108_DDS25842***_06112019181450_6890212,Yes
2583311,Beko,DDT25401**,"DDT25401X,DDT25401X,",8690842164255,Standard,59.8,55,12,Yes,Stainless Steel,Condensation Dry,Top Controls,234,307,24,2.66,5,47,No,,,,,11/15/2017,07/18/2023,"United States, Canada",ES_1036108_DDT25401**_12222017220631_0391109,No
2587146,Beko,DDT38530***,"DDT38530BX,DDT38530BX,; DDT38530X,DDT38530X,",8690842175879;8690842205866,Standard,59.8,57,12,Yes,Stainless Steel,Fan-Assisted Dry,Front Controls,225,307,27,2.36,5,53,No,,,,,12/29/2017,07/19/2023,"United States, Canada",ES_1036108_DDT38530**_12222017203213_4733013,Yes
2582001,Beko,DDT38532***,"DDT38532X,DDT38532X,; DDT38532XHW,DDT38532XHW,; DDT38532XIH,DDT38532XIH,",8690842440380;8690842440397;8690842519758,Standard,59.8,57,12,Yes,Stainless Steel,Fan-Assisted Dry,Top Controls,230,307,25,2.37,5,53,No,,,,,09/01/2021,07/18/2023,"United States, Canada",ES_1036108_DDT38532***_07132021124669_8751273,No
2582002,Beko,DDT38532*****,"DDT38532XIHHW,DDT38532XIHHW,",8690842519765,Standard,59.8,57,12,Yes,Stainless Steel,Fan-Assisted Dry,Top Controls,230,307,25,2.37,5,53,No,,,,,04/01/2022,07/18/2023,"United States, Canada",ES_1036108_DDT38532*****_013020221937915_1787066,No
2631713,Beko,DDT38532*** WS,"DDT38532X WS,,; DDT38532XIH WS,,",8690842512162,Standard,59.8,57,12,Yes,Stainless Steel,Fan-Assisted Dry,Top Controls,239,307,22,3.02,5,40,No,,,,,08/15/2022,07/31/2023,"United States, Canada",ES_1036108_DDT38532*** WS_071920220325891_9883567,No
2582158,Beko,DDT39434***,"DDT39434CF,DDT39434CF,; DDT39434X,DDT39434X,; DDT39434XC2,DDT39434XC2,; DDT39434XIH,DDT39434XIH,",8690842444968;8690842445071;8690842445088;8690842556630,Standard,59.8,57,12,Yes,Stainless Steel,Fan-Assisted Dry,Top Controls,230,307,25,2.45,5,51,No,,,,,09/01/2021,07/18/2023,"United States, Canada",ES_1036108_DDT39434***_071320211246841_7952986,No
2582148,Beko,DDT39434*****,"DDT39434XIHC2,DDT39434XIHC2,",8690842556647,Standard,59.8,57,12,Yes,Stainless Steel,Fan-Assisted Dry,Top Controls,230,307,25,2.45,5,51,No,,,,,10/31/2022,07/18/2023,"United States, Canada",ES_1036108_DDT39434*****_092220221047236_8997915,No
2583303,Beko,DIN25401,,8690842163593,Standard,59.8,55,12,Yes,Stainless Steel,Condensation Dry,Top Controls,234,307,24,2.66,5,47,No,,,,,11/15/2017,07/18/2023,"United States, Canada",ES_1036108_DIN25401_12222017220710_0430470,No
2583160,Beko,DIS25842,,8690842266706,Standard,44.8,57,8,Yes,Stainless Steel,Condensation Dry,Top Controls,220,307,28,2.4,5,52,No,,,,,07/30/2019,07/18/2023,"United States, Canada",ES_1036108_DIS25842_06112019181507_6907951,Yes
2583321,Beko,DIT25401,,8690842163159,Standard,59.8,55,12,Yes,Stainless Steel,Condensation Dry,Top Controls,234,307,24,2.66,5,47,No,,,,,11/15/2017,07/18/2023,"United States, Canada",ES_1036108_DIT25401_12222017220753_0473182,No
2581999,Beko,DIT38532,,8690842440199,Standard,59.8,57,12,Yes,Stainless Steel,Fan-Assisted Dry,Top Controls,230,307,25,2.37,5,53,No,,,,,09/01/2021,07/18/2023,"United States, Canada",ES_1036108_DIT38532_071320211246642_9396420,No
2631714,Beko,DIT38532 WS,,8690842571718,Standard,59.8,57,12,Yes,Stainless Steel,Fan-Assisted Dry,Top Controls,239,307,22,3.02,5,40,No,,,,,08/15/2022,07/31/2023,"United States, Canada",ES_1036108_DIT38532 WS_011820232148253_1259905,No
2582155,Beko,DIT39434,,8690842445095,Standard,59.8,57,12,Yes,Stainless Steel,Fan-Assisted Dry,Top Controls,230,307,25,2.45,5,51,No,,,,,09/01/2021,07/18/2023,"United States, Canada",ES_1036108_DIT39434_071320211246573_8405419,No
2582147,Beko,DIT39434**,"DIT39434C2,DIT39434C2,",8690842556654,Standard,59.8,57,12,Yes,Stainless Steel,Fan-Assisted Dry,Top Controls,230,307,25,2.45,5,51,No,,,,,10/31/2022,07/18/2023,"United States, Canada",ES_1036108_DIT39434**_092220221047753_7049219,No
2583307,Beko,DUT25401**,"DUT25401B,DUT25401B,; DUT25401W,DUT25401W,; DUT25401X,DUT25401X,",8690842164941;8690842165177;8690842165184,Standard,59.8,55,12,Yes,Stainless Steel,Condensation Dry,Top Controls,234,307,24,2.66,5,47,No,,,,,11/15/2017,07/18/2023,"United States, Canada",ES_1036108_DUT25401**_12222017221204_0724796,No
2583306,Beko,DUT25401***,"DUT25401BHW,DUT25401BHW,; DUT25401WHW,DUT25401WHW,; DUT25401XHW,DUT25401XHW,",8690842519727;8690842519734;8690842519741,Standard,59.8,55,12,Yes,Stainless Steel,Condensation Dry,Top Controls,234,307,24,2.66,5,47,No,,,,,11/15/2017,07/18/2023,"United States, Canada",ES_1036108_DUT25401***_013020221937239_1416353,No
2587142,Beko,DUT36520***,"DUT36520W,DUT36520W,; DUT36520X,DUT36520X,",8690842284212;8690842284656,Standard,59.8,57,12,Yes,Stainless Steel,Fan-Assisted Dry,Front Controls,225,307,27,2.36,5,53,No,,,,,12/29/2017,07/19/2023,"United States, Canada",ES_1036108_DUT36520***_09202019190145_6105236,Yes
2582000,Beko,DUT36522***,"DUT36522W,DUT36522W,; DUT36522X,DUT36522X,",8690842443596;8690842444746,Standard,59.8,57,12,Yes,Stainless Steel,Fan-Assisted Dry,Top Controls,230,307,25,2.37,5,53,No,,,,,09/01/2021,07/18/2023,"United States, Canada",ES_1036108_DUT36522***_07132021124630_2932319,No
2581760,Bertazzoni,DW18S2IPV,,8057971102228,Standard,17.6,21.6,8,No,Stainless Steel,Condensation Dry,Top Controls,239,307,22,3.1,5,38,No,,,,,08/15/2023,07/18/2023,"United States, Canada",ES_1133661_DW18S2IPV_07172023143153_2947841,No
2581762,Bertazzoni,DW18S2IXV,,8057971102211,Standard,17.6,22.5,8,No,Stainless Steel,Condensation Dry,Top Controls,239,307,22,3.1,5,38,No,,,,,08/15/2023,07/18/2023,"United States, Canada",ES_1133661_DW18S21XV_071720231431161_6079381,No
2581763,Bertazzoni,DW24S2IPB,,8057971102204,Standard,23.6,21.6,15,No,Stainless Steel,Condensation Dry,Top Controls,239,307,22,3.1,5,38,No,,,,,08/15/2023,07/18/2023,"United States, Canada",ES_1133661_DW24S2IPB_071720231431632_8881253,No
2581758,Bertazzoni,DW24S3IPV,,8057971102167,Standard,23.6,21.6,15,No,Stainless Steel,Fan-Assisted Dry,Third Rack,234,307,24,3,5,40,No,,,,,08/15/2023,07/18/2023,"United States, Canada",ES_1133661_DW24S3IPV_071720231431480_9011164,No
2581759,Bertazzoni,DW24T2IPB,,8057971102181,Standard,23.6,21.6,15,No,Stainless Steel,Condensation Dry,Top Controls,239,307,22,3.1,5,38,No,,,,,08/15/2023,07/18/2023,"United States, Canada",ES_1133661_DW24T2IPB_071720231431503_5369254,No
2581761,Bertazzoni,DW24T2IXB,,8057971102174,Standard,23.6,22.5,15,No,Stainless Steel,Condensation Dry,Top Controls,239,307,22,3.1,5,38,No,,,,,08/15/2023,07/18/2023,"United States, Canada",ES_1133661_DW24T2IXB_071720231431480_1635191,No
2581755,Bertazzoni,DW24T3IPT,,8057971102129,Standard,23.6,21.6,15,Yes,Stainless Steel,Fan-Assisted Dry,Third Rack,234,307,24,3,5,40,No,,,,,08/15/2023,07/18/2023,"United States, Canada",ES_1133661_DW24T3IPT_071720231431248_4844218,No
2581756,Bertazzoni,DW24T3IPV,,8057971102143,Standard,23.6,21.6,15,No,Stainless Steel,Fan-Assisted Dry,Third Rack,234,307,24,3,5,40,No,,,,,08/15/2023,07/18/2023,"United States, Canada",ES_1133661_DW24T3IPV_071720231431922_1398888,No
2407262,Crosley,XDF35***R***,,084691877325;084691877332;084691877349,Standard,23.8,24,10,No,Plastic,Heated Dry,"Front Controls,Hard Food Filter,Cycle Status Lights",240,307,22,3.2,5,36,No,,,,,01/16/2023,01/20/2023,"United States, Canada",ES_1123206_XDF35***R***_01242023081351_80153101,No
2732683,Dacor,DDW24G9000AP,,887276819853,Standard,23.5,22.8,14,Yes,Stainless Steel,Automatic Door Release,"Top Controls,Cycle Status Lights,Hard Food Filter,Third Rack",225,307,27,3.2,5,36,No,,,,,03/22/2024,11/14/2023,"United States, Canada",ES_1016518_DDW24G9000AP_11142023105452_80188705,Yes
2507600,Danby,DDW1805EWP,,067638004633,Standard,17.6,23.6,8,Yes,Stainless Steel,Air Dry,None,240,307,22,3.2,5,36,No,,,,,04/01/2023,04/14/2023,"United States, Canada",ES_0092264_DDW1805EWP_05292023110806_80164647,No
2635908,Danby,DDW1832ESS,,067638031561,Standard,17.6,22.4,10,Yes,Stainless Steel,Fan-Assisted Dry,"Top Controls,Hard Food Filter",234,307,24,3,5,40,No,,,,,08/17/2023,08/16/2023,"United States, Canada",ES_31682_DDW1832ESS_081520232159138_2583986,No
2642171,Danby,DDW18D1EB,,067638025829,Standard,17.7,22.5,10,Yes,Stainless Steel,Condensation Dry,"Front Controls,Hard Food Filter",239,307,22,3.1,5,38,No,,,,,08/21/2023,08/23/2023,"United States, Canada",ES_31682_DDW18D1EB_113020200741580_9381927,No
2642170,Danby,DDW18D1ESS,,067638025843,Standard,17.7,22.5,10,Yes,Stainless Steel,Condensation Dry,"Front Controls,Hard Food Filter",239,307,22,3.1,5,38,No,,,,,08/21/2023,08/23/2023,"United States, Canada",ES_31682_DDW18D1ESS_081620211049560_2597284,No
2642172,Danby,DDW18D1EW,,067638025836,Standard,17.7,22.5,10,Yes,Stainless Steel,Condensation Dry,"Front Controls,Hard Food Filter",239,307,22,3.1,5,38,No,,,,,08/21/2023,08/23/2023,"United States, Canada",ES_31682_DDW18D1EW_08162021104926_6549249,No
3387721,Danby,DDW2400ESS,,067638032179,Standard,23.6,22.4,15,Yes,Stainless Steel,Condensation Dry,Front Controls,239,307,22,3.1,5,38,No,,,,,04/01/2024,01/25/2024,"United States, Canada",ES_31682_DDW2400ESS_012320241826627_7574655,No
3387722,Danby,DDW2400EW,,067638032193,Standard,23.6,22.4,15,Yes,Stainless Steel,Condensation Dry,Front Controls,239,307,22,3.1,5,38,No,,,,,04/01/2024,01/25/2024,"United States, Canada",ES_31682_DDW2400DW_012320241826777_1773521,No
2507984,Danby,DDW2404EBSS,,067638013321,Standard,23.5,22.6,8,Yes,Stainless Steel,Heated Dry,Self-Cleaning Filter,240,307,22,3.2,5,36,No,,,,,05/10/2023,06/07/2023,"United States, Canada",ES_31682_DDW2404EBSS_060720230858172_3658188,No
2507598,Danby,DDW621WDB,,067638004633,Compact,21.7,19.7,6,Yes,Hybrid (Plastic & Steel),Air Dry,None,155,222,30,2,3.5,43,No,,,,,04/01/2023,04/14/2023,"United States, Canada",ES_0092264_DDW621WDB_05292023110806_80164647,No
2507599,Danby,DDW631SDB,,067638012355,Compact,21.7,19.7,6,Yes,Hybrid (Plastic & Steel),Air Dry,None,155,222,30,2,3.5,43,No,,,,,04/01/2023,04/14/2023,"United States, Canada",ES_0092264_DDW631SDB_05292023110806_80164647,No
2507983,Edgestar,BIDW1802**,",,Remark * could be A-Z, a-z, 0-9, - or blank.",,Standard,17.6,22.4,8,Yes,Stainless Steel,Heated Dry,None,234,307,24,3.1,5,38,No,,,,,05/10/2023,06/07/2023,United States,ES_1092191_BIDW1802**_06072023075299_1325487,No
2507601,Edgestar,DWP63**,,,Compact,21.7,19.7,6,Yes,Hybrid (Plastic & Steel),Air Dry,None,155,222,30,2,3.5,43,No,,,,,04/01/2023,04/14/2023,"United States, Canada",ES_0092264_DWP63**_05292023110806_80164647,No
2453046,Electrolux,EDSH4944****,"EDSH4944BS,EDSH4944BS,",012505115912;12505115912,Standard,23.8,24.3,12,Yes,Stainless Steel,Fan-Assisted Dry,Top Controls,240,307,22,3.2,5,36,No,,,,,07/17/2023,04/06/2023,"United States, Canada",ES_1021080_EDSH4944****_040320230316646_4487455,No
4437444,Electrolux,EDSP4944**,",EDSP4944CS,",012505116612,Standard,23.8,24.3,12,Yes,Stainless Steel,Fan-Assisted Dry,Top Controls,240,307,22,3.2,5,36,No,,,,,07/01/2025,06/13/2025,"United States, Canada",ES_1021080_EDSP4944**_06092025170055_5867904,No
4481117,Electrolux,EDSR1832AP,,012505116766,Standard,17.6,22.6,8,Yes,Stainless Steel,Heated Dry,Front Controls,234,307,24,3.1,5,38,No,,,,,08/01/2025,08/07/2025,"United States, Canada",ES_1021080_EDSR1832AP_080720250133223_6141169,No
4481116,Electrolux,EDSR4932AP,,012505116773,Standard,23.5,22.6,10,Yes,Stainless Steel,Heated Dry,Front Controls,234,307,24,3.2,5,36,No,,,,,08/01/2025,08/07/2025,"United States, Canada",ES_1021080_EDSR4932AP_080720250034199_3043683,No
3354463,ELEMENT,ENB5322HE**,",,* could be A-Z, a-z, 0-9, - or blank.",810649033242;810649033259;810649033266,Standard,23.6,22.7,12,Yes,Hybrid (Plastic & Steel),Heated Dry,Top Controls,240,307,22,3.2,5,36,No,,,,,09/01/2023,12/28/2023,United States,ES_1145034_ENB5322HE**_122820230705627_1322568,No
3530994,ELEMENT,ENB6631PE**,",,Remark: * could be A-Z, a-z, 0-9, - or blank.",810649033426;810649033433;810649033440,Standard,17.6,22.6,8,Yes,Stainless Steel,Heated Dry,None,234,307,24,3.1,5,38,No,,,,,05/01/2024,05/22/2024,United States,ES_1145034_ENB6631PE**_05222024030778_1812851,No
2473582,ELEMENT,ENB6632PE**,",,Remark: * could be A-Z, a-z, 0-9, - or blank",810649030500;810649032436;810649032443,Standard,23.9,24.5,8,Yes,Stainless Steel,Heated Dry,None,240,307,22,3.2,5,36,No,,,,,04/10/2023,05/10/2023,United States,ES_1145034_ENB6632PE**_051020230744813_3530192,No
3845273,Elisii,DDWBI884*,",,Remark * could be A-Z, a-z, 0-9, - or blank",686136180221;686136180238;686136180245,Standard,23.6,22.7,12,Yes,Hybrid (Plastic & Steel),Heated Dry,None,240,307,22,3.2,5,36,No,,,,,11/20/2024,12/11/2024,United States,ES_1142511_DDWBI884*_121120240711932_2292090,No
4478510,EMPAVA,EMPV-24BDW50,,,Standard,23.9,22.6,15,Yes,Stainless Steel,Automatic Door Release,None,240,307,22,3.2,5,36,No,,,,,07/02/2025,07/15/2025,"United States, Canada",ES_1152312_EMPV-24BDW50_071520250258676_9440066,No
4478512,EMPAVA,EMPV-24BDW51,,,Standard,23.9,22.6,15,Yes,Stainless Steel,Automatic Door Release,None,240,307,22,3.2,5,36,No,,,,,07/02/2025,07/15/2025,"United States, Canada",ES_1152312_EMPV-24BDW51_071520250256106_6213011,No
4478515,EMPAVA,EMPV-24BDW52,,,Standard,23.9,22.6,15,Yes,Stainless Steel,Automatic Door Release,None,240,307,22,3.2,5,36,No,,,,,07/02/2025,07/15/2025,"United States, Canada",ES_1152312_EMPV-24BDW52_071520250256233_9136896,No
4478516,EMPAVA,EMPV-24BDW53,,,Standard,23.9,22.6,15,Yes,Stainless Steel,Automatic Door Release,None,240,307,22,3.2,5,36,No,,,,,07/02/2025,07/15/2025,"United States, Canada",ES_1152312_EMPV-24BDW53_07152025025644_2696940,No
4478513,EMPAVA,EMPV-24BDW54,,,Standard,23.9,22.6,15,Yes,Stainless Steel,Automatic Door Release,None,240,307,22,3.2,5,36,No,,,,,07/02/2025,07/15/2025,"United States, Canada",ES_1152312_EMPV-24BDW54_071520250257272_1580690,No
4478511,EMPAVA,EMPV-24BDW55,,,Standard,23.9,22.6,15,Yes,Stainless Steel,Automatic Door Release,None,240,307,22,3.2,5,36,No,,,,,07/02/2025,07/15/2025,"United States, Canada",ES_1152312_EMPV-24BDW55_071520250257124_8054042,No
4478514,EMPAVA,EMPV-24BDW56,,,Standard,23.9,22.6,15,Yes,Stainless Steel,Automatic Door Release,None,240,307,22,3.2,5,36,No,,,,,07/02/2025,07/15/2025,"United States, Canada",ES_1152312_EMPV-24BDW56_071520250257726_3217387,No
2485661,Insignia,NS-DWR3SS1,,600603257179,Standard,23.9,24.5,8,Yes,Stainless Steel,Heated Dry,None,240,307,22,3.2,5,36,No,,,,,04/01/2023,05/16/2023,"United States, Canada",ES_1059185_NS-DWR3SS1_051620230611221_2698880,No
2472794,Insignia,NS-DWRF2*****,",,Remark: * could be A-Z, a-z, 0-9, - or blank",600603275272;600603288289,Standard,23.9,24.5,8,Yes,Stainless Steel,Heated Dry,None,240,307,22,3.2,5,36,No,,,,,04/10/2023,05/05/2023,"United States, Canada",ES_1059185_NS-DWRF2*****_05052023085294_4983437,No
2732275,JennAir,JDAF3924RX,,883049663050,Standard,23.6,21.9,12,Yes,Stainless Steel,Automatic Door Release,Hard Food Filter,240,307,22,3.2,5,36,No,,,,,09/01/2023,08/14/2023,"United States, Canada",ES_22856_JDAF3924RX_080920231956843_5474968,No
2635754,JennAir,JDAF5924RL,,883049663029,Standard,23.6,22.6,12,Yes,Stainless Steel,Automatic Door Release,Hard Food Filter,240,307,22,3.2,5,36,No,,,,,09/01/2023,08/14/2023,"United States, Canada",ES_22856_JDAF5924RL_080920231956423_8763578,No
2635750,JennAir,JDAF5924RM,,883049663036,Standard,23.6,22.6,12,Yes,Stainless Steel,Automatic Door Release,Hard Food Filter,240,307,22,3.2,5,36,No,,,,,09/01/2023,08/14/2023,"United States, Canada",ES_22856_JDAF5924RM_080920231956867_3271819,No
2635751,JennAir,JDAF5924RX,,883049663043,Standard,23.6,21.9,12,Yes,Stainless Steel,Automatic Door Release,Hard Food Filter,240,307,22,3.2,5,36,No,,,,,09/01/2023,08/14/2023,"United States, Canada",ES_22856_JDAF5924RX_080920231956462_8545810,No
2460518,JennAir,JDPSG244P**,,883049679990,Standard,23.9,24.5,12,Yes,Stainless Steel,"Fan-Assisted Dry,Heated Dry","Top Controls,Cycle Status Lights,Hard Food Filter,Third Rack",240,307,22,3.2,5,36,No,,,,,06/30/2023,04/19/2023,"United States, Canada",ES_22856_JDPSG244P**_041320231403332_4471431,No
2460514,JennAir,JDPSS244P**,,883049680200;883049680217,Standard,23.9,24.5,12,Yes,Stainless Steel,"Fan-Assisted Dry,Heated Dry","Top Controls,Cycle Status Lights,Hard Food Filter,Third Rack",240,307,22,3.2,5,36,No,,,,,06/30/2023,04/19/2023,"United States, Canada",ES_22856_JDPSS244P**_041320231403530_6286226,No
3990076,JennAir,JDTS3924S**,",JDTS3924SL,; ,JDTS3924SM,; ,JDTS3924SP,",883049696201;883049696218;883049696225,Standard,23.9,24.5,12,Yes,Stainless Steel,"Automatic Door Release,Fan-Assisted Dry,Heated Dry","Top Controls,Cycle Status Lights,Hard Food Filter,Third Rack",240,307,22,3.2,5,36,No,,,,,02/25/2025,01/31/2025,"United States, Canada",ES_22856_JDTS3924S**_01302025121615_3086893,No
2642161,Kenmore,1458#,",14582,; ,14585,; ,14589,",843086105357;843086105364;843086105371,Standard,23.6,24.6,15,Yes,Stainless Steel,Condensation Dry,Front Controls,239,307,22,3.1,5,38,No,,,,,11/01/2023,08/23/2023,"United States, Canada",ES_15649_1458#_082120230218309_9654371,No
2642167,Kenmore,1459#,",14592,; ,14595,; ,14599,",843086105388;843086105395;843086105401,Standard,23.6,24.6,15,Yes,Stainless Steel,Condensation Dry,Front Controls,239,307,22,3.1,5,38,No,,,,,11/01/2023,08/23/2023,"United States, Canada",ES_15649_1459#_08212023021725_3298000,No
2642166,Kenmore,1460#,",14602,; ,14605,; ,14609,",843086105418;843086105425;843086105432,Standard,23.6,24.6,15,Yes,Stainless Steel,Fan-Assisted Dry,"Front Controls,Third Rack",234,307,24,3,5,40,No,,,,,11/01/2023,08/23/2023,"United States, Canada",ES_15649_1460#_082120230218856_2092627,No
2642162,Kenmore,1462#,",14622,; ,14625,; ,14629,",843086105449;843086105456;843086105463,Standard,23.6,24.6,15,Yes,Stainless Steel,Fan-Assisted Dry,"Top Controls,Third Rack",234,307,24,3,5,40,No,,,,,11/01/2023,08/23/2023,"United States, Canada",ES_15649_1462#_082120230217729_4939869,No
2642168,Kenmore,1463#,",14632,; ,14635,; ,14639,",843086105470;843086105487;843086105494,Standard,23.6,24.6,15,Yes,Stainless Steel,Fan-Assisted Dry,"Top Controls,Third Rack",234,307,24,3,5,40,No,,,,,11/01/2023,08/23/2023,"United States, Canada",ES_15649_1463#_082120230217968_6588354,No
2642164,Kenmore,1464#,",14642,; ,14645,; ,14649,",843086105500;843086105517;843086110764,Standard,23.6,24.6,15,Yes,Stainless Steel,Fan-Assisted Dry,"Top Controls,Third Rack",234,307,24,3,5,40,No,,,,,02/01/2024,08/23/2023,"United States, Canada",ES_15649_1464#_082120230217444_9453557,No
2642169,Kenmore,1467#,",14672,; ,14675,; ,14679,",843086110771;843086110788;843086110795,Standard,23.6,24.6,15,Yes,Stainless Steel,Fan-Assisted Dry,"Top Controls,Third Rack",234,307,24,3,5,40,No,,,,,02/01/2024,08/23/2023,"United States, Canada",ES_15649_1467#_082120230218106_9729472,No
2642165,Kenmore,1468#,",14682,; ,14685,; ,14689,",843086110801;843086110818;843086110825,Standard,23.6,24.6,15,Yes,Stainless Steel,Fan-Assisted Dry,"Top Controls,Third Rack",234,307,24,3,5,40,No,,,,,02/01/2024,08/23/2023,"United States, Canada",ES_15649_1468#_08212023021773_5659606,No
2642163,Kenmore,1469#,",14692,; ,14695,; ,14699,",843086110832;843086110849;843086110887,Standard,23.6,24.6,15,Yes,Stainless Steel,Fan-Assisted Dry,"Top Controls,Third Rack",234,307,24,3,5,40,No,,,,,02/01/2024,08/23/2023,"United States, Canada",ES_15649_1469#_082120230217769_7891791,No
2777609,Kenmore,1470#,",14702,; ,14705,; ,14709,",843086110856;843086110863;843086110870,Standard,17.6,22.4,10,Yes,Stainless Steel,Fan-Assisted Dry,"Front Controls,Third Rack",234,307,24,3,5,40,No,,,,,04/01/2024,11/27/2023,"United States, Canada",ES_15649_1470#_112120232128878_7847162,No
3892692,Kenmore,405.1478#,",,Remark: # could be A-Z, a-z, 0-9, - or blank",843086124785;843086124792;843086124808,Standard,23.6,22.7,12,Yes,Hybrid (Plastic & Steel),Heated Dry,None,240,307,22,3.2,5,36,No,,,,,12/10/2024,01/10/2025,United States,ES_15649_405.1478#_011020250518875_9962233,No
4498445,Kenmore,KKDW2R******,",,* indicates a combination of letters, or numbers, or numbers with letters",,Standard,23.9,22.6,14,Yes,Stainless Steel,Automatic Door Release,None,240,307,22,3.2,5,36,No,,,,,09/04/2025,09/09/2025,"United States, Canada",ES_1137414_KKDW2R******_090920250237951_1504368,No
4498444,Kenmore,KKDW2RGH******,",,* indicates a combination of letters, or numbers, or numbers with letters",,Standard,23.9,22.6,14,Yes,Stainless Steel,Automatic Door Release,None,240,307,22,3.2,5,36,No,,,,,09/04/2025,09/09/2025,"United States, Canada",ES_1137414_KKDW2RGH******_09092025023992_8966874,No
4498446,Kenmore,KKDW2RPH******,",,* indicates a combination of letters, or numbers, or numbers with letters",,Standard,23.9,22.6,14,Yes,Stainless Steel,Automatic Door Release,None,240,307,22,3.2,5,36,No,,,,,09/04/2025,09/09/2025,"United States, Canada",ES_1137414_KKDW2RPH******_090920250239853_4159762,No
4498448,Kenmore,KKDW3R******,",,* indicates a combination of letters, or numbers, or numbers with letters",,Standard,23.9,22.6,14,Yes,Stainless Steel,Automatic Door Release,None,240,307,22,3.2,5,36,No,,,,,09/04/2025,09/09/2025,"United States, Canada",ES_1137414_KKDW3R******_090920250250818_1686161,No
4498450,Kenmore,KKDW3RGH******,",,* indicates a combination of letters, or numbers, or numbers with letters",,Standard,23.9,22.6,14,Yes,Stainless Steel,Automatic Door Release,None,240,307,22,3.2,5,36,No,,,,,09/04/2025,09/09/2025,"United States, Canada",ES_1137414_KKDW3RGH******_090920250250403_6682577,No
4478517,EMPAVA,EMPV-24BDW57,,,Standard,23.9,22.6,15,Yes,Stainless Steel,Automatic Door Release,None,240,307,22,3.2,5,36,No,,,,,07/02/2025,07/15/2025,"United States, Canada",ES_1152312_EMPV-24BDW57_071520250257691_8386105,No
2740441,Equator,BB 1840,,747037118437,Standard,17.6,22.4,10,Yes,Stainless Steel,Condensation Dry,Front Controls,239,307,22,3.1,5,38,No,,,,,12/01/2023,12/15/2023,"United States, Canada",ES_40188_BB 1840_082220220240911_2871377,No
2740435,Equator,BB 82,,747037522128,Standard,23.5,22.4,15,Yes,Stainless Steel,Condensation Dry,Front Controls,239,307,22,3.1,5,38,No,,,,,01/01/2024,12/15/2023,"United States, Canada",ES_40188_BB 82_033020210917615_4309070,No
2740438,Equator,BBT 2440,,747037124438,Standard,23.5,22.4,15,Yes,Stainless Steel,Fan-Assisted Dry,Top Controls,239,307,22,3.1,5,38,No,,,,,02/01/2024,12/15/2023,"United States, Canada",ES_40188_BBT 2440_082220220240688_8903470,No
2740442,Equator,SB 1840,,747037118413,Standard,17.6,22.4,10,Yes,Stainless Steel,Condensation Dry,Front Controls,239,307,22,3.1,5,38,No,,,,,12/01/2023,12/15/2023,"United States, Canada",ES_40188_SB 1840_082220220240454_7688819,No
2740437,Equator,SB 82,,747037523132,Standard,23.5,22.4,15,Yes,Stainless Steel,Condensation Dry,Front Controls,239,307,22,3.1,5,38,No,,,,,01/01/2024,12/15/2023,"United States, Canada",ES_40188_SB 82_033020210917881_3114348,No
2740440,Equator,SBT 2440,,747037124414,Standard,23.5,22.4,15,Yes,Stainless Steel,Fan-Assisted Dry,Top Controls,239,307,22,3.1,5,38,No,,,,,02/01/2024,12/15/2023,"United States, Canada",ES_40188_SBT 2440_082220220240958_1405954,No
2740443,Equator,WB 1840,,747037118420,Standard,17.6,22.4,10,Yes,Stainless Steel,Condensation Dry,Front Controls,239,307,22,3.1,5,38,No,,,,,12/01/2023,12/15/2023,"United States, Canada",ES_40188_WB 1840_082220220240447_9461373,No
2740436,Equator,WB 82,,747037521114,Standard,23.5,22.4,15,Yes,Stainless Steel,Condensation Dry,Front Controls,239,307,22,3.1,5,38,No,,,,,01/01/2024,12/15/2023,"United States, Canada",ES_40188_WB 82_033020210917371_4901095,No
2740439,Equator,WBT 2440,,747037124421,Standard,23.5,22.4,15,Yes,Stainless Steel,Fan-Assisted Dry,Top Controls,239,307,22,3.1,5,38,No,,,,,02/01/2024,12/15/2023,"United States, Canada",ES_40188_WBT 2440_08222022024075_1299073,No
2557713,Fisher & Paykel,DD24DTX6I1,",,Double drawer tall tub, ss tub, integrated",822843821624,Standard,23.6,22.5,14,Yes,Stainless Steel,Fan-Assisted Dry,Top Controls,202,307,34,3.1,5,38,No,,,,,04/14/2022,07/12/2023,"United States, Canada",ES_31708_DD24DTX6I1_052620211017763_6070550,Yes
2557712,Fisher & Paykel,DD24DTX6PX1,",,Double drawer tall tub, ss tub, classic, ss color",822843823970,Standard,23.6,22.5,14,Yes,Stainless Steel,Fan-Assisted Dry,Top Controls,202,307,34,3.1,5,38,No,,,,,04/14/2022,05/14/2024,"United States, Canada",ES_31708_DD24DTX6PX1_012720221807443_3125940,Yes
2631916,Fisher & Paykel,DD24SAX9,,822843810949,Compact,23.6,22.6,7,No,Plastic,Fan-Assisted Dry,Front Controls,134,222,40,1.9,3.5,46,No,,,,,12/18/2016,08/07/2023,"United States, Canada",ES_31708_DD24SAX9_073020231456566_1602170,No
2631918,Fisher & Paykel,DD24SCTX9,,822843810970,Compact,23.6,22.6,7,No,Plastic,Fan-Assisted Dry,Front Controls,134,222,40,1.9,3.5,46,No,,,,,12/18/2016,08/07/2023,"United States, Canada",ES_31708_DD24SCTX9_073020231456899_9725485,No
2631911,Fisher & Paykel,DD24SDFTX9,,822843812233,Compact,23.6,22.6,7,No,Plastic,Fan-Assisted Dry,Top Controls,134,222,40,1.9,3.5,46,No,,,,,01/11/2017,08/07/2023,"United States, Canada",ES_31708_DD24SDFTX9_07302023145643_1333124,No
2631915,Fisher & Paykel,DD24SI9,,822843812219,Compact,23.6,21.8,7,No,Plastic,Fan-Assisted Dry,Top Controls,134,222,40,1.9,3.5,46,No,,,,,01/11/2017,08/07/2023,"United States, Canada",ES_31708_DD24SI9_073020231456730_3250360,No
2631914,Fisher & Paykel,DD24STI9,,822843812202,Compact,23.6,21.8,7,No,Plastic,Fan-Assisted Dry,Top Controls,134,222,40,1.9,3.5,46,No,,,,,01/11/2017,08/07/2023,"United States, Canada",ES_31708_DD24STI9_07302023145658_6287152,No
2589937,Fisher & Paykel,DD24STX6I1,,822843821662,Compact,23.6,21.8,7,No,Stainless Steel,Fan-Assisted Dry,Top Controls,114,222,49,1.59,3.5,55,No,,,,,05/04/2022,07/19/2023,"United States, Canada",ES_31708_DD24STX6I1_071920230110945_3378435,No
2589938,Fisher & Paykel,DD24STX6PX1,,822843823987,Compact,23.6,27.8,7,No,Stainless Steel,Fan-Assisted Dry,Top Controls,114,222,49,1.59,3.5,55,No,,,,,05/04/2022,07/19/2023,"United States, Canada",ES_31708_DD24STX6PX1_071920230110167_4062692,No
2631912,Fisher & Paykel,DD24SV2T9,,780405713278,Compact,23.8,22.8,7,No,Plastic,Fan-Assisted Dry,Top Controls,134,222,40,1.9,3.5,46,No,,,,,01/11/2017,08/07/2023,"United States, Canada",ES_31708_DD24SV2T9_073020231456856_8264658,No
2545290,Fisher&Paykel,DW24U6I1,,822843818723,Standard,23,22,14,No,Stainless Steel,Air Dry,None,232,307,24,3.2,5,36,No,,,,,06/14/2023,06/29/2023,"United States, Canada",ES_31708_DW24U6I1_062920230627513_2119580,No
2407446,Fisher&Paykel,DW24UNT2X2,,,Standard,23,22,15,No,Stainless Steel,Fan-Assisted Dry,None,224,307,27,3.2,5,36,No,,,,,01/11/2023,01/30/2023,"United States, Canada",ES_31708_DW24UNT2X2_013020230130612_9138781,Yes
2403644,Fisher&Paykel,DW24UNT4X2,,,Standard,23,22,15,No,Stainless Steel,Fan-Assisted Dry,None,210,307,32,3.2,5,36,No,,,,,01/13/2023,10/26/2022,"United States, Canada",ES_31708_DW24UNT4X2_10262022070844_4811368,Yes
2407447,Fisher&Paykel,DW24UT2I2,,,Standard,23,22,15,No,Stainless Steel,Fan-Assisted Dry,None,224,307,27,3.2,5,36,No,,,,,01/11/2023,01/30/2023,"United States, Canada",ES_31708_DW24UT2I2_013020230130642_4219690,Yes
2403645,Fisher&Paykel,DW24UT4I2,,,Standard,23,22,15,No,Stainless Steel,Fan-Assisted Dry,None,210,307,32,3.2,5,36,No,,,,,01/13/2023,10/26/2022,"United States, Canada",ES_31708_DW24UT4I2_102620220709899_2151642,Yes
2485657,Forno,FDWBI8067-24S,,686136980074,Standard,23.9,24.5,8,Yes,Stainless Steel,Heated Dry,None,240,307,22,3.2,5,36,No,,,,,04/01/2023,05/16/2023,"United States, Canada",ES_1142511_FDWBI8067-24S_051620230707272_3621724,No
3543496,Fotile,SD1F-S1,,,Compact,17,12.5,4,No,Stainless Steel,Heated Dry,Top Controls,155,222,30,2,3.5,43,No,,,,,05/31/2024,05/16/2024,"United States, Canada",ES_1149510_SD1F-S1_06132024133019_7016747,No
3531190,Fotile,SD2F-P5,"In-Sink Dishwasher,SD2F-P5L,",850043475125,Compact,17,12.5,4,No,Stainless Steel,Heated Dry,Top Controls,155,222,30,2,3.5,43,No,,,,,05/31/2024,05/16/2024,"United States, Canada",ES_1149510_SD2F-P5_05312024095512_5425482,No
3543495,Fotile,SD2F-P5L,,,Compact,17,12.5,4,No,Stainless Steel,Heated Dry,Top Controls,155,222,30,2,3.5,43,No,,,,,05/31/2024,05/16/2024,"United States, Canada",ES_1149510_SD2F-P5L_06132024133019_4168898,No
3553956,Frigidaire,FDHP4336**,",,* could be A-Z, a-z, 0-9, - or blank.",012505116537,Standard,23.6,22.7,12,Yes,Hybrid (Plastic & Steel),Heated Dry,Top Controls,240,307,22,3.2,5,36,No,,,,,07/01/2024,07/05/2024,"United States, Canada",ES_1021080_FDHP4336**_070520240356725_3403808,No
2503050,Frigidaire,FDPC4314****,",FDPC4314AB,; ,FDPC4314AS,; ,FDPC4314AW,",012505116155;012505116162;012505116179,Standard,24,25,12,Yes,Plastic,Heated Dry,Front Controls,240,307,22,3.2,5,36,No,,,,,06/15/2023,05/25/2023,"United States, Canada",ES_1021080_FDPC4314****_052520231309237_1830831,No
2503051,Frigidaire,FDPH4316****,",FDPH4316AB,; ,FDPH4316AD,; ,FDPH4316AS,; ,FDPH4316AW,",012505116186;012505116193;012505116209;012505116216,Standard,24,25,12,Yes,Plastic,Heated Dry,Top Controls,240,307,22,3.2,5,36,No,,,,,06/15/2023,05/25/2023,"United States, Canada",ES_1021080_FDPH4316****_05252023130976_7528183,No
2503049,Frigidaire,FDPH431L****,,012505116223,Standard,24,25,12,Yes,Plastic,Heated Dry,Top Controls,240,307,22,3.2,5,36,No,,,,,06/15/2023,05/25/2023,"United States, Canada",ES_1021080_FDPH431L****_052520231309867_4786675,No
2453045,Frigidaire,FDSH4501****,"FDSH4501AS,FDSH4501AS,",012502115998;12505115998,Standard,23.8,24.3,14,Yes,Stainless Steel,Fan-Assisted Dry,Hard Food Filter,240,307,22,3.2,5,36,No,,,,,07/15/2023,04/06/2023,"United States, Canada",ES_1021080_FDSH4501****_040320230316188_4795517,No
3892020,Frigidaire,FDSH4502BF,,012505116698,Standard,23.9,24.6,12,Yes,Hybrid (Plastic & Steel),Air Dry,Top Controls,229,307,25,2.9,5,42,No,,,,,12/01/2024,12/27/2024,"United States, Canada",ES_1021080_FDSH4502BF_122720240541146_2336446,No
2453047,Frigidaire,FDSH450L****,"FDSH450LAF,FDSH450LAF,",012505116001;12505116001,Standard,23.8,24.3,14,Yes,Stainless Steel,Fan-Assisted Dry,Hard Food Filter,240,307,22,3.2,5,36,No,,,,,07/15/2023,04/06/2023,"United States, Canada",ES_1021080_FDSH450L****_040320230316170_8194991,No
2631728,Frigidaire,FDSP4401***,"FDSP4401AS,FDSP4401AS,",012505116414,Standard,24,24.3,14,Yes,Stainless Steel,Fan-Assisted Dry,Top Controls,240,307,22,3.2,5,36,No,,,,,08/24/2023,08/01/2023,"United States, Canada",ES_1021080_FDSP4401***_073120231926304_8340459,No
2507819,Frigidaire,FDSP4501****,"FDSP4501AS,FDSP4501AS,",012505116391,Standard,23.8,24.3,14,Yes,Stainless Steel,Fan-Assisted Dry,Hard Food Filter,240,307,22,3.2,5,36,No,,,,,07/15/2023,05/31/2023,"United States, Canada",ES_1021080_FDSP4501****_05312023102602_3870604,No
2507820,Frigidaire,FDSP450L****,"FDSP450LAF,FDSP450LAF,",012505116407,Standard,23.8,24.3,14,Yes,Stainless Steel,Fan-Assisted Dry,Hard Food Filter,240,307,22,3.2,5,36,No,,,,,07/15/2023,05/31/2023,"United States, Canada",ES_1021080_FDSP450L****_053120231026963_1193873,No
3354577,Frigidaire,FDSR4501****,",FDSR4501AP,",012505116438,Standard,23.8,24.3,14,Yes,Stainless Steel,Fan-Assisted Dry,"Top Controls,Hard Food Filter",240,307,22,3.2,5,36,No,,,,,01/30/2024,01/02/2024,"United States, Canada",ES_1021080_FDSR4501****_122620232303831_7191286,No
2453141,Frigidaire,FFBD1831UB,,012505115752,Standard,17.6,22.6,8,Yes,Stainless Steel,Heated Dry,None,240,307,22,3.2,5,36,No,,,,,03/01/2023,04/11/2023,"United States, Canada",ES_1021080_FFBD1831UB_041120230257234_1224583,No
2453140,Frigidaire,FFBD1831US,,012505115738,Standard,17.6,22.6,8,Yes,Stainless Steel,Heated Dry,None,240,307,22,3.2,5,36,No,,,,,03/01/2023,04/11/2023,"United States, Canada",ES_1021080_FFBD1831US_041120230257159_6940314,No
2453139,Frigidaire,FFBD1831UW,,012505115745,Standard,17.6,22.6,8,Yes,Stainless Steel,Heated Dry,None,240,307,22,3.2,5,36,No,,,,,03/01/2023,04/11/2023,"United States, Canada",ES_1021080_FFBD1831UW_041120230257388_9664158,No
2453142,Frigidaire,FFBD2420UB,,012505115721,Standard,23.5,22.6,8,Yes,Stainless Steel,Heated Dry,Self-Cleaning Filter,240,307,22,3.2,5,36,No,,,,,03/01/2023,04/11/2023,"United States, Canada",ES_1021080_FFBD2420UB_041120230252482_4608500,No
2453143,Frigidaire,FFBD2420US,,012505115707,Standard,23.5,22.6,8,Yes,Stainless Steel,Heated Dry,Self-Cleaning Filter,240,307,22,3.2,5,36,No,,,,,03/01/2023,04/11/2023,"United States, Canada",ES_1021080_FFBD2420US_041120230253316_5011697,No
2453144,Frigidaire,FFBD2420UW,,012505115714,Standard,23.5,22.6,8,Yes,Stainless Steel,Heated Dry,Self-Cleaning Filter,240,307,22,3.2,5,36,No,,,,,03/01/2023,04/11/2023,"United States, Canada",ES_1021080_FFBD2420UW_041120230253683_5808583,No
2503048,Frigidaire,FFCD2413****,",FFCD2413UB,; ,FFCD2413US,; ,FFCD2413UW,",012505115332;012505115349;012505115356;12505115332;12505115349;12505115356,Standard,24,25,12,Yes,Plastic,Heated Dry,Top Controls,240,307,22,3.2,5,36,No,,,,,06/15/2023,05/25/2023,"United States, Canada",ES_1021080_FFCD2413****_052520231309163_8101732,No
2453042,Frigidaire,FPID2498****,"FPID2498SF,FPID2498SF,",012505115158;12505115158,Standard,23.8,24.3,14,Yes,Stainless Steel,Fan-Assisted Dry,Hard Food Filter,240,307,22,3.2,5,36,No,,,,,07/15/2023,04/06/2023,"United States, Canada",ES_1021080_FPID2498****_040320230316898_7263758,No
2507732,Frigidaire Gallery,GDPH4515***A,"GDPH4515AD,GDPH4515AD,; GDPH4515AF,GDPH4515AF,",012505116230;012505116278,Standard,24,25,12,Yes,Plastic,Heated Dry,Top Controls,240,307,22,3.2,5,36,No,,,,,07/15/2023,05/31/2023,"United States, Canada",ES_1021080_GDPH4515***A_010620221307268_5053198,No
3543363,Frigidaire Gallery,GDPH4525****,,012505116469,Standard,24,25,12,Yes,Plastic,Heated Dry,Top Controls,240,307,22,3.2,5,36,No,,,,,06/30/2024,06/07/2024,"United States, Canada",ES_1021080_GDPH4525****_060420242232897_6745701,No
2507733,Frigidaire Gallery,GDPP4515***A,"GDPP4515AF,GDPP4515AF,",012505116285,Standard,24,25,12,Yes,Plastic,Heated Dry,Top Controls,240,307,22,3.2,5,36,No,,,,,07/15/2023,05/31/2023,"United States, Canada",ES_1021080_GDPP4515***A_010620221307796_3837692,No
2507735,Frigidaire Gallery,GDPP4517***A,"GDPP4517AD,GDPP4517AD,; GDPP4517AF,GDPP4517AF,",012505116018;012505116025,Standard,24,25,12,Yes,Plastic,Heated Dry,Top Controls,240,307,22,3.2,5,36,No,,,,,07/15/2023,05/31/2023,"United States, Canada",ES_1021080_GDPP4517***A_01062022130755_8681160,No
2507814,Frigidaire Gallery,GDSH4714****,"GDSH4714AF,GDSH4714AF,",012505116315,Standard,24,24.3,14,Yes,Stainless Steel,Fan-Assisted Dry,Top Controls,240,307,22,3.2,5,36,No,,,,,07/15/2023,05/31/2023,"United States, Canada",ES_1021080_GDSH4714****_053020232144205_4828295,No
2507815,Frigidaire Gallery,GDSH4715****,"GDSH4715AD,GDSH4715AD,; GDSH4715AF,GDSH4715AF,",012505116339;012505116346,Standard,24,24.3,14,Yes,Stainless Steel,Fan-Assisted Dry,Top Controls,240,307,22,3.2,5,36,No,,,,,07/15/2023,05/31/2023,"United States, Canada",ES_1021080_GDSH4715****_053020232144198_2489117,No
4437443,Frigidaire Gallery,GDSH4735**,",GDSH4735AF,",012505116636,Standard,24,24.3,14,Yes,Stainless Steel,Fan-Assisted Dry,Top Controls,240,307,22,3.2,5,36,No,,,,,07/01/2025,06/13/2025,"United States, Canada",ES_1021080_GDSH4735**_060920251700525_1419373,No
3995520,Frigidaire Gallery,GDSP471****,",GDSP471TAF,",012505116711,Standard,24,24.3,14,Yes,Stainless Steel,Fan-Assisted Dry,Top Controls,240,307,22,3.2,5,36,No,,,,,03/15/2025,02/17/2025,"United States, Canada",ES_1021080_GDSH471****_021220251359250_7689675,No
2507817,Frigidaire Gallery,GDSP4714****,"GDSP4714AF,GDSP4714AF,",012505116322,Standard,24,24.3,14,Yes,Stainless Steel,Fan-Assisted Dry,Top Controls,240,307,22,3.2,5,36,No,,,,,07/15/2023,05/31/2023,"United States, Canada",ES_1021080_GDSP4714****_053020232144175_3383841,No
2507816,Frigidaire Gallery,GDSP4715****,"GDSP4715AF,GDSP4715AF,",012505116353,Standard,24,24.3,14,Yes,Stainless Steel,Fan-Assisted Dry,Top Controls,240,307,22,3.2,5,36,No,,,,,07/15/2023,05/31/2023,"United States, Canada",ES_1021080_GDSP4715****_053020232144122_5729552,No
4437442,Frigidaire Gallery,GDSP4735**,",GDSP4735AF,",012505116643,Standard,24,24.3,14,Yes,Stainless Steel,Fan-Assisted Dry,Top Controls,240,307,22,3.2,5,36,No,,,,,07/01/2025,06/13/2025,"United States, Canada",ES_1021080_GDSP4735**_060920251700582_1802131,No
2507813,Frigidaire Professional,PDSH4816****,"PDSH4816AF,PDSH4816AF,",012505116360,Standard,24,24.3,14,Yes,Stainless Steel,Fan-Assisted Dry,Top Controls,240,307,22,3.2,5,36,No,,,,,07/15/2023,05/31/2023,"United States, Canada",ES_1021080_PDSH4816****_053020232144107_2160390,No
3414135,FULGOR MILANO,F1DWS24FI1,,8019801033331,Standard,23.5,21.7,15,Yes,Stainless Steel,Condensation Dry,Top Controls,239,307,22,3.1,5,38,No,,,,,06/01/2024,02/12/2024,"United States, Canada",ES_1136869_F1DWS24FI1_020620241657882_2755103,No
3414134,FULGOR MILANO,F1DWT24FI1,,8019801033324,Standard,23.5,21.7,15,Yes,Stainless Steel,Condensation Dry,Top Controls,239,307,22,3.1,5,38,No,,,,,06/01/2024,02/12/2024,"United States, Canada",ES_1136869_F1DWT24FI1_020620241657271_9293119,No
3414136,FULGOR MILANO,F4DWS18FI1,,8019801027576,Standard,17.6,21.7,10,Yes,Stainless Steel,Condensation Dry,Top Controls,234,307,24,3,5,40,No,,,,,04/01/2024,02/12/2024,"United States, Canada",ES_1136869_F4DWS18FI1_03262021081717_7975786,No
3414137,FULGOR MILANO,F4DWS24FI1,,8019801027583,Standard,23.5,21.7,15,Yes,Stainless Steel,Condensation Dry,Top Controls,234,307,24,3,5,40,No,,,,,02/08/2024,02/12/2024,"United States, Canada",ES_1136869_F4DWS24FI1_032620210817211_5014104,No
3414140,FULGOR MILANO,F4DWT24DS1,,8019801027606,Standard,23.5,22.4,15,Yes,Stainless Steel,Condensation Dry,Top Controls,234,307,24,3,5,40,No,,,,,04/01/2024,02/12/2024,"United States, Canada",ES_1136869_F4DWT24DS1_032620210817651_2396593,No
3414138,FULGOR MILANO,F4DWT24FI1,,8019801027590,Standard,23.5,21.7,15,Yes,Stainless Steel,Condensation Dry,Top Controls,234,307,24,3,5,40,No,,,,,02/08/2024,02/12/2024,"United States, Canada",ES_1136869_F4DWT24FI1_032620210817368_8770399,No
3414139,FULGOR MILANO,F4DWT24SS1,,8019801027613,Standard,23.5,22.4,15,Yes,Stainless Steel,Condensation Dry,Top Controls,234,307,24,3,5,40,No,,,,,04/01/2024,02/12/2024,"United States, Canada",ES_1136869_F4DWT24SS1_032620210817855_6842505,No
2587152,FULGOR MILANO,F6DWT24FI2,,8690842240447,Standard,59.8,57,12,Yes,Stainless Steel,Fan-Assisted Dry,Front Controls,225,307,27,2.36,5,53,No,,,,,12/29/2017,07/19/2023,"United States, Canada",ES_1136869_F6DWT24FI2_04122019190912_6152078,Yes
2587144,FULGOR MILANO,F6DWT24SS2,,8690842239571,Standard,59.8,57,12,Yes,Stainless Steel,Fan-Assisted Dry,Front Controls,225,307,27,2.36,5,53,No,,,,,12/29/2017,07/19/2023,"United States, Canada",ES_1136869_F6DWT24SS2_06042019210302_2182192,Yes
3414141,FULGOR MILANO,F7DWS24FI1,,8019801033461,Standard,23.5,21.7,15,Yes,Stainless Steel,Fan-Assisted Dry,"Top Controls,Third Rack",234,307,24,3,5,40,No,,,,,04/01/2024,02/12/2024,"United States, Canada",ES_1136869_F7DWS24FI1_020620241657986_6297409,No
3414142,FULGOR MILANO,F7DWT24FI1,,8019801033454,Standard,23.5,21.7,15,Yes,Stainless Steel,Fan-Assisted Dry,"Top Controls,Third Rack",234,307,24,3,5,40,No,,,,,04/01/2024,02/12/2024,"United States, Canada",ES_1136869_F7DWT24FI1_020620241657543_7905415,No
3414143,FULGOR MILANO,F7DWT24SS1,,8019801033447,Standard,23.5,22.4,15,Yes,Stainless Steel,Fan-Assisted Dry,"Top Controls,Third Rack",234,307,24,3,5,40,No,,,,,04/01/2024,02/12/2024,"United States, Canada",ES_1136869_F7DWT24SS1_020620241657640_7183606,No
2649244,Gaggenau,DF211701,",DF210701,",825225971078;825225971085,Standard,24,34,13,Yes,Stainless Steel,Condensation Dry,"Top Controls,Cycle Status Lights,Third Rack",240,307,22,3.18,5,36,No,,,,,09/01/2023,08/28/2023,"United States, Canada",ES_31649_DF211701_08082023055755_8831140,No
2408033,Gaggenau,DF480701*,,825225968740;825225968757,Standard,24,34,13,Yes,Stainless Steel,Mineral Dry,"Top Controls,Cycle Status Lights,Third Rack",240,307,22,3.2,5,36,No,,,,,03/17/2023,02/10/2023,"United States, Canada",ES_31649_DF480701*_12202022073019_5226557,No
2408032,Gaggenau,DF481701*,,825225968764;825225968771,Standard,24,34,13,Yes,Stainless Steel,Mineral Dry,"Top Controls,Cycle Status Lights,Third Rack",240,307,22,3.2,5,36,No,,,,,03/17/2023,02/10/2023,"United States, Canada",ES_31649_DF481701*_12202022073019_1486780,No
2408235,GE,DDT70***N***,,084691848400;084691848417;084691848424;084691848431;084691857242;084691857259,Standard,23.8,24,12,Yes,Stainless Steel,Fan-Assisted Dry,"Top Controls,Hard Food Filter,Cycle Status Lights,Third Rack",240,307,22,3.2,5,36,No,,,,,02/27/2023,02/16/2023,"United States, Canada",ES_1123206_DDT70***N***_02172023081908_80153105,No
3417421,GE,GBF180S*M***,,067732153923;067732153947,Standard,17.7,22.4,8,Yes,Stainless Steel,Heated Dry,Front Controls,234,307,24,3.1,5,38,No,,,,,02/16/2024,02/15/2024,Canada,ES_1130609_GBF180S*M***_021320241902925_9154976,No
3417424,GE,GBF410S*P***,,067732155743;067732155750;067732155767,Standard,23.5,22.4,12,Yes,Stainless Steel,Heated Dry,Front Controls,234,307,24,3.2,5,36,No,,,,,02/16/2024,02/15/2024,Canada,ES_1130609_GBF410S*P***_021320241901461_3266736,No
3417422,GE,GBF412S*M***,,067732153954;067732153961;067732153978,Standard,23.5,22.4,12,Yes,Stainless Steel,Heated Dry,Front Controls,234,307,24,3.2,5,36,No,,,,,02/16/2024,02/15/2024,Canada,ES_1130609_GBF412S*M***_021320241902857_3461779,No
3417426,GE,GBF532S*M***,,067732153992;067732154005;067732154012,Standard,23.5,22.4,12,Yes,Stainless Steel,Heated Dry,Front Controls,234,307,24,3.2,5,36,No,,,,,02/16/2024,02/15/2024,Canada,ES_1130609_GBF532S*M***_021320241901148_4123038,No
3417429,GE,GBF532S*P***,,067732155781;067732155798;067732155804,Standard,23.5,22.4,12,Yes,Stainless Steel,Heated Dry,Front Controls,234,307,24,3.2,5,36,No,,,,,02/16/2024,02/15/2024,Canada,ES_1130609_GBF532S*P***_021320241901188_4613642,No
3417416,GE,GBF655S*P***,,067732155811;067732155828;067732155859,Standard,23.9,24.6,16,Yes,Stainless Steel,Heated Dry,Front Controls,234,307,24,3.2,5,36,No,,,,,02/16/2024,02/15/2024,Canada,ES_1130609_GBF655S*P***_021320241901724_4139452,No
3417425,GE,GBP420S*P***,,067732155682,Standard,23.5,22.4,12,Yes,Stainless Steel,Heated Dry,Top Controls,234,307,24,3.2,5,36,No,,,,,02/16/2024,02/15/2024,Canada,ES_1130609_GBP420S*P***_021320241902908_2597183,No
3417427,GE,GBP534S*P***,,067732155491;067732155699,Standard,23.5,22.4,12,Yes,Stainless Steel,Heated Dry,Top Controls,234,307,24,3.2,5,36,No,,,,,02/16/2024,02/15/2024,Canada,ES_1130609_GBP534S*P***_021320241902764_2141425,No
3417423,GE,GBT412S*M***,,067732153930,Standard,23.5,21.7,12,Yes,Stainless Steel,Heated Dry,Top Controls,234,307,24,3.2,5,36,No,,,,,02/16/2024,02/15/2024,Canada,ES_1130609_GBT412S*M***_021320241901924_1936534,No
4470659,GE,GBT50***V***,",GBT500SGV0WW,; ,GBT500SSV0SS,",818502001421;818502001438,Standard,23.5,22.6,14,Yes,Stainless Steel,Automatic Door Release,"Top Controls,Hard Food Filter",240,307,22,3.2,5,36,No,,,,,07/01/2025,07/09/2025,Canada,ES_92277_GBT50***V***_062720251534332_1319318,No
4470661,GE,GBT60***V***,",GBT600SSV0FS,",818502001445,Standard,23.5,22.6,15,Yes,Stainless Steel,Automatic Door Release,"Top Controls,Cycle Status Lights,Hard Food Filter,Third Rack",240,307,22,3.2,5,36,No,,,,,07/01/2025,07/09/2025,Canada,ES_92277_GBT60***V***_062720251548476_5040851,No
3417428,GE,GBT632S*M***,,067732154012;067732154029,Standard,23.5,22.4,12,Yes,Stainless Steel,Heated Dry,Top Controls,234,307,24,3.2,5,36,No,,,,,02/16/2024,02/15/2024,Canada,ES_1130609_GBT632S*M***_021320241902169_7046736,No
2407800,GE,GDF46***T***,,084691907763;084691907770;084691907787,Standard,23.8,24,10,No,Plastic,Heated Dry,"Front Controls,Hard Food Filter,Cycle Status Lights",240,307,22,3.2,5,36,No,,,,,02/20/2023,01/26/2023,"United States, Canada",ES_1123206_GDF46***T***_01262023103033_80153103,No
2407260,GE,GDF51***R***,,084691853213;084691853220;084691853237;084691853275;084691853282;084691853299;084691853305,Standard,23.8,24,10,No,Plastic,Heated Dry,"Front Controls,Hard Food Filter,Cycle Status Lights",240,307,22,3.2,5,36,No,,,,,01/16/2023,01/20/2023,"United States, Canada",ES_1123206_GDF51***R***_01242023081351_80153101,No
2407259,GE,GDF53***R***,,084691856573;084691856580;084691856597;084691856603,Standard,23.8,24,10,No,Plastic,Heated Dry,"Front Controls,Hard Food Filter,Cycle Status Lights",240,307,22,3.2,5,36,No,,,,,01/16/2023,01/20/2023,"United States, Canada",ES_1123206_GDF53***R***_01242023081351_80153101,No
2406459,GE,GDF55***R***,,084691863588;084691863595;084691863601;084691863618,Standard,23.8,24,10,Yes,Plastic,Heated Dry,"Front Controls,Hard Food Filter,Cycle Status Lights",240,307,22,3.2,5,36,No,,,,,01/01/2023,12/22/2022,"United States, Canada",ES_1123206_GDF55***R***_01042023010234_80153099,No
2470902,GE,GDF65***V***,,084691914358;084691914402,Standard,23.8,24,12,Yes,Stainless Steel,Heated Dry,"Front Controls,Third Rack,Hard Food Filter,Cycle Status Lights",240,307,22,3.2,5,36,No,,,,,05/15/2023,04/27/2023,"United States, Canada",ES_1123206_GDF65***V***_04272023175819_80165705,No
2470900,GE,GDF66***V***,,,Standard,23.8,24,12,Yes,Stainless Steel,Heated Dry,"Top Controls,Hard Food Filter,Cycle Status Lights,Third Rack",240,307,22,3.2,5,36,No,,,,,05/15/2023,04/27/2023,"United States, Canada",ES_1123206_GDF66***V***_04272023175819_80165705,No
2470896,GE,GDF67***V***,,084691914440,Standard,23.8,24,12,Yes,Stainless Steel,Heated Dry,"Front Controls,Hard Food Filter,Cycle Status Lights,Third Rack",240,307,22,3.2,5,36,No,,,,,05/15/2023,04/27/2023,"United States, Canada",ES_1123206_GDF67***V***_04272023175819_80165705,No
2406460,GE,GDP63***R***,,084691863649;084691863656;084691863663;084691863670,Standard,23.8,24,10,Yes,Plastic,Heated Dry,"Top Controls,Hard Food Filter,Cycle Status Lights,Third Rack",240,307,22,3.2,5,36,No,,,,,01/01/2023,12/22/2022,"United States, Canada",ES_1123206_GDP63***R***_01042023010234_80153099,No
2408239,GE,GDP64***N***,,084691848479,Standard,23.8,24,12,Yes,Stainless Steel,Fan-Assisted Dry,"Top Controls,Hard Food Filter,Cycle Status Lights",240,307,22,3.2,5,36,No,,,,,02/27/2023,02/16/2023,"United States, Canada",ES_1123206_GDP64***N***_02172023081908_80153105,No
2408240,GE,GDP66***N***,,084691848493,Standard,23.8,24,12,Yes,Stainless Steel,Fan-Assisted Dry,"Top Controls,Hard Food Filter,Cycle Status Lights,Third Rack",240,307,22,3.2,5,36,No,,,,,02/27/2023,02/16/2023,"United States, Canada",ES_1123206_GDP66***N***_02172023081908_80153105,No
2470899,GE,GDP66***V***,,084691939085,Standard,23.8,24,12,Yes,Stainless Steel,Heated Dry,"Top Controls,Hard Food Filter,Cycle Status Lights,Third Rack",240,307,22,3.2,5,36,No,,,,,05/15/2023,04/27/2023,"United States, Canada",ES_1123206_GDP66***V***_04272023175819_80165705,No
2470897,GE,GDP67***V***,,084691914365;084691914372;084691914440;084691914457,Standard,23.8,24,12,Yes,Stainless Steel,Heated Dry,"Top Controls,Hard Food Filter,Cycle Status Lights,Third Rack",240,307,22,3.2,5,36,No,,,,,05/15/2023,04/27/2023,"United States, Canada",ES_1123206_GDP67***V***_04272023175819_80165705,No
2408226,GE,GDT22***L***,,084691830153;084691830160;084691830177;084691844648;084691860624;084691860655;084691860662,Standard,23.8,23.5,12,Yes,Stainless Steel,Condensation Dry,"Top Controls,Hard Food Filter,Cycle Status Lights",240,307,22,3.2,5,36,No,,,,,02/27/2023,02/16/2023,"United States, Canada",ES_1123206_GDT22***L***_02172023081908_80153105,No
2407261,GE,GDT53***R***,,084691863526;084691863564;084691863571,Standard,23.8,24,10,No,Plastic,Heated Dry,"Top Controls,Hard Food Filter,Cycle Status Lights",240,307,22,3.2,5,36,No,,,,,01/16/2023,01/20/2023,"United States, Canada",ES_1123206_GDT53***R***_01242023081351_80153101,No
2407263,GE,GDT53***V***,,,Standard,23.8,24,10,No,Plastic,Heated Dry,"Top Controls,Hard Food Filter,Cycle Status Lights",240,307,22,3.2,5,36,No,,,,,01/16/2023,01/20/2023,"United States, Canada",ES_1123206_GDT53***V***_01242023081351_80153101,No
2406461,GE,GDT55***R***,,084691863533;084691863540;084691863557;084691863625,Standard,23.8,24,10,Yes,Plastic,Heated Dry,"Top Controls,Hard Food Filter,Cycle Status Lights",240,307,22,3.2,5,36,No,,,,,01/01/2023,12/22/2022,"United States, Canada",ES_1123206_GDT55***R***_01042023010234_80153099,No
3891848,GE,GDT565H*Y***,,,Standard,23.8,24,16,Yes,Stainless Steel,Heated Dry,"Top Controls,Cycle Status Lights,Hard Food Filter",240,307,22,3.2,5,36,No,,,,,01/06/2025,12/15/2024,"United States, Canada",ES_1123206_GDT565H*Y***_12172024105559_80237016,No
3891849,GE,GDT585H*Y***,,,Standard,23.8,24,16,Yes,Stainless Steel,Heated Dry,"Top Controls,Cycle Status Lights,Hard Food Filter,Third Rack",240,307,22,3.2,5,36,No,,,,,01/06/2025,12/15/2024,"United States, Canada",ES_1123206_GDT585H*Y***_12172024105559_80237016,No
3891850,GE,GDT595H*Y***,,,Standard,23.8,24,16,Yes,Stainless Steel,Heated Dry,"Top Controls,Cycle Status Lights,Hard Food Filter,Third Rack",240,307,22,3.2,5,36,No,,,,,01/06/2025,12/15/2024,"United States, Canada",ES_1123206_GDT595H*Y***_12172024105559_80237016,No
2406458,GE,GDT63***R***,,084691863632;084691863687;084691863694;084691863700;084691863717;084691863724,Standard,23.8,24,10,Yes,Plastic,Heated Dry,"Top Controls,Hard Food Filter,Cycle Status Lights,Third Rack",240,307,22,3.2,5,36,No,,,,,01/01/2023,12/22/2022,"United States, Canada",ES_1123206_GDT63***R***_01042023010234_80153099,No
2408241,GE,GDT64***N***,,084691843580;084691843597;084691843603;084691849254;084691849889;084691849896,Standard,23.8,24,12,Yes,Stainless Steel,Fan-Assisted Dry,"Top Controls,Hard Food Filter,Cycle Status Lights",240,307,22,3.2,5,36,No,,,,,02/27/2023,02/16/2023,"United States, Canada",ES_1123206_GDT64***N***_02172023081908_80153105,No
2470901,GE,GDT65***V***,,084691914389;084691914396,Standard,23.8,24,12,Yes,Stainless Steel,Heated Dry,"Top Controls,Hard Food Filter,Cycle Status Lights,Third Rack",240,307,22,3.2,5,36,No,,,,,05/15/2023,04/27/2023,"United States, Canada",ES_1123206_GDT65***V***_04272023175819_80165705,No
2408242,GE,GDT66***N***,,084691843665;084691843672;084691843689;084691843696;084691843702;084691843757,Standard,23.8,24,12,Yes,Stainless Steel,Fan-Assisted Dry,"Top Controls,Hard Food Filter,Cycle Status Lights,Third Rack",240,307,22,3.2,5,36,No,,,,,02/27/2023,02/16/2023,"United States, Canada",ES_1123206_GDT66***N***_02172023081908_80153105,No
2470898,GE,GDT67***V***,,084691914419;084691914426;084691914433;084691914464;084691914471,Standard,23.8,24,12,Yes,Stainless Steel,Heated Dry,"Top Controls,Hard Food Filter,Cycle Status Lights,Third Rack",240,307,22,3.2,5,36,No,,,,,05/15/2023,04/27/2023,"United States, Canada",ES_1123206_GDT67***V***-04272023175819_80165705,No
2408229,GE,GPT14***L***,,084691848110,Standard,18,25.4,8,Yes,Stainless Steel,Condensation Dry,"Top Controls,Hard Food Filter,Cycle Status Lights",240,307,22,3.2,5,36,No,,,,,02/27/2023,02/16/2023,"United States, Canada",ES_1123206_GPT14***L***_02172023081908_80153105,No
2408227,GE,GPT22***L***,,084691848080;084691848097;084691848103,Standard,23.8,23.6,12,Yes,Stainless Steel,Condensation Dry,"Top Controls,Hard Food Filter,Cycle Status Lights",240,307,22,3.2,5,36,No,,,,,02/27/2023,02/16/2023,"United States, Canada",ES_1123206_GPT22***L***_02172023081908_80153105,No
3462876,GE,UBT41***V***,",UBT410SGV0BB,; ,UBT410SGV0WW,; ,UBT410SSV0SS,",818502001520;818502001537;818502001544,Standard,23.6,23.2,12,Yes,Stainless Steel,Condensation Dry,Top Controls,240,307,22,3.2,5,36,No,,,,,05/06/2024,04/24/2024,Canada,ES_92277_UBT41***V***_04212024150698_2972830,No
2408231,GE,UDT16***V***,,084691931447,Standard,18,23,8,Yes,Stainless Steel,Condensation Dry,"Top Controls,Hard Food Filter,Cycle Status Lights",240,307,22,3.2,5,36,No,,,,,02/27/2023,02/16/2023,"United States, Canada",ES_1123206_UDT16***V***_02172023081908_80153105,No
3417420,GE Adora,DBP655S*T***,,818502001094,Standard,23.9,24.6,16,Yes,Stainless Steel,Heated Dry,Top Controls,234,307,24,3.2,5,36,No,,,,,02/16/2024,02/15/2024,Canada,ES_1130609_DBP655S*T***_021320241901217_2482386,No
3417417,GE Profile,PBF665S*P***,,067732155835;067732155842,Standard,23.9,24.6,16,Yes,Stainless Steel,Fan-Assisted Dry,Front Controls,234,307,24,3.2,5,36,No,,,,,02/16/2024,02/15/2024,Canada,ES_1130609_PBF665S*P***_021320241902673_2543621,No
3417418,GE Profile,PBP665S*P***,,067732155705;067732155712,Standard,23.9,24.6,16,Yes,Stainless Steel,Fan-Assisted Dry,Top Controls,234,307,24,3.2,5,36,No,,,,,02/16/2024,02/15/2024,Canada,ES_1130609_PBP665S*P***_021320241902540_2142708,No
4470662,GE Profile,PBT70***V***,",PBT700SSV0FS,",818502001452,Standard,23.5,22.6,16,Yes,Stainless Steel,Automatic Door Release,"Top Controls,Cycle Status Lights,Hard Food Filter,Third Rack",240,307,22,3.2,5,36,No,,,,,07/01/2025,07/09/2025,Canada,ES_92277_PBT70***V***_062720251534756_6469837,No
3417419,GE Profile,PBT865S*P***,,067732155729;067732155736,Standard,27,24.6,16,Yes,Stainless Steel,Fan-Assisted Dry,Top Controls,234,307,24,3.2,5,36,No,,,,,02/16/2024,02/15/2024,Canada,ES_1130609_PBT865S*P***_021320241902801_6584419,No
4016395,GE Profile,PDD415**Y***,,084691964698,Compact,25.5,27.5,7,No,Plastic,Fan-Assisted Dry,"Front Controls,Cycle Status Lights",155,222,30,2,3.5,43,No,,,,,05/07/2025,04/28/2025,United States,ES_1123206_PDD415**Y***_04292025141122_80250721,No
2408236,GE Profile,PDP71***N***,,084691843740;084691848486,Standard,23.8,24,12,Yes,Stainless Steel,Fan-Assisted Dry,"Top Controls,Hard Food Filter,Cycle Status Lights,Third Rack",240,307,22,3.2,5,36,No,,,,,02/27/2023,02/16/2023,"United States, Canada",ES_1123206_PDP71***N***_02172023081908_80153105,No
2470895,GE Profile,PDP71***V***,,084691914525,Standard,23.8,24,12,Yes,Stainless Steel,Heated Dry,"Top Controls,Hard Food Filter,Cycle Status Lights,Third Rack",240,307,22,3.2,5,36,No,,,,,05/15/2023,04/27/2023,"United States, Canada",ES_1123206_PDP71***V***_04272023175819_80165705,No
2788123,GE Profile,PDP755**V***,,084691914563;084691914570,Standard,23.8,24,16,Yes,Stainless Steel,Heated Dry,"Top Controls,Cycle Status Lights,Hard Food Filter,Third Rack",240,307,22,3.2,5,36,No,,,,,12/04/2023,11/29/2023,"United States, Canada",ES_1123206_PDP755**V***_11302023110827_80191260,No
2408237,GE Profile,PDP75***R***,,084691863847,Standard,23.8,24,12,Yes,Stainless Steel,Fan-Assisted Dry,"Top Controls,Hard Food Filter,Cycle Status Lights,Third Rack",240,307,22,3.2,5,36,No,,,,,02/27/2023,02/16/2023,"United States, Canada",ES_1123206_PDP75***R***_02172023081908_80153105,No
3360884,GE Profile,PDP795**V***,,084691934462,Standard,23.8,24,16,Yes,Stainless Steel,Heated Dry,"Top Controls,Cycle Status Lights,Hard Food Filter,Third Rack",240,307,22,3.2,5,36,No,,,,,01/22/2024,01/12/2023,"United States, Canada",ES_1123206_PDP795**V***_01152024134654_80196873,No
2408228,GE Profile,PDT14***L***,,084691830108;084691830115;084691830184,Standard,17.8,22.5,8,Yes,Stainless Steel,Condensation Dry,"Top Controls,Hard Food Filter,Cycle Status Lights",240,307,22,3.2,5,36,No,,,,,02/27/2023,02/16/2023,"United States, Canada",ES_1123206_PDT14***L***_02172023081908_80153105,No
3543830,GE Profile,PDT70***W***,,084691960867,Standard,23.8,24,12,Yes,Stainless Steel,Heated Dry,"Top Controls,Cycle Status Lights,Hard Food Filter,Third Rack",240,307,22,3.2,5,36,No,,,,,06/24/2024,06/19/2024,"United States, Canada",ES_1123206_PDT70***W***6_00000000000000_0000000,No
2408238,GE Profile,PDT71***N***,,084691843788;084691843795;084691843801;084691849223,Standard,23.8,24,12,Yes,Stainless Steel,Fan-Assisted Dry,"Top Controls,Hard Food Filter,Cycle Status Lights,Third Rack",240,307,22,3.2,5,36,No,,,,,02/27/2023,02/16/2023,"United States, Canada",ES_1123206_PDT71***N***_02172023081908_80153105,No
2470894,GE Profile,PDT71***V***,,084691914488,Standard,23.8,24,12,Yes,Stainless Steel,Heated Dry,"Top Controls,Hard Food Filter,Cycle Status Lights,Third Rack",240,307,22,3.2,5,36,No,,,,,05/15/2023,04/27/2023,"United States, Canada",ES_1123206_PDT71***V***_04272023175819_80165705,No
2788122,GE Profile,PDT755**V***,,084691914495;084691914501,Standard,23.8,24,16,Yes,Stainless Steel,Heated Dry,"Top Controls,Cycle Status Lights,Hard Food Filter,Third Rack",240,307,22,3.2,5,36,No,,,,,12/04/2023,11/29/2023,"United States, Canada",ES_1123206_PDT755**V***_11302023110827_80191260,No
2408232,GE Profile,PDT75***R***,,084691863823,Standard,23.8,24,12,Yes,Stainless Steel,Fan-Assisted Dry,"Top Controls,Hard Food Filter,Cycle Status Lights,Third Rack",240,307,22,3.2,5,36,No,,,,,02/27/2023,02/16/2023,"United States, Canada",ES_1123206_PDT75***R***_02172023081908_80153105,No
2408224,GE Profile,PDT77***N***,,084691843856;084691849247,Standard,23.8,24,12,Yes,Stainless Steel,Fan-Assisted Dry,"Top Controls,Hard Food Filter,Cycle Status Lights",240,307,22,3.2,5,36,No,,,,,02/27/2023,02/16/2023,"United States, Canada",ES_1123206_PDT77***N***_02172023081908_80153105,No
2408225,GE Profile,PDT78***N***,,084691843825;084691849230,Standard,23.8,24,12,Yes,Stainless Steel,Fan-Assisted Dry,"Top Controls,Hard Food Filter,Cycle Status Lights,Third Rack",240,307,22,3.2,5,36,No,,,,,02/27/2023,02/16/2023,"United States, Canada",ES_1123206_PDT78***N***_02172023081908_80153105,No
3360883,GE Profile,PDT795**V***,,084691914549;084691914556,Standard,23.8,24,16,Yes,Stainless Steel,Heated Dry,"Top Controls,Cycle Status Lights,Hard Food Filter,Third Rack",240,307,22,3.2,5,36,No,,,,,01/22/2024,01/12/2023,"United States, Canada",ES_1123206_PDT795**V***_01152024134654_80196873,No
4000232,GE Profile,PZF560H*W***,,084691944881,Compact,21.7,19.7,6,Yes,Hybrid (Plastic & Steel),"Automatic Door Release,Air Dry","Front Controls,Cycle Status Lights,Hard Food Filter",155,222,30,2,3.5,43,No,,,,,04/07/2025,03/17/2025,"United States, Canada",ES_1123206_PZF560H*W***_03182025093002_80248232,No
4052530,GRANDEUR,UDBYH655AS,,,Standard,23.9,22.6,15,Yes,Stainless Steel,Automatic Door Release,None,240,307,22,3.2,5,36,No,,,,,03/31/2025,05/22/2025,"United States, Canada",ES_92264_UDBYH655AS_052220250550232_9163218,No
2408230,Haier,QDT12***L***,,084691830146,Standard,18,22.5,8,Yes,Stainless Steel,Condensation Dry,"Top Controls,Hard Food Filter,Cycle Status Lights",240,307,22,3.2,5,36,No,,,,,02/27/2023,02/16/2023,"United States, Canada",ES_1123206_QDT12***L***_02172023081908_80153105,No
3813027,Hamilton Beach,HBDW1809-B-WHITE,,058465805104,Standard,17.6,23.6,8,Yes,Stainless Steel,Air Dry,None,240,307,22,3.2,5,36,No,,,,,11/20/2024,07/05/2023,"United States, Canada",ES_1120898_HBDW1809-B-WHITE_11212024083446_80231424,No
2667926,Hamilton Beach,HBDW1922,,,Standard,17.6,23.6,8,Yes,Stainless Steel,Air Dry,None,240,307,22,3.2,5,36,No,,,,,09/01/2023,07/05/2023,"United States, Canada",ES_1120898_HBDW1922_09152023105509_80183696,No
3813026,Hamilton Beach,HBDW1922,,058465816438,Standard,17.6,23.6,8,Yes,Stainless Steel,Air Dry,None,240,307,22,3.2,5,36,No,,,,,11/20/2024,07/05/2023,"United States, Canada",ES_1120898_HBDW1922_11212024083446_80231424,No
3706791,Hamilton Beach,HBDW3208,,058465780883,Compact,21.7,19.7,6,Yes,Hybrid (Plastic & Steel),Air Dry,None,155,222,30,2,3.5,43,No,,,,,10/10/2024,10/18/2023,"United States, Canada",ES_1120898_HBDW3208_10232024135412_80228176,No
4479396,HEYNEMO,ZDW001BK-11-HM,,,Standard,23.8,24.6,16,Yes,Stainless Steel,Heated Dry,None,240,307,22,3.2,5,36,No,,,,,07/19/2025,07/21/2025,"United States, Canada",ES_1152389_ZDW001BK-11-HM_07212025091104_9992775,No
4479395,HEYNEMO,ZDW001GY-11-HM,,,Standard,23.8,24.6,16,Yes,Stainless Steel,Heated Dry,None,240,307,22,3.2,5,36,No,,,,,07/19/2025,07/21/2025,"United States, Canada",ES_1152389_ZDW001GY-11-HM_07212025091289_3155897,No
4479398,HEYNEMO,ZDW001SL-11-HM,,,Standard,23.8,24.6,16,Yes,Stainless Steel,Heated Dry,None,240,307,22,3.2,5,36,No,,,,,07/19/2025,07/21/2025,"United States, Canada",ES_1152389_ZDW001SL-11-HM_072120250909419_8852030,No
4479393,HEYNEMO,ZDW002BK-11-HM,,,Standard,23.8,24.6,16,Yes,Stainless Steel,Heated Dry,None,240,307,22,3.2,5,36,No,,,,,07/19/2025,07/21/2025,"United States, Canada",ES_1152389_ZDW002BK-11-HM_072120250911287_4739917,No
4479394,HEYNEMO,ZDW002GY-11-HM,,,Standard,23.8,24.6,16,Yes,Stainless Steel,Heated Dry,None,240,307,22,3.2,5,36,No,,,,,07/19/2025,07/21/2025,"United States, Canada",ES_1152389_ZDW002GY-11-HM_072120250910693_9686213,No
4479399,HEYNEMO,ZDW002SL-11-HM,,,Standard,23.8,24.6,16,Yes,Stainless Steel,Heated Dry,None,240,307,22,3.2,5,36,No,,,,,07/19/2025,07/21/2025,"United States, Canada",ES_1152389_ZDW002SL-11-HM_072120250910251_2757994,No
3398254,Hisense,HDW63314SS,,810088364204,Standard,23.9,26.7,14,Yes,Hybrid (Plastic & Steel),Heated Dry,Top Controls,240,307,22,3.2,5,36,No,,,,,02/01/2024,02/06/2024,Canada,ES_1150152_HDW63314SS_020620240818227_2787564,No
2405735,Hisense,HUI66360XCUS,,3838782650949,Standard,23.8,22.7,14,No,Stainless Steel,Automatic Door Release,"Top Controls,Cycle Status Lights,Third Rack",239,307,22,3.2,5,36,No,,,,,01/15/2023,12/15/2022,"United States, Canada",ES_1123023_HUI66360XCUS_12152022040519_80152899,No
3624427,Honeywell,HDS18*,",,Remark * could be A-Z, a-z, 0-9, - or blank",811691028163;811691028194,Standard,17.6,22.6,8,Yes,Stainless Steel,Heated Dry,None,234,307,24,3.1,5,38,No,,,,,08/01/2024,08/28/2024,"United States, Canada",ES_1132323_HDS18*_082820240316901_8042412,No
2453137,Honeywell,HDS18SS,,811691026695,Standard,17.6,22.6,8,Yes,Stainless Steel,Heated Dry,None,234,307,24,3.1,5,38,No,,,,,03/01/2023,04/11/2023,United States,ES_1132323_HDS18SS_041120230157197_1871141,No
2485654,Honeywell,HDS24SS,,811691026701,Standard,23.9,24.5,8,Yes,Stainless Steel,Heated Dry,None,240,307,22,3.2,5,36,No,,,,,04/01/2023,05/16/2023,United States,ES_1132323_HDS24SS_051620230534869_4705203,No
3998737,Honeywell,HDS24SS-H,,811691027883,Standard,23.6,22.7,12,Yes,Hybrid (Plastic & Steel),Heated Dry,None,240,307,22,3.2,5,36,No,,,,,01/24/2025,02/26/2025,United States,ES_1132323_HDS24SS-H_022620250345137_4805695,No
3419017,Ikea,005.876.23,,00587623,Standard,23.6,22.7,12,Yes,Hybrid (Plastic & Steel),Heated Dry,None,240,307,22,3.2,5,36,No,,,,,03/01/2024,03/20/2024,Canada,ES_1092750_005.876.23_032020240822701_2430064,No
3417963,Ikea,705.910.18,,70591018,Standard,23.9,24.5,14,Yes,Hybrid (Plastic & Steel),Heated Dry,Top Controls,240,307,22,3.2,5,36,No,,,,,03/01/2024,03/14/2024,"United States, Canada",ES_1092750_705.910.18_031420240618202_5994667,No
2669210,Ikea,905.222.84**,,012505116254,Standard,24,25,12,Yes,Plastic,Heated Dry,Top Controls,240,307,22,3.2,5,36,No,,,,,10/01/2023,09/30/2023,"United States, Canada",ES_1092750_905.222.84**_092420232027922_1818585,No
3553955,Ikea,FL�BODA 305.911.57,,30591157,Standard,23.6,21.8,12,Yes,Hybrid (Plastic & Steel),Heated Dry,Top Controls,240,307,22,3.2,5,36,No,,,,,07/01/2024,07/05/2024,"United States, Canada",ES_1092750_FL�BODA 305.911.57_07052024060208_7425955,No
3531102,Ikea,FORNABODA 905.910.17,,90591017,Standard,24,21.7,10,Yes,Stainless Steel,Automatic Door Release,Self-Cleaning Filter,240,307,22,3.2,5,36,No,,,,,05/01/2024,05/28/2024,"United States, Canada",ES_1092750_FORNABODA 905.910.17_052820240223810_4138236,No
3531101,Ikea,RANSBERG 105.911.58,,10591158,Standard,17.6,22.6,8,Yes,Stainless Steel,Air Dry,Self-Cleaning Filter,240,307,22,3.2,5,36,No,,,,,05/01/2024,05/28/2024,"United States, Canada",ES_1092750_RANSBERG 105.911.58_052820240218481_3131063,No
4437445,Insignia,NS-DWF2******,",NS-DWF2SS260A,; ,NS-DWF2WH260A,",012505116735;012505116742,Standard,24,25,12,Yes,Plastic,Heated Dry,Front Controls,240,307,22,3.2,5,36,No,,,,,07/01/2025,06/13/2025,"United States, Canada",ES_1059185_NS-DWF2******_060920251700113_5036921,No
2472795,Insignia,NS-DWH1***,",,Remark: * could be A-Z, a-z, 0-9, - or blank",600603231148;600603231155,Standard,23.9,24.5,8,Yes,Stainless Steel,Heated Dry,None,240,307,22,3.2,5,36,No,,,,,04/10/2023,05/05/2023,Canada,ES_1059185_NS-DWH1***_050520230852273_6901465,No
2408222,Monogram,ZDT92***N***,,084691848356;084691848363;084691848455,Standard,23.8,24,12,Yes,Stainless Steel,Fan-Assisted Dry,"Top Controls,Hard Food Filter,Cycle Status Lights,Third Rack",240,307,22,3.2,5,36,No,,,,,02/27/2023,02/16/2023,"United States, Canada",ES_1123206_ZDT92***N***_02172023081908_80153105,No
3009737,Monogram,ZDT985**N***,,084691848325;084691848332;084691848349,Standard,23.8,24,16,Yes,Stainless Steel,Heated Dry,"Top Controls,Cycle Status Lights,Hard Food Filter,Third Rack",240,307,22,3.2,5,36,No,,,,,01/16/2024,12/20/2023,"United States, Canada",ES_1123206_ZDT985**N***_12202023165638_80194723,No
2408221,Monogram,ZDT98***N***,,084691848325;084691848332;084691848349,Standard,23.8,24,12,Yes,Stainless Steel,Fan-Assisted Dry,"Top Controls,Hard Food Filter,Cycle Status Lights,Third Rack",240,307,22,3.2,5,36,No,,,,,02/27/2023,02/16/2023,"United States, Canada",ES_1123206_ZDT98***N***_02172023081908_80153105,No
2470960,OMNImax,3719-074,,822733379587,Standard,23.9,24.5,8,Yes,Stainless Steel,Heated Dry,None,240,307,22,3.2,5,36,No,,,,,04/10/2023,05/02/2023,Canada,ES_1136068_3719-074_050220230022303_7599003,No
2470961,OMNImax,3719-075,,822733379594,Standard,23.9,24.5,8,Yes,Stainless Steel,Heated Dry,None,240,307,22,3.2,5,36,No,,,,,04/10/2023,05/02/2023,Canada,ES_1136068_3719-075_050220230023114_7817138,No
3398256,Panasonic,NP-6F1FFHCA,,885170347267,Standard,23.5,21.7,10,Yes,Stainless Steel,Air Dry,None,240,307,22,3.2,5,36,No,,,,,04/01/2023,02/06/2024,Canada,ES_1141774_NP-6F1FFHCA_02062024102512_80199320,No
2669205,Porter & Charles,DWVFI 18,,051497300609,Standard,32.3,17.6,10,Yes,Stainless Steel,Turbo Drying,"Top Controls,Cycle Status Lights,Third Rack",239,307,22,3.1,5,38,No,,,,,09/01/2023,09/30/2023,"United States, Canada",ES_1123029_DWVFI18_083120231524661_3321282,No
2669208,Porter & Charles,DWVFI 82,,051497300623,Standard,32.3,23.5,15,Yes,Stainless Steel,Turbo Drying,"Top Controls,Cycle Status Lights,Third Rack",239,307,22,3.1,5,38,No,,,,,09/01/2023,09/30/2023,"United States, Canada",ES_1123029_DWVFI82_083120231524460_9519145,No
2669207,Porter & Charles,VE-DWVFI,,0798190150659,Standard,33.9,23.5,15,Yes,Stainless Steel,Turbo Drying,"Top Controls,Cycle Status Lights,Third Rack",239,307,22,3.1,5,38,No,,,,,09/01/2023,09/30/2023,"United States, Canada",ES_1123029_VE-DWVFI_083120231524607_6519608,No
2669206,Porter & Charles,VE-DWVSS,,051497300630,Standard,33.9,23.5,15,Yes,Stainless Steel,Turbo Drying,"Top Controls,Cycle Status Lights,Third Rack",239,307,22,3.1,5,38,No,,,,,09/01/2023,09/30/2023,"United States, Canada",ES_1123029_VE-DWVSS_083120231524685_3370001,No
2453048,RENGJORD,905.045.72,,012505116117,Standard,23.8,24.3,14,Yes,Stainless Steel,Fan-Assisted Dry,Hard Food Filter,240,307,22,3.2,5,36,No,,,,,07/15/2023,04/06/2023,"United States, Canada",ES_1092750_905.045.72_040320230316466_6996570,No
3555488,Robam,WQP14-W652S,,,Standard,23.9,26.7,14,Yes,Stainless Steel,Fan-Assisted Dry,None,240,307,22,3.2,5,36,No,,,,,03/11/2024,07/29/2024,"United States, Canada",ES_1150089_WQP14-W652S_072920240106475_6721709,No
2507681,Samsung,DW50T6060**,",,Remark: * could be A-Z, a-z, 0-9, - or blank.",887276412658;887276412665,Standard,17.7,22.4,8,Yes,Stainless Steel,Air Dry,None,240,307,22,3.2,5,36,No,,,,,05/10/2023,05/31/2023,"United States, Canada",ES_1023593_DW50T6060**_053120230316233_3269455,No
2507682,Samsung,DW60R2014**,",,Remark: * could be A-Z, a-z, 0-9, - or blank",887276303529;887276303536,Standard,23.6,22.4,8,Yes,Stainless Steel,Air Dry,None,240,307,22,3.2,5,36,No,,,,,05/10/2023,05/31/2023,"United States, Canada",ES_1023593_DW60R2014**_053120230335599_3455295,No
4049685,Samsung,DW70F81YEU*,,198957212178;198957212956;198957227943,Standard,23.8,25,14,Yes,Stainless Steel,Automatic Door Release,Top Controls,239,307,22,3.2,5,36,No,,,,,08/22/2025,05/19/2025,"United States, Canada",ES_1023593_DW70F81YEU*_05202025135512_80252100,No
4046750,Samsung,DW70F83YEU*,,198957212963,Standard,23.8,25,15,Yes,Stainless Steel,Automatic Door Release,"Top Controls,Third Rack",239,307,22,3.2,5,36,No,,,,,08/15/2025,05/19/2025,"United States, Canada",ES_1023593_DW70F83YEU*_05202025134953_80252099,No
2409711,Samsung,DW80B6060**,,887276616384;887276616391;887276618401;887276618418,Standard,23.9,25,12,Yes,Stainless Steel,Automatic Door Release,"Top Controls,Cycle Status Lights,Third Rack",239,307,22,3.2,5,36,No,,,,,03/04/2022,02/26/2023,"United States, Canada",ES_1023593_DW80B6060**3_03062023133133_80157955,No
2409712,Samsung,DW80B6061**,,887276609683;887276616407,Standard,23.9,25,12,Yes,Stainless Steel,Automatic Door Release,"Top Controls,Cycle Status Lights,Third Rack",239,307,22,3.2,5,36,No,,,,,03/04/2022,02/26/2023,"United States, Canada",ES_1023593_DW80B6061**3_03062023133133_80157955,No
2409708,Samsung,DW80B7070**,,887276609690;887276609706;887276616414;887276616544;887276618425;887276618432,Standard,23.9,25,12,Yes,Stainless Steel,Automatic Door Release,"Top Controls,Cycle Status Lights,Third Rack",239,307,22,3.2,5,36,No,,,,,02/25/2022,02/26/2023,"United States, Canada",ES_1023593_DW80B7070**3_03062023133133_80157955,No
2409710,Samsung,DW80B7071**,,887276616421;887276616438,Standard,23.9,25,12,Yes,Stainless Steel,Automatic Door Release,"Top Controls,Cycle Status Lights,Third Rack",239,307,22,3.2,5,36,No,,,,,03/11/2022,02/26/2023,"United States, Canada",ES_1023593_DW80B7071**3_03062023133133_80157955,No
2409709,Samsung,DW80BB7070****,,887276657400,Standard,23.9,25,12,Yes,Stainless Steel,Automatic Door Release,"Top Controls,Cycle Status Lights,Third Rack",239,307,22,3.2,5,36,No,,,,,07/06/2022,02/26/2023,"United States, Canada",ES_1023593_DW80BB7070****3_03062023133133_80157955,No
2453102,Samsung,DW80CB545*****,,887276761435;887276761442,Standard,23.9,25,15,Yes,Stainless Steel,Automatic Door Release,"Top Controls,Third Rack,Storm Wash",239,307,22,3.2,5,36,No,,,,,07/17/2023,04/06/2023,"United States, Canada",ES_1023593_DW80CB545*****3_04102023113423_80160088,No
2485651,Samsung,DW80CG4021**,",,Remark: * could be A-Z, a-z, 0-9, - or blank",887276772882;887276772899,Standard,23.8,24.6,8,Yes,Plastic,Heated Dry,None,239,307,22,3.2,5,36,No,,,,,04/20/2023,05/16/2023,"United States, Canada",ES_1023593_DW80CG4021**_051620230349124_2844214,No
2485652,Samsung,DW80CG4051**,",,Remark: * could be A-Z, a-z, 0-9, - or blank",887276772882;887276772899,Standard,23.8,24.6,8,Yes,Plastic,Heated Dry,None,239,307,22,3.2,5,36,No,,,,,04/20/2023,05/16/2023,"United States, Canada",ES_1023593_DW80CG4051**_051620230349151_2194033,No
2453105,Samsung,DW80CG502*****,,887276764122,Standard,23.9,25,14,Yes,Stainless Steel,Automatic Door Release,Top Controls,239,307,22,3.2,5,36,No,,,,,07/17/2023,04/06/2023,"United States, Canada",ES_1023593_DW80CG502*****3_04102023113423_80160088,No
2453104,Samsung,DW80CG542*****,,887276761459;887276763842,Standard,23.9,25,14,Yes,Stainless Steel,Automatic Door Release,"Top Controls,Storm Wash",239,307,22,3.2,5,36,No,,,,,07/17/2023,04/06/2023,"United States, Canada",ES_1023593_DW80CG542*****3_04102023113423_80160088,No
4498449,Kenmore,KKDW3RPH-49SS,",,* indicates a combination of letters, or numbers, or numbers with letters",,Standard,23.9,22.6,15,Yes,Stainless Steel,Automatic Door Release,None,240,307,22,3.2,5,36,No,,,,,09/04/2025,09/09/2025,"United States, Canada",ES_1137414_KKDW3RPH-49SS_090920250250691_4094173,No
4498447,Kenmore,KKDW3RPHLIFT-45SS,",,* indicates a combination of letters, or numbers, or numbers with letters",,Standard,23.9,22.6,14,Yes,Stainless Steel,Automatic Door Release,None,240,307,22,3.2,5,36,No,,,,,09/04/2025,09/09/2025,"United States, Canada",ES_1137414_KKDW3RPHLIFT-45SS_090920250250831_1938537,No
2454992,KitchenAid,KDFE105P***,,883049679983,Standard,23.9,24.5,12,Yes,Stainless Steel,Heated Dry,"Front Controls,Cycle Status Lights,Hard Food Filter",240,307,22,3.2,5,36,No,,,,,06/30/2023,04/19/2023,"United States, Canada",ES_22856_KDFE105P***_041320231403695_1643853,No
4049667,KitchenAid,KDFS224S***,,883049695587;883049696027;883049696034,Standard,23.9,24.5,12,Yes,Stainless Steel,"Automatic Door Release,Heated Dry","Front Controls,Cycle Status Lights,Third Rack",240,307,22,3.2,5,36,No,,,,,06/03/2025,05/21/2025,"United States, Canada",ES_22856_KDFS224S***_051320252337720_6898214,No
4049665,KitchenAid,KDFS324S***,,883049703374;883049703381;883049703398;883049704807;883049704814,Standard,23.9,24.5,12,Yes,Stainless Steel,"Automatic Door Release,Heated Dry","Front Controls,Cycle Status Lights,Third Rack",240,307,22,3.2,5,36,No,,,,,06/03/2025,05/21/2025,"United States, Canada",ES_22856_KDFS324S***_05132025233749_8137852,No
4049666,KitchenAid,KDFS424S***,,883049695594;883049696041;883049696058;883049696065;883049696072,Standard,23.9,24.5,12,Yes,Stainless Steel,"Automatic Door Release,Heated Dry","Front Controls,Cycle Status Lights,Third Rack",240,307,22,3.2,5,36,No,,,,,06/03/2025,05/21/2025,"United States, Canada",ES_22856_KDFS424S***_051320252337995_9515486,No
4049663,KitchenAid,KDPS324S***,,883049932828,Standard,23.9,24.5,12,Yes,Stainless Steel,"Automatic Door Release,Heated Dry","Top Controls,Cycle Status Lights,Third Rack,Pocket",240,307,22,3.2,5,36,No,,,,,06/03/2025,05/21/2025,"United States, Canada",ES_22856_KDPS324S***_051320252337330_4654844,No
4049671,KitchenAid,KDPS424S***,,883049696164;883049696188;883049696195,Standard,23.9,24.5,12,Yes,Stainless Steel,"Automatic Door Release,Heated Dry","Top Controls,Cycle Status Lights,Third Rack,Pocket",240,307,22,3.2,5,36,No,,,,,06/03/2025,05/21/2025,"United States, Canada",ES_22856_KDPS424S***_051320252337182_8039418,No
2635752,KitchenAid,KDTF324PPA,,883049639246,Standard,23.6,21.9,12,Yes,Stainless Steel,Automatic Door Release,Hard Food Filter,240,307,22,3.2,5,36,No,,,,,09/01/2023,08/14/2023,"United States, Canada",ES_22856_KDTF324PPA_080920231956492_8763627,No
2635755,KitchenAid,KDTF924PPA,,883049639253,Standard,23.6,21.9,12,Yes,Stainless Steel,Automatic Door Release,Hard Food Filter,240,307,22,3.2,5,36,No,,,,,09/01/2023,08/14/2023,"United States, Canada",ES_22856_KDTF924PPA_080920231956412_7143017,No
2635753,KitchenAid,KDTF924PPS,,883049639260,Standard,23.6,22.6,12,Yes,Stainless Steel,Automatic Door Release,Hard Food Filter,240,307,22,3.2,5,36,No,,,,,09/01/2023,08/14/2023,"United States, Canada",ES_22856_KDTF924PPS_08092023195644_9021833,No
2460516,KitchenAid,KDTM405P***,,883049680316,Standard,23.9,24.5,12,Yes,Stainless Steel,Heated Dry,"Top Controls,Self-Cleaning Filter,Cycle Status Lights,Hard Food Filter,Third Rack",240,307,22,3.2,5,36,No,,,,,06/30/2023,04/19/2023,"United States, Canada",ES_22856_KDTM405P***_04132023140340_5322671,No
4049668,KitchenAid,KDTS224S***,,883049695310;883049695327;883049695334,Standard,23.9,24.5,12,Yes,Stainless Steel,"Automatic Door Release,Heated Dry","Top Controls,Cycle Status Lights,Third Rack,Towel Bar",240,307,22,3.2,5,36,No,,,,,06/03/2025,05/21/2025,"United States, Canada",ES_22856_KDTS224S***_051320252337458_1065232,No
4049664,KitchenAid,KDTS324S***,,883049704821;883049704838;883049704845;883049704852;883049704869,Standard,23.9,24.5,12,Yes,Stainless Steel,"Automatic Door Release,Heated Dry","Top Controls,Cycle Status Lights,Third Rack,Towel Bar",240,307,22,3.2,5,36,No,,,,,06/03/2025,05/21/2025,"United States, Canada",ES_22856_KDTS324S***_051320252337893_9751677,No
4049670,KitchenAid,KDTS424S***,,883049695358;883049695365;883049695372;883049695389;883049695396,Standard,23.9,24.5,12,Yes,Stainless Steel,"Automatic Door Release,Heated Dry","Top Controls,Cycle Status Lights,Third Rack,Towel Bar",240,307,22,3.2,5,36,No,,,,,06/03/2025,05/21/2025,"United States, Canada",ES_22856_KDTS424S***_05132025233710_7188642,No
4471341,KitchenAid,KDTS434S***,,883049938332,Standard,23.9,24.5,12,Yes,Stainless Steel,"Automatic Door Release,Heated Dry","Front Controls,Cycle Status Lights,Third Rack",240,307,22,3.2,5,36,No,,,,,08/04/2025,07/11/2025,"United States, Canada",ES_22856_KDTS434S***_070920251459160_4676683,No
3391663,KOOLMORE,KM-DW1852-PR,,810019866227,Standard,17.6,21.7,8,Yes,Stainless Steel,Heated Dry,None,234,307,24,3.1,5,38,No,,,,,02/04/2024,02/05/2024,United States,ES_1147715_KM-DW1852-PR_020520240659980_7014027,No
3391662,KOOLMORE,KM-DW2445-PR,,810019865367,Standard,23.9,24,14,Yes,Stainless Steel,Heated Dry,None,240,307,22,3.2,5,36,No,,,,,02/04/2024,02/05/2024,United States,ES_1147715_KM-DW2445-PR_020520240725763_1855184,No
3891989,KOSTCH,KOS-24DWH03M,,,Standard,23.9,22.6,15,Yes,Stainless Steel,Automatic Door Release,None,240,307,22,3.2,5,36,No,,,,,12/31/2024,12/31/2024,"United States, Canada",ES_1151422_KOS-24DWH03M_123120240524851_6453570,No
3891988,KOSTCH,KOS-24DWH03M-B,,,Standard,23.9,22.6,15,Yes,Stainless Steel,Automatic Door Release,None,240,307,22,3.2,5,36,No,,,,,12/31/2024,12/31/2024,"United States, Canada",ES_1151422_KOS-24DWH03M-B_123120240530259_4941118,No
3891991,KOSTCH,KOS-24DWH03M-R,,,Standard,23.9,22.6,15,Yes,Stainless Steel,Automatic Door Release,None,240,307,22,3.2,5,36,No,,,,,12/31/2024,12/31/2024,"United States, Canada",ES_1151422_KOS-24DWH03M-R_123120240530165_6257913,No
3891994,KOSTCH,KOS-24DWH03M-S,,,Standard,23.9,22.6,15,Yes,Stainless Steel,Automatic Door Release,None,240,307,22,3.2,5,36,No,,,,,12/31/2024,12/31/2024,"United States, Canada",ES_1151422_KOS-24DWH03M-S_123120240530343_7115476,No
3891990,KOSTCH,KOS-24DWH03M-W,,,Standard,23.9,22.6,15,Yes,Stainless Steel,Automatic Door Release,None,240,307,22,3.2,5,36,No,,,,,12/31/2024,12/31/2024,"United States, Canada",ES_1151422_KOS-24DWH03M-W_123120240530866_4087303,No
3891993,KOSTCH,KOS-24DWH06H,,,Standard,23.9,22.6,15,Yes,Stainless Steel,Automatic Door Release,None,240,307,22,3.2,5,36,No,,,,,12/31/2024,12/31/2024,"United States, Canada",ES_1151422_KOS-24DWH06H_123120240523948_3241331,No
3891995,KOSTCH,KOS-24DWH06H-B,,,Standard,23.9,22.6,15,Yes,Stainless Steel,Automatic Door Release,None,240,307,22,3.2,5,36,No,,,,,12/31/2024,12/31/2024,"United States, Canada",ES_1151422_KOS-24DWH06H-B_123120240528112_7298658,No
3891992,KOSTCH,KOS-24DWH06H-R,,,Standard,23.9,22.6,15,Yes,Stainless Steel,Automatic Door Release,None,240,307,22,3.2,5,36,No,,,,,12/31/2024,12/31/2024,"United States, Canada",ES_1151422_KOS-24DWH06H-R_123120240529405_7142633,No
3891999,KOSTCH,KOS-24DWH06H-S,,,Standard,23.9,22.6,15,Yes,Stainless Steel,Automatic Door Release,None,240,307,22,3.2,5,36,No,,,,,12/31/2024,12/31/2024,"United States, Canada",ES_1151422_KOS-24DWH06H-S_123120240527576_4064619,No
3891996,KOSTCH,KOS-24DWH06H-W,,,Standard,23.9,22.6,15,Yes,Stainless Steel,Automatic Door Release,None,240,307,22,3.2,5,36,No,,,,,12/31/2024,12/31/2024,"United States, Canada",ES_1151422_KOS-24DWH06H-W_123120240528931_5642572,No
3891997,KOSTCH,KOS-24DWN03M,,,Standard,23.9,22.6,15,Yes,Stainless Steel,Automatic Door Release,None,240,307,22,3.2,5,36,No,,,,,12/31/2024,12/31/2024,"United States, Canada",ES_1151422_KOS-24DWN03M_123120240523628_3221536,No
3891998,KOSTCH,KOS-24DWN03M-B,,,Standard,23.9,22.6,15,Yes,Stainless Steel,Automatic Door Release,None,240,307,22,3.2,5,36,No,,,,,12/31/2024,12/31/2024,"United States, Canada",ES_1151422_KOS-24DWN03M-B_123120240526787_6085148,No
3892000,KOSTCH,KOS-24DWN03M-R,,,Standard,23.9,22.6,15,Yes,Stainless Steel,Automatic Door Release,None,240,307,22,3.2,5,36,No,,,,,12/31/2024,12/31/2024,"United States, Canada",ES_1151422_KOS-24DWN03M-R_123120240526395_1965697,No
3892001,KOSTCH,KOS-24DWN03M-S,,,Standard,23.9,22.6,15,Yes,Stainless Steel,Automatic Door Release,None,240,307,22,3.2,5,36,No,,,,,12/31/2024,12/31/2024,"United States, Canada",ES_1151422_KOS-24DWN03M-S_123120240525292_1413037,No
3892002,KOSTCH,KOS-24DWN03M-W,,,Standard,23.9,22.6,15,Yes,Stainless Steel,Automatic Door Release,None,240,307,22,3.2,5,36,No,,,,,12/31/2024,12/31/2024,"United States, Canada",ES_1151422_KOS-24DWN03M-W_123120240526962_8960313,No
3892003,KOSTCH,KOS-24DWN06H,,,Standard,23.9,22.6,15,Yes,Stainless Steel,Automatic Door Release,None,240,307,22,3.2,5,36,No,,,,,12/31/2024,12/31/2024,"United States, Canada",ES_1151422_KOS-24DWN06H_123120240522276_8206811,No
3892004,KOSTCH,KOS-24DWN06H-B,,,Standard,23.9,22.6,15,Yes,Stainless Steel,Automatic Door Release,None,240,307,22,3.2,5,36,No,,,,,12/31/2024,12/31/2024,"United States, Canada",ES_1151422_KOS-24DWN06H-B_123120240525534_4195514,No
3892005,KOSTCH,KOS-24DWN06H-R,,,Standard,23.9,22.6,15,Yes,Stainless Steel,Automatic Door Release,None,240,307,22,3.2,5,36,No,,,,,12/31/2024,12/31/2024,"United States, Canada",ES_1151422_KOS-24DWN06H-R_12312024052583_2778716,No
3892006,KOSTCH,KOS-24DWN06H-S,,,Standard,23.9,22.6,15,Yes,Stainless Steel,Automatic Door Release,None,240,307,22,3.2,5,36,No,,,,,12/31/2024,12/31/2024,"United States, Canada",ES_1151422_KOS-24DWN06H-S_123120240524288_4917071,No
3892007,KOSTCH,KOS-24DWN06H-W,,,Standard,23.9,22.6,15,Yes,Stainless Steel,Automatic Door Release,None,240,307,22,3.2,5,36,No,,,,,12/31/2024,12/31/2024,"United States, Canada",ES_1151422_KOS-24DWN06H-W_123120240524565_1198918,No
4052525,L2,LDF24P1B**,",,Remark: * could be A-Z, a-z, 0-9, - or blank",687636011695;687636011701,Standard,23.6,22.7,12,Yes,Hybrid (Plastic & Steel),Heated Dry,None,240,307,22,3.2,5,36,No,,,,,05/01/2025,05/22/2025,Canada,ES_1147914_LDF24P1B**_052220250532115_9862590,No
3531103,L2,LDT24B12A**,",,Remark: * could be A-Z, a-z, 0-9, - or blank.",687636009326;687636009333,Standard,23.9,24.5,14,Yes,Stainless Steel,Heated Dry,Self-Cleaning Filter,240,307,22,3.2,5,36,No,,,,,05/01/2024,05/28/2024,Canada,ES_1147914_LDT24B12A**_052820240333765_9522148,No
2472845,LG,ADFD544***,,,Standard,23.7,24.6,14,Yes,Stainless Steel,Fan-Assisted Dry,Front Controls,238,307,22,2.9,5,42,No,,,,,05/04/2023,05/03/2023,"United States, Canada",ES_1118034_ADFD544***_05082023141958_80168206,No
2472840,LG,LDB454***,,,Standard,23.7,24.6,15,Yes,Stainless Steel,Fan-Assisted Dry,"Top Controls,Third Rack",238,307,22,2.9,5,42,No,,,,,05/04/2023,05/03/2023,"United States, Canada",ES_1118034_LDB454***_05082023141958_80168206,No
2472841,LG,LDF554#**,,,Standard,23.7,24.6,15,Yes,Stainless Steel,Fan-Assisted Dry,"Front Controls,Third Rack",238,307,22,2.9,5,42,No,,,,,05/04/2023,05/03/2023,"United States, Canada",ES_1118034_LDF554#**_05082023141958_80168206,No
2406462,LG,LDFC242**,,,Standard,23.7,24.6,15,Yes,Stainless Steel,Fan-Assisted Dry,"Top Controls,Self-Cleaning Filter,Third Rack",238,307,22,2.9,5,42,No,,,,,01/03/2023,01/03/2023,"United States, Canada",ES_1118034_LDFC242**_01042023012801_80154135,No
3360716,LG,LDFC353**,,,Standard,23.7,24.6,15,Yes,Stainless Steel,Fan-Assisted Dry,"Top Controls,Third Rack",238,307,22,2.9,5,42,No,,,,,01/02/2024,01/10/2024,"United States, Canada",ES_1118034_LDFC353**_01112024110602_80195541,No
2472843,LG,LDFN343**,,,Standard,23.7,24.6,15,Yes,Stainless Steel,Fan-Assisted Dry,Front Controls,238,307,22,2.9,5,42,No,,,,,05/04/2023,05/03/2023,"United States, Canada",ES_1118034_LDFN343**_05082023141958_80168206,No
2472842,LG,LDFN454**,,,Standard,23.7,24.6,15,Yes,Stainless Steel,Fan-Assisted Dry,"Front Controls,Third Rack",238,307,22,2.9,5,42,No,,,,,05/04/2023,05/03/2023,"United States, Canada",ES_1118034_LDFN454**_05082023141958_80168206,No
4437578,LG,LDNFC33L*,,,Standard,23.7,23.7,16,Yes,Stainless Steel,Automatic Door Release,"Front Controls,Third Rack,Pocket Handle",220,307,28,2.9,5,42,No,,,,,06/15/2025,06/16/2025,"United States, Canada",ES_1118034_LDNFC33L*_06172025164354_80258080,Yes
4481315,LG,LDNPH654*,,48231348201,Standard,23.8,23.8,16,Yes,Stainless Steel,"Automatic Door Release,Fan-Assisted Dry,Heated Dry","Top Controls,Cycle Status Lights,Third Rack,Pocket Handle",220,307,28,2.9,5,42,No,,,,,08/11/2025,08/06/2025,"United States, Canada",ES_1118034_LDNPH654*_08072025103706_80265161,Yes
4021642,LG,LDNPH753*,,,Standard,23.7,23.7,16,Yes,Stainless Steel,"Automatic Door Release,Heated Dry","Top Controls,Cycle Status Lights,Third Rack,Pocket Handle",220,307,28,2.9,5,42,No,,,,,04/21/2025,05/13/2025,"United States, Canada",ES_1118034_LDNPH753*_05142025105751_80254638,Yes
4021644,LG,LDNPM545*,,,Standard,23.7,23.7,16,Yes,Stainless Steel,"Automatic Door Release,Heated Dry","Top Controls,Cycle Status Lights,Third Rack,Poket Handle",220,307,28,2.9,5,42,No,,,,,04/21/2025,05/13/2025,"United States, Canada",ES_1118034_LDNPM545*_05142025105751_80254638,Yes
4481316,LG,LDNPM654*,,48231349178,Standard,23.8,23.8,16,Yes,Stainless Steel,"Automatic Door Release,Fan-Assisted Dry,Heated Dry","Top Controls,Cycle Status Lights,Third Rack,Pocket Handle",220,307,28,2.9,5,42,No,,,,,08/11/2025,08/06/2025,"United States, Canada",ES_1118034_LDNPM654*_08072025103706_80265161,Yes
4481317,LG,LDNPQ445*,,48231349192,Standard,23.8,23.8,16,Yes,Stainless Steel,Automatic Door Release,"Top Controls,Cycle Status Lights,Third Rack,Pocket Handle",220,307,28,2.9,5,42,No,,,,,08/11/2025,08/06/2025,"United States, Canada",ES_1118034_LDNPQ445*_08072025103706_80265161,Yes
4481318,LG,LDNPQ44H*,,48231348720,Standard,23.8,23.8,16,Yes,Stainless Steel,Automatic Door Release,"Top Controls,Cycle Status Lights,Third Rack,Pocket Handle",220,307,28,2.9,5,42,No,,,,,08/11/2025,08/06/2025,"United States, Canada",ES_1118034_LDNPQ44H*_08072025103706_80265161,Yes
4437579,LG,LDNTC326*,,,Standard,23.7,23.7,15,Yes,Stainless Steel,Automatic Door Release,"Top Controls,Cycle Status Lights,Bar Handle",220,307,28,2.9,5,42,No,,,,,06/15/2025,06/16/2025,"United States, Canada",ES_1118034_LDNTC326*_06172025164354_80258080,Yes
4021641,LG,LDNTH753*,,,Standard,23.7,23.7,16,Yes,Stainless Steel,"Automatic Door Release,Heated Dry","Top Controls,Cycle Status Lights,Third Rack,Bar Handle",220,307,28,2.9,5,42,No,,,,,04/21/2025,05/13/2025,"United States, Canada",ES_1118034_LDNTH753*_05142025105751_80254638,Yes
4481314,LG,LDNTH862*,,48231348140,Standard,23.8,23.8,16,Yes,Stainless Steel,"Automatic Door Release,Fan-Assisted Dry,Heated Dry","Top Controls,Cycle Status Lights,Third Rack,Bar Handle",220,307,28,2.9,5,42,No,,,,,08/11/2025,08/06/2025,"United States, Canada",ES_1118034_LDNTH862*_08072025103706_80265161,Yes
4021643,LG,LDNTM545*,,,Standard,23.7,23.7,16,Yes,Stainless Steel,"Automatic Door Release,Heated Dry","Top Controls,Cycle Status Lights,Third Rack,Bar Handle",220,307,28,2.9,5,42,No,,,,,04/21/2025,05/13/2025,"United States, Canada",ES_1118034_LDNTM545*_05142025105751_80254638,Yes
2524863,LG,LDP679#**,,,Standard,23.7,24.6,15,Yes,Stainless Steel,Fan-Assisted Dry,"Top Controls,Third Rack",238,307,22,2.9,5,42,No,,,,,06/21/2023,06/21/2023,"United States, Canada",ES_1118034_LDP679#**_06232023121509_80172922,No
2524864,LG,LDP681***,,,Standard,23.7,24.6,15,Yes,Stainless Steel,Fan-Assisted Dry,"Top Controls,Third Rack",238,307,22,2.9,5,42,No,,,,,06/21/2023,06/21/2023,"United States, Canada",ES_1118034_LDP679#**_6232023121509_80172922,No
3387591,LG,LDPH555**,,,Standard,23.7,24.6,15,Yes,Stainless Steel,Heated Dry,"Top Controls,Third Rack",238,307,22,2.9,5,42,No,,,,,01/02/2024,01/17/2024,"United States, Canada",ES_1118034_LDPH555**_01192024122113_80197910,No
3423324,LG,LDPH676**,,,Standard,23.7,24.6,15,Yes,Stainless Steel,Heated Dry,"Top Controls,Third Rack",238,307,22,2.9,5,42,No,,,,,03/18/2024,03/25/2024,"United States, Canada",ES_1118034_LDPH676**_03252024094731_80205476,No
2403788,LG,LDPH797**,,,Standard,23.7,24.6,15,Yes,Stainless Steel,Heated Dry,"Top Controls,Self-Cleaning Filter,Third Rack",238,307,22,2.9,5,42,No,,,,,10/28/2022,10/28/2022,"United States, Canada",ES_1118034_LDPH797**_10282022023555_80145943,No
2404737,LG,LDPM676**,,,Standard,23.7,24.6,15,Yes,Stainless Steel,Fan-Assisted Dry,"Top Controls,Self-Cleaning Filter,Third Rack",238,307,22,2.9,5,42,No,,,,,11/25/2022,11/18/2022,"United States, Canada",ES_1118034_LDPM676**_11182022011004_80149408,No
3360715,LG,LDPN454**,,,Standard,23.7,24.6,15,Yes,Stainless Steel,Fan-Assisted Dry,"Top Controls,Third Rack",238,307,22,2.9,5,42,No,,,,,01/02/2024,01/10/2024,"United States, Canada",ES_1118034_LDPN454**_01112024110602_80195541,No
2403789,LG,LDPS676**,,048231342667,Standard,23.7,24.6,15,Yes,Stainless Steel,Fan-Assisted Dry,"Top Controls,Self-Cleaning Filter,Third Rack",238,307,22,2.9,5,42,No,,,,,10/28/2022,10/28/2022,"United States, Canada",ES_1118034_LDPS676**_10282022023555_80145943,No
2524862,LG,LDT780#**,,,Standard,23.7,24.6,15,Yes,Stainless Steel,Fan-Assisted Dry,"Top Controls,Third Rack",238,307,22,2.9,5,42,No,,,,,06/21/2023,06/21/2023,"United States, Canada",ES_1118034_LDT780#**_06232023121509_80172922,No
3417413,LG,LDTH555**,,,Standard,23.7,24.6,15,Yes,Stainless Steel,Heated Dry,"Top Controls,Third Rack",238,307,22,2.9,5,42,No,,,,,02/02/2024,02/14/2024,"United States, Canada",ES_1118034_LDTH555**_02152024123706_80200034,No
2403787,LG,LDTH797**,,,Standard,23.7,24.6,15,Yes,Stainless Steel,Heated Dry,"Top Controls,Self-Cleaning Filter,Third Rack",238,307,22,2.9,5,42,No,,,,,10/28/2022,10/28/2022,"United States, Canada",ES_1118034_LDTH797**_10282022023555_80145943,No
2472839,LG,LDTS555**,,,Standard,23.7,24.6,15,Yes,Stainless Steel,Fan-Assisted Dry,"Top Controls,Third Rack",238,307,22,2.9,5,42,No,,,,,05/04/2023,05/03/2023,"United States, Canada",ES_1118034_LDTS555**_05082023141958_80168206,No
3999509,LG,SDNTHS72*,,,Standard,23.7,23.7,16,Yes,Stainless Steel,"Automatic Door Release,Fan-Assisted Dry,Heated Dry","Top Controls,Cycle Status Lights,Third Rack",220,307,28,2.9,5,42,No,,,,,03/04/2025,03/05/2025,"United States, Canada",ES_1118034_SDNTHS72*_03062025091809_80243199,Yes
2407264,LG,SDWB24**,,,Standard,23.7,24.6,15,Yes,Stainless Steel,Heated Dry,"Top Controls,Self-Cleaning Filter,Third Rack",238,307,22,2.9,5,42,No,,,,,02/01/2023,01/20/2023,"United States, Canada",ES_1118034_SDWB24**_01242023083726_80156126,No
2404738,LG,SDWD24**,,,Standard,23.7,24.6,14,Yes,Stainless Steel,Fan-Assisted Dry,"Top Controls,Self-Cleaning Filter,Third Rack",238,307,22,2.9,5,42,No,,,,,11/25/2022,11/18/2022,"United States, Canada",ES_1118034_SDWD24**_11182022011004_80149408,No
2472846,LG SIGNATURE,LUDP890***,,,Standard,23.7,24.6,15,Yes,Stainless Steel,Fan-Assisted Dry,"Top Controls,Third Rack",238,307,22,2.9,5,42,No,,,,,05/04/2023,05/03/2023,"United States, Canada",ES_1118034_LUDP890***_05082023141958_80168206,No
3998552,Loch,L1126,,,Compact,10.3,20.3,2,Yes,Hybrid (Plastic & Steel),None,None,80,222,64,1,3.5,71,No,,,,,02/21/2025,02/21/2025,United States,ES_1151407_L1126_02212025094903_80239223,No
2507602,Magic Chef,MCSCD6B5,,665679019137,Compact,21.7,19.7,6,Yes,Hybrid (Plastic & Steel),Air Dry,None,155,222,30,2,3.5,43,No,,,,,04/01/2023,04/14/2023,"United States, Canada",ES_0092264_MCSCD6B5_05292023110806_80164647,No
2507603,Magic Chef,MCSCD6W5,,665679016976,Compact,21.7,19.7,6,Yes,Hybrid (Plastic & Steel),Air Dry,None,155,222,30,2,3.5,43,No,,,,,04/01/2023,04/14/2023,"United States, Canada",ES_0092264_MCSCD6W5_05292023110806_80164647,No
2460519,Maytag,MDB4950SP**,,883049680224,Standard,23.9,24.5,12,Yes,Stainless Steel,Heated Dry,"Front Controls,Self-Cleaning Filter,Cycle Status Lights,Hard Food Filter",240,307,22,3.2,5,36,No,,,,,06/30/2023,04/19/2023,"United States, Canada",ES_22856_MDB4950SP**_041320231403207_4699137,No
4439594,Midea,MDB2324P**,",,(** denotes cosmetic differences, * could be A-Z, a-z, 0-9, - or blank)",840296518717,Standard,23.6,22.8,14,Yes,Hybrid (Plastic & Steel),Automatic Door Release,Third Rack,240,307,22,3.2,5,36,No,,,,,06/01/2025,07/01/2025,"United States, Canada",ES_1030337_MDB2324P**_070120250317895_1220469,No
2544060,Midea,MDC22P1***,,840296506349;876840012714,Compact,21.7,19.7,6,Yes,Hybrid (Plastic & Steel),Air Dry,None,155,222,30,2,3.5,43,No,,,,,06/01/2023,04/14/2023,"United States, Canada",ES_1030337_MDC22P1***_06272023115131_80169760,No
3418892,Midea,MDC22P2A**,,840296508480;876840012714,Compact,21.7,19.7,6,Yes,Hybrid (Plastic & Steel),Air Dry,None,155,222,30,2,3.5,43,No,,,,,10/01/2023,10/18/2023,"United States, Canada",ES_1030337_MDC22P2A**_03192024121251_80186729,No
3418893,Midea,MDC6S5***,,687636003867,Compact,21.7,19.7,6,Yes,Hybrid (Plastic & Steel),Air Dry,None,155,222,30,2,3.5,43,No,,,,,10/01/2023,10/18/2023,"United States, Canada",ES_1030337_MDC6S5***_03192024121251_80186729,No
4046723,Midea,MDE4324P**,",,Remark * could be A-Z, a-z, 0-9, - or blank",840296516645,Standard,23.9,24.5,16,Yes,Hybrid (Plastic & Steel),Air Dry,Top Controls,229,307,25,2.9,5,42,No,,,,,05/01/2025,05/20/2025,"United States, Canada",ES_1030337_MDE4324P**_052020250857806_9255118,No
2470862,Midea,MDF18A1A**,",,Remark: * could be A-Z, a-z, 0-9, - or blank.",840296503553;840296503560;840296503577,Standard,17.6,22.6,8,Yes,Stainless Steel,Heated Dry,None,234,307,24,3.1,5,38,No,,,,,04/01/2023,04/27/2023,United States,ES_1030337_MDF18A1A**_042720230115847_3299820,No
2470863,Midea,MDF24A2A**,",,Remark: * could be A-Z, a-z, 0-9, - or blank.",810040946769;810040948244;810040948251,Standard,23.5,22.6,8,Yes,Stainless Steel,Heated Dry,None,240,307,22,3.2,5,36,No,,,,,04/07/2023,04/27/2023,United States,ES_1030337_MDF24A2A**_042720230029465_4991914,No
2508267,Midea,MDF24P0***,",,Remark: * could be A-Z, a-z, 0-9, - or blank.",687636005366,Standard,23.9,24.5,14,Yes,Stainless Steel,Heated Dry,None,240,307,22,3.2,5,36,No,,,,,05/18/2023,06/13/2023,Canada,ES_1030337_MDF24P0***_061320230227714_2817193,No
2508274,Midea,MDF24P1A**,",,* could be A-Z, a-z, 0-9, - or blank",810040947810;810040949517;810040949524,Standard,23.9,24.5,14,Yes,Stainless Steel,Heated Dry,None,240,307,22,3.2,5,36,No,,,,,05/18/2023,06/13/2023,"United States, Canada",ES_1030337_MDF24P1A**_061320230539301_8896592,No
2404962,Midea,MDF24P1B**,",,* can be A-Z, a-z, 0-9, - or blank.",840296502969,Standard,23.6,22.7,8,Yes,Hybrid (Plastic & Steel),Heated Dry,Top Controls,240,307,22,3.2,5,36,No,,,,,11/01/2022,11/28/2022,United States,ES_1030337_MDF24P1B**_112820220529317_4869241,No
2508302,Midea,MDF24P2B**,",,* could be A-Z, a-z, 0-9, - or blank",840296506813,Standard,23.6,22.7,8,Yes,Hybrid (Plastic & Steel),Heated Dry,Top Controls,240,307,22,3.2,5,36,No,,,,,05/18/2023,06/14/2023,"United States, Canada",ES_1030337_MDF24P2B**_061420230222783_2100811,No
2508270,Midea,MDF24P3A**,",,Remark: * could be A-Z, a-z, 0-9, - or blank.",810040947803,Standard,23.9,24.5,14,Yes,Stainless Steel,Heated Dry,None,240,307,22,3.2,5,36,No,,,,,05/18/2023,06/13/2023,"United States, Canada",ES_1030337_MDF24P3A**_061320230227379_8877912,No
2608331,Midea,MDP18B10A***,,687636007537,Standard,17.6,23.6,8,Yes,Stainless Steel,Air Dry,None,240,307,22,3.2,5,36,No,,,,,07/01/2023,07/05/2023,"United States, Canada",ES_1030337_MDP18B10A***_07252023112859_80175396,No
3417905,Midea,MDT24H14****,",,Remark * could be A-Z, a-z, 0-9, - or blank.",687636008442,Standard,23.9,24.5,14,Yes,Hybrid (Plastic & Steel),Heated Dry,Top Controls,240,307,22,3.2,5,36,No,,,,,03/01/2024,03/12/2024,Canada,ES_1030337_MDT24H14****_03122024084534_1896144,No
2508273,Midea,MDT24H2A**,",,* could be A-Z, a-z, 0-9, - or blank",810040941177,Standard,23.9,24.5,14,Yes,Stainless Steel,Heated Dry,None,240,307,22,3.2,5,36,No,,,,,05/18/2023,06/13/2023,"United States, Canada",ES_1030337_MDT24H2A**_061320230540158_2164000,No
2508268,Midea,MDT24H3A***,",,Remark: * could be A-Z, a-z, 0-9, - or blank.",687636002204;817986026784,Standard,23.9,24.5,14,Yes,Stainless Steel,Heated Dry,None,240,307,22,3.2,5,36,No,,,,,05/18/2023,06/13/2023,"United States, Canada",ES_1030337_MDT24H3A***_061320230227101_7220054,No
3706656,Midea,MDT24P3C**,",,Remark * could be A-Z, a-z, 0-9, - or blank",840296513347,Standard,23.9,24.5,16,Yes,Hybrid (Plastic & Steel),Air Dry,Top Controls,229,307,25,2.9,5,42,No,,,,,10/01/2024,10/21/2024,"United States, Canada",ES_1030337_MDT24P3C**_102120240858178_5691648,No
2508271,Midea,MDT24P4A**,",,Remark: * could be A-Z, a-z, 0-9, - or blank.",810040944000,Standard,23.9,24.5,14,Yes,Stainless Steel,Heated Dry,None,240,307,22,3.2,5,36,No,,,,,05/18/2023,06/13/2023,"United States, Canada",ES_1030337_MDT24P4A**_061320230228713_3066673,No
2508272,Midea,MDT24P5A**,",,Remark: * could be A-Z, a-z, 0-9, - or blank.",810040942754,Standard,23.9,24.5,14,Yes,Stainless Steel,Heated Dry,None,240,307,22,3.2,5,36,No,,,,,05/18/2023,06/13/2023,"United States, Canada",ES_1030337_MDT24P5A**_06132023022817_3603480,No
2508269,Midea,MDT24X2A**,",,Remark: * could be A-Z, a-z, 0-9, - or blank.",840296501368,Standard,23.9,24.5,14,Yes,Stainless Steel,Heated Dry,None,240,307,22,3.2,5,36,No,,,,,05/18/2023,06/13/2023,"United States, Canada",ES_1030337_MDT24X2A**_06132023022837_6662080,No
3418891,Midea,WQP6-3602M-US,,,Compact,21.7,19.7,6,Yes,Hybrid (Plastic & Steel),Air Dry,None,155,222,30,2,3.5,43,No,,,,,10/01/2023,10/18/2023,"United States, Canada",ES_1030337_WQP6-3602M-US_03192024121251_80186729,No
2508390,Miele,G 5006 SCU,,4002516361527;4002516361534;4002516361541;4002516376507,Standard,23.6,21.8,16,Yes,Stainless Steel,Condensation Dry,"Front Controls,Cycle Status Lights,Third Rack",230,307,25,3.2,5,36,No,,,,,02/01/2021,06/15/2023,"United States, Canada",ES_0031629_G 5006 SCU_06152023121128_80173476,No
2508389,Miele,G 5006 U,,4002516361107;4002516361510,Standard,23.6,21.8,13,Yes,Stainless Steel,Condensation Dry,"Front Controls,Cycle Status Lights",230,307,25,3.2,5,36,No,,,,,02/01/2021,06/15/2023,"United States, Canada",ES_0031629_G 5006 U_06152023121128_80173476,No
2508395,Miele,G 5008 SCU,,4002516523550,Standard,23.6,21.8,16,Yes,Stainless Steel,Condensation Dry,"Front Controls,Cycle Status Lights,Third Rack",230,307,25,3.2,5,36,No,,,,,10/09/2022,06/15/2023,United States,ES_0031629_G 5008 SCU_06152023121128_80173476,No
2508391,Miele,G 5051 SCVi,,4002516361558;4002516376613,Standard,23.6,21.8,16,Yes,Stainless Steel,Condensation Dry,"Top Controls,Cycle Status Lights,Third Rack",230,307,25,3.2,5,36,No,,,,,02/01/2021,06/15/2023,"United States, Canada",ES_0031629_G 5051 SCVi_06152023121128_80173476,No
2508392,Miele,G 5056 SCVi,,4002516361565;4002516376132,Standard,23.6,21.8,16,Yes,Stainless Steel,Condensation Dry,"Top Controls,Cycle Status Lights,Third Rack",230,307,25,3.2,5,36,No,,,,,02/01/2021,06/15/2023,"United States, Canada",ES_0031629_G 5056 SCVi_06152023121128_80173476,No
2508393,Miele,G 5056 SCVi SF,,4002516397687,Standard,23.6,21.8,16,Yes,Stainless Steel,Condensation Dry,"Top Controls,Cycle Status Lights,Third Rack",230,307,25,3.2,5,36,No,,,,,02/01/2021,06/15/2023,United States,ES_0031629_G 5056 SCVi SF_06152023121128_80173476,No
2508394,Miele,G 5056 SCVi SFP,,4002516376149,Standard,23.6,21.8,16,Yes,Stainless Steel,Condensation Dry,"Top Controls,Cycle Status Lights,Third Rack",230,307,25,3.2,5,36,No,,,,,02/01/2021,06/15/2023,United States,ES_0031629_G 5056 SCVi SFP_06152023121128_80173476,No
2508396,Miele,G 5058 SCVi SFP,,4002516523628;4002516796640,Standard,23.6,21.8,16,Yes,Stainless Steel,Condensation Dry,"Top Controls,Cycle Status Lights,Third Rack",230,307,25,3.2,5,36,No,,,,,10/09/2022,06/15/2023,"United States, Canada",ES_0031629_G 5058 SCVi SFP_06152023121128_80173476,No
2508381,Miele,G 5216 SCU,,4002516361572,Standard,23.6,21.8,16,Yes,Stainless Steel,"Automatic Door Release,Condensation Dry,Fan-Assisted Dry","Top Controls,Cycle Status Lights,Third Rack",230,307,25,3.2,5,36,No,,,,,02/01/2021,06/15/2023,"United States, Canada",ES_0031629_G 5216 SCU_06152023121128_80173476,No
2508382,Miele,G 5266 SCVi,,4002516361589;4002516376156,Standard,23.6,21.8,16,Yes,Stainless Steel,"Automatic Door Release,Condensation Dry,Fan-Assisted Dry","Top Controls,Cycle Status Lights,Third Rack",230,307,25,3.2,5,36,No,,,,,02/01/2021,06/15/2023,"United States, Canada",ES_0031629_G 5266 SCVi_06152023121128_80173476,No
2508383,Miele,G 5266 SCVi SF,,4002516376163,Standard,23.6,21.8,16,Yes,Stainless Steel,"Automatic Door Release,Condensation Dry,Fan-Assisted Dry","Top Controls,Cycle Status Lights,Third Rack",230,307,25,3.2,5,36,No,,,,,02/01/2021,06/15/2023,United States,ES_0031629_G 5266 SCVi SF_06152023121128_80173476,No
2508384,Miele,G 5266 SCVi SFP,,4002516397694;4002516796657,Standard,23.6,21.8,16,Yes,Stainless Steel,"Automatic Door Release,Condensation Dry,Fan-Assisted Dry","Top Controls,Cycle Status Lights,Third Rack",230,307,25,3.2,5,36,No,,,,,02/01/2021,06/15/2023,"United States, Canada",ES_0031629_G 5266 SCVi SFP_06152023121128_80173476,No
2508388,Miele,G 5268 SCVi SF,,4002516523635,Standard,23.6,21.8,16,Yes,Stainless Steel,"Automatic Door Release,Condensation Dry,Fan-Assisted Dry","Top Controls,Cycle Status Lights,Third Rack",230,307,25,3.2,5,36,No,,,,,01/01/2022,06/15/2023,United States,ES_0031629_G 5268 SCVi SF_06152023121128_80173476,No
2508397,Miele,G 5482 SCVi SL,,4002516361596;4002516376170,Standard,17.8,21.8,10,Yes,Stainless Steel,Condensation Dry,"Top Controls,Cycle Status Lights,Third Rack",220,307,28,3.2,5,36,No,,,,,02/01/2021,06/15/2023,"United States, Canada",ES_0031629_G 5482 SCVi SL_06152023121128_80173476,Yes
2508398,Miele,G 5892 SCVi SL,,4002516376187,Standard,17.8,21.8,10,Yes,Stainless Steel,"Automatic Door Release,Condensation Dry,Fan-Assisted Dry","Top Controls,Cycle Status Lights,Third Rack",200,307,35,3.2,5,36,No,,,,,02/01/2021,06/15/2023,United States,ES_0031629_G 5892 SCVi SL_06152023121128_80173476,Yes
2508367,Miele,G 7106 SCU,,4002516261445;4002516261599,Standard,23.6,21.8,16,Yes,Stainless Steel,"Automatic Door Release,Condensation Dry,Fan-Assisted Dry","Front Controls,Cycle Status Lights,Third Rack",230,307,25,3.2,5,36,No,,,,,04/01/2020,06/15/2023,"United States, Canada",ES_0031629_G 7106 SCU_06152023121128_80173476,No
2508368,Miele,G 7156 SCVi,,4002516261452;4002516261605,Standard,23.6,21.8,16,Yes,Stainless Steel,"Automatic Door Release,Condensation Dry,Fan-Assisted Dry","Top Controls,Cycle Status Lights,Third Rack",230,307,25,3.2,5,36,No,,,,,04/01/2020,06/15/2023,"United States, Canada",ES_0031629_G 7156 SCVi_06152023121128_80173476,No
2508369,Miele,G 7156 SCVi SF,,4002516260363;4002516569145,Standard,23.6,21.8,16,Yes,Stainless Steel,"Automatic Door Release,Condensation Dry,Fan-Assisted Dry","Top Controls,Cycle Status Lights,Third Rack",230,307,25,3.2,5,36,No,,,,,04/01/2020,06/15/2023,United States,ES_0031629_G 7156 SCVi SF_06152023121128_80173476,No
2508380,Miele,G 7158 SCVi SFP,,4002516383376,Standard,23.6,21.8,16,Yes,Stainless Steel,"Automatic Door Release,Condensation Dry,Fan-Assisted Dry","Top Controls,Cycle Status Lights,Third Rack",230,307,25,3.2,5,36,No,,,,,02/01/2021,06/15/2023,United States,ES_0031629_G 7158 SCVi SFP_06152023121128_80173476,No
2508385,Miele,G 7166 SCVi,,4002516514282,Standard,23.6,21.8,16,Yes,Stainless Steel,"Automatic Door Release,Condensation Dry,Fan-Assisted Dry","Top Controls,Cycle Status Lights,Third Rack",230,307,25,3.2,5,36,No,,,,,01/01/2022,06/15/2023,United States,ES_0031629_G 7166 SCVi_06152023121128_80173476,No
2508386,Miele,G 7166 SCVi SFP,,4002516514350,Standard,23.6,21.8,16,Yes,Stainless Steel,"Automatic Door Release,Condensation Dry,Fan-Assisted Dry","Top Controls,Cycle Status Lights,Third Rack",230,307,25,3.2,5,36,No,,,,,01/01/2022,06/15/2023,United States,ES_0031629_G 7166 SCVi SFP_06152023121128_80173476,No
2508387,Miele,G 7176 SCVi SF,,4002516548485,Standard,23.6,21.8,16,Yes,Stainless Steel,"Automatic Door Release,Condensation Dry,Fan-Assisted Dry","Top Controls,Cycle Status Lights,Third Rack",230,307,25,3.2,5,36,No,,,,,01/01/2022,06/15/2023,United States,ES_0031629_G 7176 SCVi SF_06152023121128_80173476,No
2679740,Miele,G 7186 SCVi,,4002516770794;4002516770954,Standard,23.6,21.8,16,Yes,Stainless Steel,"Automatic Door Release,Condensation Dry,Fan-Assisted Dry","Top Controls,Cycle Status Lights,Third Rack",210,307,32,3.2,5,36,No,,,,,05/01/2024,10/10/2023,"United States, Canada",ES_0031629_G 7186 SCVi_10102023103223_80185868,Yes
2679741,Miele,G 7186 SCVi SFP,,4002516770671,Standard,23.6,21.8,16,Yes,Stainless Steel,"Automatic Door Release,Condensation Dry,Fan-Assisted Dry","Top Controls,Cycle Status Lights,Third Rack",210,307,32,3.2,5,36,No,,,,,05/01/2024,10/10/2023,United States,ES_0031629_G 7186 SCVi SFP_10102023103223_80185868,Yes
2679742,Miele,G 7193 SCVi,,4002516770688,Standard,23.6,21.8,16,Yes,Stainless Steel,"Automatic Door Release,Condensation Dry,Fan-Assisted Dry","Top Controls,Cycle Status Lights,Third Rack",210,307,32,3.2,5,36,No,,,,,05/01/2024,10/10/2023,United States,ES_0031629_G 7193 SCVi_10102023103223_80185868,Yes
2679743,Miele,G 7196 SCVi SF,,4002516770695,Standard,23.6,21.8,16,Yes,Stainless Steel,"Automatic Door Release,Condensation Dry,Fan-Assisted Dry","Top Controls,Cycle Status Lights,Third Rack",210,307,32,3.2,5,36,No,,,,,05/01/2024,10/10/2023,United States,ES_0031629_G 7196 SCVi SF_10102023103223_80185868,Yes
2679744,Miele,G 7216 SCU,,4002516770404;4002516770961,Standard,23.6,21.8,16,Yes,Stainless Steel,"Automatic Door Release,Condensation Dry,Fan-Assisted Dry","Front Controls,Cycle Status Lights,Third Rack",210,307,32,3.2,5,36,No,,,,,05/01/2024,10/10/2023,"United States, Canada",ES_0031629_G 7216 SCU_10102023103223_80185868,Yes
2679745,Miele,G 7266 SCVi,,4002516770817;4002516770978,Standard,23.6,21.8,16,Yes,Stainless Steel,"Automatic Door Release,Condensation Dry,Fan-Assisted Dry","Top Controls,Cycle Status Lights,Third Rack",210,307,32,3.2,5,36,No,,,,,05/01/2024,10/10/2023,"United States, Canada",ES_0031629_G 7266 SCVi_10102023103223_80185868,Yes
2679746,Miele,G 7266 SCVi SF,,4002516770824,Standard,23.6,21.8,16,Yes,Stainless Steel,"Automatic Door Release,Condensation Dry,Fan-Assisted Dry","Top Controls,Cycle Status Lights,Third Rack",210,307,32,3.2,5,36,No,,,,,05/01/2024,10/10/2023,United States,ES_0031629_G 7266 SCVi SF_10102023103223_80185868,Yes
2679747,Miele,G 7268 SCVi SFP,,4002516770831,Standard,23.6,21.8,16,Yes,Stainless Steel,"Automatic Door Release,Condensation Dry,Fan-Assisted Dry","Top Controls,Cycle Status Lights,Third Rack",210,307,32,3.2,5,36,No,,,,,05/01/2024,10/10/2023,United States,ES_0031629_G 7268 SCVi SFP_10102023103223_80185868,Yes
2508370,Miele,G 7316 SCU,,4002516260370;4002516260387;4002516260394;4002516261612,Standard,23.6,21.8,16,Yes,Stainless Steel,"Automatic Door Release,Condensation Dry,Fan-Assisted Dry","Front Controls,Cycle Status Lights,Third Rack",230,307,25,3.2,5,36,No,,,,,04/01/2020,06/15/2023,"United States, Canada",ES_0031629_G 7316 SCU_06152023121128_80173476,No
2508371,Miele,G 7366 SCVi,,4002516260400;4002516261629,Standard,23.6,21.8,16,Yes,Stainless Steel,"Automatic Door Release,Condensation Dry,Fan-Assisted Dry","Top Controls,Cycle Status Lights,Third Rack",230,307,25,3.2,5,36,No,,,,,04/01/2020,06/15/2023,"United States, Canada",ES_0031629_G 7366 SCVi_06152023121128_80173476,No
2508372,Miele,G 7366 SCVi SF,,4002516261513;4002516569152,Standard,23.6,21.8,16,Yes,Stainless Steel,"Automatic Door Release,Condensation Dry,Fan-Assisted Dry","Top Controls,Cycle Status Lights,Third Rack",230,307,25,3.2,5,36,No,,,,,04/01/2020,06/15/2023,United States,ES_0031629_G 7366 SCVi SF_06152023121128_80173476,No
2508373,Miele,G 7516 SCi,,4002516261520;4002516261636,Standard,23.6,21.8,16,Yes,Stainless Steel,"Automatic Door Release,Condensation Dry,Fan-Assisted Dry","Front Controls,Cycle Status Lights,Third Rack",230,307,25,3.2,5,36,No,,,,,04/01/2020,06/15/2023,"United States, Canada",ES_0031629_G 7516 SCi_06152023121128_80173476,No
2508374,Miele,G 7566 SCVi,,4002516261537;4002516261643,Standard,23.6,21.8,16,Yes,Stainless Steel,"Automatic Door Release,Condensation Dry,Fan-Assisted Dry","Top Controls,Cycle Status Lights,Third Rack",230,307,25,3.2,5,36,No,,,,,04/01/2020,06/15/2023,"United States, Canada",ES_0031629_G 7566 SCVi_06152023121128_80173476,No
2508375,Miele,G 7566 SCVi SF,,4002516261544;4002516569169,Standard,23.6,21.8,16,Yes,Stainless Steel,"Automatic Door Release,Condensation Dry,Fan-Assisted Dry","Top Controls,Cycle Status Lights,Third Rack",230,307,25,3.2,5,36,No,,,,,04/01/2020,06/15/2023,United States,ES_0031629_G 7566 SCVi SF_06152023121128_80173476,No
2508376,Miele,G 7591 SCVi,,4002516261551,Standard,23.6,21.8,16,Yes,Stainless Steel,"Automatic Door Release,Condensation Dry,Fan-Assisted Dry","Top Controls,Cycle Status Lights,Third Rack",230,307,25,3.2,5,36,No,,,,,04/01/2020,06/15/2023,United States,ES_0031629_G 7591 SCVi_06152023121128_80173476,No
2508377,Miele,G 7596 SCVi,,4002516261568,Standard,23.6,21.8,16,Yes,Stainless Steel,"Automatic Door Release,Condensation Dry,Fan-Assisted Dry","Top Controls,Cycle Status Lights,Third Rack",230,307,25,3.2,5,36,No,,,,,04/01/2020,06/15/2023,United States,ES_0031629_G 7596 SCVi_06152023121128_80173476,No
2679748,Miele,G 7606 SCU,,4002516770848;4002516770985,Standard,23.6,21.8,16,Yes,Stainless Steel,"Automatic Door Release,Condensation Dry,Fan-Assisted Dry","Front Controls,Cycle Status Lights,Third Rack",210,307,32,3.2,5,36,No,,,,,05/01/2024,10/10/2023,"United States, Canada",ES_0031629_G 7606 SCU_10102023103223_80185868,Yes
2679749,Miele,G 7656 SCVi,,4002516770855;4002516770992,Standard,23.6,21.8,16,Yes,Stainless Steel,"Automatic Door Release,Condensation Dry,Fan-Assisted Dry","Top Controls,Cycle Status Lights,Third Rack",210,307,32,3.2,5,36,No,,,,,05/01/2024,10/10/2023,"United States, Canada",ES_0031629_G 7656 SCVi_10102023103223_80185868,Yes
2679750,Miele,G 7656 SCVi SF,,4002516770725,Standard,23.6,21.8,16,Yes,Stainless Steel,"Automatic Door Release,Condensation Dry,Fan-Assisted Dry","Top Controls,Cycle Status Lights,Third Rack",210,307,32,3.2,5,36,No,,,,,05/01/2024,10/10/2023,United States,ES_0031629_G 7656 SCVi SF_10102023103223_80185868,Yes
2679751,Miele,G 7716 SCi,,4002516770916,Standard,23.6,21.8,16,Yes,Stainless Steel,"Automatic Door Release,Condensation Dry,Fan-Assisted Dry","Front Controls,Cycle Status Lights,Third Rack",210,307,32,3.2,5,36,No,,,,,05/01/2024,10/10/2023,"United States, Canada",ES_0031629_G 7716 SCi_10102023103223_80185868,Yes
2679752,Miele,G 7766 SCVi,,4002516770732;4002516770923,Standard,23.6,21.8,16,Yes,Stainless Steel,"Automatic Door Release,Condensation Dry,Fan-Assisted Dry","Top Controls,Cycle Status Lights,Third Rack",210,307,32,3.2,5,36,No,,,,,05/01/2024,10/10/2023,"United States, Canada",ES_0031629_G 7766 SCVi_10102023103223_80185868,Yes
2679753,Miele,G 7766 SCVi SF,,4002516770749,Standard,23.6,21.8,16,Yes,Stainless Steel,"Automatic Door Release,Condensation Dry,Fan-Assisted Dry","Top Controls,Cycle Status Lights,Third Rack",210,307,32,3.2,5,36,No,,,,,05/01/2024,10/10/2023,United States,ES_0031629_G 7766 SCVi SF_10102023103223_80185868,Yes
2679754,Miele,G 7791 SCVi,,4002516770756,Standard,23.6,21.8,16,Yes,Stainless Steel,"Automatic Door Release,Condensation Dry,Fan-Assisted Dry","Top Controls,Cycle Status Lights,Third Rack",210,307,32,3.2,5,36,No,,,,,05/01/2024,10/10/2023,United States,ES_0031629_G 7791 SCVi_10102023103223_80185868,Yes
2679755,Miele,G 7796 SCVi,,4002516770763,Standard,23.6,21.8,16,Yes,Stainless Steel,"Automatic Door Release,Condensation Dry,Fan-Assisted Dry","Top Controls,Cycle Status Lights,Third Rack",210,307,32,3.2,5,36,No,,,,,05/01/2024,10/10/2023,United States,ES_0031629_G 7796 SCVi_10102023103223_80185868,Yes
2508378,Miele,G 7916 SCi,,4002516261575;4002516261650,Standard,23.6,21.8,16,Yes,Stainless Steel,"Automatic Door Release,Condensation Dry,Fan-Assisted Dry","Front Controls,Cycle Status Lights,Third Rack",230,307,25,3.2,5,36,No,,,,,04/01/2020,06/15/2023,"United States, Canada",ES_0031629_G 7916 SCi_06152023121128_80173476,No
2679756,Miele,G 7936 SCi,,4002516770770;4002516770930,Standard,23.6,21.8,16,Yes,Stainless Steel,"Automatic Door Release,Condensation Dry,Fan-Assisted Dry","Front Controls,Cycle Status Lights,Third Rack",210,307,32,3.2,5,36,No,,,,,05/01/2024,10/10/2023,"United States, Canada",ES_0031629_G 7936 SCi_10102023103223_80185868,Yes
2508379,Miele,G 7966 SCVi,,4002516261582;4002516261667,Standard,23.6,21.8,16,Yes,Stainless Steel,"Automatic Door Release,Condensation Dry,Fan-Assisted Dry","Top Controls,Cycle Status Lights,Third Rack",230,307,25,3.2,5,36,No,,,,,04/01/2020,06/15/2023,"United States, Canada",ES_0031629_G 7966 SCVi_06152023121128_80173476,No
2679757,Miele,G 7986 SCVi,,4002516770787;4002516770947,Standard,23.6,21.8,16,Yes,Stainless Steel,"Automatic Door Release,Condensation Dry,Fan-Assisted Dry","Top Controls,Cycle Status Lights,Third Rack",210,307,32,3.2,5,36,No,,,,,05/01/2024,10/10/2023,"United States, Canada",ES_0031629_G 7986 SCVi_10102023103223_80185868,Yes
3417430,Moffat,MBF420S*P***,,067732155774,Standard,23.5,22.4,12,Yes,Stainless Steel,Heated Dry,Front Controls,234,307,24,3.2,5,36,No,,,,,02/16/2024,02/15/2024,Canada,ES_1130609_MBF420S*P***_021320241902211_9263792,No
3417431,Moffat,MBF422S*M***,,067732153114,Standard,23.5,22.4,12,Yes,Stainless Steel,Heated Dry,Front Controls,234,307,24,3.2,5,36,No,,,,,02/16/2024,02/15/2024,Canada,ES_1130609_MBF422S*M***_021320241902199_8908623,No
3462875,Moffat,MBT42***V***,",MBT425SGV0WW,",818502001513,Standard,23.6,23.2,12,Yes,Stainless Steel,Condensation Dry,Top Controls,240,307,22,3.2,5,36,No,,,,,05/06/2024,04/24/2024,Canada,ES_92277_MBT42***V***_042120241506828_4133672,No
3009736,Monogram,ZDT925**N***,,084691848356;084691848363;084691848455,Standard,23.8,24,16,Yes,Stainless Steel,Heated Dry,"Top Controls,Cycle Status Lights,Hard Food Filter,Third Rack",240,307,22,3.2,5,36,No,,,,,01/16/2024,12/20/2023,"United States, Canada",ES_1123206_ZDT925**N***_12202023165638_80194723,No
2453103,Samsung,DW80CG545*****,,887276761466;887276761473;887276763859;887276763866,Standard,23.9,25,15,Yes,Stainless Steel,Automatic Door Release,"Top Controls,Third Rack,Storm Wash",239,307,22,3.2,5,36,No,,,,,07/17/2023,04/06/2023,"United States, Canada",ES_1023593_DW80CG545*****3_04102023113423_80160088,No
3417575,Samsung,DW80DG5200**,",,* could be A-Z, a-z, 0-9, - or blank.",887276824840,Standard,23.9,24.8,15,Yes,Stainless Steel,Automatic Door Release,None,225,307,27,3.2,5,36,No,,,,,02/09/2024,02/27/2024,"United States, Canada",ES_1023593_DW80DG5200**_022720240219267_3213371,Yes
3417576,Samsung,DW80DG5500**,",,* could be A-Z, a-z, 0-9, - or blank.",887276824857,Standard,23.9,24.8,15,Yes,Stainless Steel,Automatic Door Release,None,225,307,27,3.2,5,36,No,,,,,02/09/2024,02/27/2024,"United States, Canada",ES_1023593_DW80DG5500**_022720240219189_2042285,Yes
2409707,Samsung,DW80R995***,,887276296623;887276296630;887276296647;887276296654;887276320137;887276581798,Standard,23.9,25,12,Yes,Stainless Steel,Automatic Door Release,"Top Controls,Cycle Status Lights,Third Rack",239,307,22,3.2,5,36,No,,,,,02/20/2019,02/26/2023,"United States, Canada",ES_1023593_DW80R995*** 3_03062023133133_80157955,No
3798910,Samsung,DW90F8**0***,,887276931456;887276931463;887276931470;887276931487,Standard,23.9,25,16,Yes,Stainless Steel,Automatic Door Release,"Top Controls,Third Rack",225,307,27,2.9,5,42,No,,,,,02/21/2025,11/20/2024,"United States, Canada",ES_1023593_DW90F8**0***_11202024101728_80231784,Yes
3354367,Savalo,SDW50012PR,,197644332106,Standard,23.5,21.7,10,Yes,Hybrid (Plastic & Steel),Heated Dry,Top Controls,234,307,24,3.2,5,36,No,,,,,09/01/2023,12/27/2023,"United States, Canada",ES_1149787_SDW50012PR_122720230722884_1769290,No
2470869,Seasons,SDF24P2A**,",,Remark: * could be A-Z, a-z, 0-9, - or blank.",840296505724;840296505731;840296505748,Standard,23.9,24.5,8,Yes,Stainless Steel,Heated Dry,None,240,307,22,3.2,5,36,No,,,,,04/10/2023,04/27/2023,United States,ES_1048137_SDF24P2A**_042720230653731_3025032,No
3722056,Seasons,SDT24H3A**,",,Remark: * could be A-Z, a-z, 0-9, - or blank",840296514382,Standard,23.9,24.5,12,Yes,Hybrid (Plastic & Steel),Heated Dry,Top Controls,240,307,22,3.2,5,36,No,,,,,10/15/2024,10/30/2024,United States,ES_1048137_SDT24H3A**_103020240022145_1936192,No
3557059,Sharp,SDW4523**,",,Remark: * could be A-Z, a-z, 0-9, - or blank.",07400062279,Standard,17.6,22.6,8,Yes,Stainless Steel,Air Dry,None,240,307,22,3.2,5,36,No,,,,,07/01/2024,08/02/2024,United States,ES_41229_SDW4523**_08022024033804_4818715,No
3627181,Sharp,SDW6504M*,",,Remark: * could be A-Z, a-z, 0-9, - or blank",074000622807,Standard,23.6,22.8,14,Yes,Hybrid (Plastic & Steel),Heated Dry,Top Controls,240,307,22,3.2,5,36,No,,,,,08/26/2024,09/11/2024,"United States, Canada",ES_41229_SDW6504M*_091120240342499_2757147,No
2508300,Sharp,SDW6506**,",,* could be A-Z, a-z, 0-9, - or blank.",074000622265,Standard,23.6,22.7,8,Yes,Hybrid (Plastic & Steel),Heated Dry,Top Controls,240,307,22,3.2,5,36,No,,,,,05/19/2023,06/14/2023,United States,ES_41229_SDW6506**_061420230250529_4869442,No
3627183,Sharp,SDW6726M*,",,Remark: * could be A-Z, a-z, 0-9, - or blank",074000622814,Standard,23.9,24.5,14,Yes,Hybrid (Plastic & Steel),Heated Dry,Top Controls,240,307,22,3.2,5,36,No,,,,,08/26/2024,09/11/2024,"United States, Canada",ES_41229_SDW6726M*_091120240350173_5078810,No
3627182,Sharp,SDW6736M*,",,Remark: * could be A-Z, a-z, 0-9, - or blank",074000622821,Standard,23.9,24.5,14,Yes,Hybrid (Plastic & Steel),Heated Dry,Top Controls,240,307,22,3.2,5,36,No,,,,,08/26/2024,09/11/2024,"United States, Canada",ES_41229_SDW6736M*_091120240349618_7062576,No
2485664,Sharp,SDW6747GS,,074000621527,Standard,23.9,24.5,8,Yes,Stainless Steel,Heated Dry,None,240,307,22,3.2,5,36,No,,,,,04/01/2023,05/16/2023,United States,ES_41229_SDW6747GS_051620230737180_9376128,No
2485662,Sharp,SDW6757ES,,074000620834,Standard,23.9,24.5,8,Yes,Stainless Steel,Heated Dry,None,240,307,22,3.2,5,36,No,,,,,04/01/2023,05/16/2023,United States,ES_41229_SDW6757ES_051620230739650_5290188,No
2485663,Sharp,SDW6767HS,,074000621718,Standard,23.9,24.5,8,Yes,Stainless Steel,Heated Dry,None,240,307,22,3.2,5,36,No,,,,,04/01/2023,05/16/2023,United States,ES_41229_SDW6767HS_051620230739289_9986206,No
2636117,Sharp,SDW6888**,",,* could be A-Z, a-z, 0-9, - or blank.",074000622258,Standard,23.9,24.5,14,Yes,Stainless Steel,Heated Dry,None,229,307,25,2.9,5,42,No,,,,,07/13/2023,08/17/2023,United States,ES_41229_SDW6888**_081720230642704_4626916,No
2524861,Signature Kitchen Suite,SKSDW24***,,,Standard,23.7,24.6,15,Yes,Stainless Steel,Fan-Assisted Dry,"Top Controls,Third Rack",238,307,22,2.9,5,42,No,,,,,06/21/2023,06/21/2023,"United States, Canada",ES_1118034_SKSDW24***_06232023121509_80172922,No
2407265,Signature Kitchen Suite,SKSDW241**,,,Standard,23.7,24.6,15,Yes,Stainless Steel,Heated Dry,"Top Controls,Self-Cleaning Filter,Third Rack",238,307,22,2.9,5,42,No,,,,,02/01/2023,01/20/2023,"United States, Canada",ES_1118034_SKSDW241**_01242023083726_80156126,No
2472844,Signature Kitchen Suite,SKSDW24**P,,,Standard,23.7,24.6,14,Yes,Stainless Steel,Fan-Assisted Dry,"Top Controls,Third Rack",238,307,22,2.9,5,42,No,,,,,05/04/2023,05/03/2023,"United States, Canada",ES_1118034_SKSDW24**P_05082023141958_80168206,No
3627184,Smad,DDB**-60T*MU-6502,",,Remark: * could be A-Z, a-z, 0-9, - or blank",850022832826,Standard,23.9,26.5,14,Yes,Hybrid (Plastic & Steel),Heated Dry,Top Controls,240,307,22,3.2,5,36,No,,,,,08/26/2024,09/11/2024,"United States, Canada",ES_1144306_DDB**-60T*MU-6502_091120240504746_5257113,No
3526766,Smad,DDB8-57BSMU(7714D),,850022832857,Standard,17.6,21.7,8,Yes,Stainless Steel,Heated Dry,None,234,307,24,3.1,5,38,No,,,,,05/01/2024,05/21/2024,"United States, Canada",ES_1144306_DDB8-57BSMU(7714D)_052120240229992_8489708,No
4015918,Smeg,DW8600,,812895027228,Standard,23.6,23.8,15,Yes,Stainless Steel,Condensation Dry,Top Controls,234,307,24,3,5,40,No,,,,,06/15/2025,04/21/2025,"United States, Canada",ES_92281_DW8600_041520251132107_1313855,No
3627171,Smeg,STU1822,,812895026429,Standard,17.6,21.7,8,Yes,Stainless Steel,Condensation Dry,Top Controls,234,307,24,3,5,40,No,,,,,10/01/2024,09/10/2024,"United States, Canada",ES_92281_STU1822_090820241911548_8072810,No
3417781,Smeg,STU2FABBL2,",LSPU8653X,; ,STU2FABCR2,; ,STU2FABRD2,; ,STU2FABWH2,; ,STU8633,",8017709303594;8017709303600;8017709303617;8017709303624;8017709303655;8017709303754,Standard,24,24,13,Yes,Hybrid (Plastic & Steel),Automatic Door Release,"Cycle Status Lights,Third Rack",224,307,27,2.6,5,48,No,,,,,02/26/2024,03/07/2024,"United States, Canada",ES_92281_STU2FABBL2_02262024152153_4225732,Yes
3417779,Smeg,STU8623,",LSPU8643BL,; ,LSPU8643WH,; ,LSPU8643X,; ,STU8623X,",8017709303648;8017709303679;8017709303723;8017709303730;8017709303747,Standard,24,24,13,No,Hybrid (Plastic & Steel),Automatic Door Release,Third Rack,239,307,22,3.1,5,38,No,,,,,02/26/2024,03/07/2024,"United States, Canada",ES_92281_STU8623_02272024152902_6504327,No
2507606,SPT,SD-2224**,,876840012707;876840012714,Compact,21.7,19.7,6,Yes,Hybrid (Plastic & Steel),Air Dry,None,155,222,30,2,3.5,43,No,,,,,04/01/2023,04/14/2023,"United States, Canada",ES_0092264_SD-2224**_05292023110806_80164647,No
2507607,SPT,SD-2225**,,876840016330;876840016347,Compact,21.7,19.7,6,Yes,Hybrid (Plastic & Steel),Air Dry,None,155,222,30,2,3.5,43,No,,,,,04/01/2023,04/14/2023,"United States, Canada",ES_0092264_SD-2225**_05292023110806_80164647,No
2485659,SPT,SD-6501**,",,* could be from 0 to 9, or from A to Z, or from a to z, or blank",810012680219;810012680226,Standard,23.9,24.5,8,Yes,Stainless Steel,Heated Dry,None,240,307,22,3.2,5,36,No,,,,,04/01/2023,05/16/2023,United States,ES_1084573_SD-6501**_051620230532742_5318981,No
2485658,SPT,SD-6502**,",,* could be from 0 to 9 or from A to Z or blank, denotes cosmetic differences",810012680233;810012680240,Standard,23.9,24.5,8,Yes,Stainless Steel,Heated Dry,None,240,307,22,3.2,5,36,No,,,,,04/01/2023,05/16/2023,United States,ES_1084573_SD-6502SS_051620230533574_2630996,No
4497638,SPT,SD-6505**,",,(Remark: * could be A-Z, a-z, 0-9, - or blank.)",810012686297;810012686303,Standard,23.6,22.7,12,Yes,Hybrid (Plastic & Steel),Automatic Door Release,Third Rack,240,307,22,3.2,5,36,No,,,,,08/01/2025,09/01/2025,"United States, Canada",ES_1084573_SD-6505**_090120250058920_5232894,No
2507604,SPT,SD-6513SS,,810012680479,Standard,23.5,23.6,10,Yes,Stainless Steel,Air Dry,None,240,307,22,3.2,5,36,No,,,,,04/01/2023,04/14/2023,"United States, Canada",ES_0092264_SD-6513SS_05292023110806_80164647,No
2507605,SPT,SD-6513W,,810012680486,Standard,23.5,23.6,10,Yes,Stainless Steel,Air Dry,None,240,307,22,3.2,5,36,No,,,,,04/01/2023,04/14/2023,"United States, Canada",ES_0092264_SD-6513W_05292023110806_80164647,No
2453134,SPT,SD-9254SS,,810012680011,Standard,17.6,22.6,8,Yes,Stainless Steel,Heated Dry,None,234,307,24,3.1,5,38,No,,,,,03/01/2023,04/11/2023,United States,ES_1084573_SD-9254SS_04112023012336_3414281,No
2453135,SPT,SD-9254W,,810012680028,Standard,17.6,22.6,8,Yes,Stainless Steel,Heated Dry,None,234,307,24,3.1,5,38,No,,,,,03/01/2023,04/11/2023,United States,ES_1084573_SD-9254W_041120230123422_1935773,No
2507608,SPT,SD-9263SS,,810012680387,Standard,17.6,23.6,8,Yes,Stainless Steel,Air Dry,None,240,307,22,3.2,5,36,No,,,,,04/01/2023,04/14/2023,"United States, Canada",ES_0092264_SD-9263SS_05292023110806_80164647,No
2507609,SPT,SD-9263W,,810012680394,Standard,17.6,23.6,8,Yes,Stainless Steel,Air Dry,None,240,307,22,3.2,5,36,No,,,,,04/01/2023,04/14/2023,"United States, Canada",ES_0092264_SD-9263W_05292023110806_80164647,No
2670383,Summit,ADADW18B,,761101089553,Standard,17.6,21.7,10,Yes,Stainless Steel,Condensation Dry,Top Controls,234,307,24,3,5,40,No,,,,,01/01/2024,10/03/2023,"United States, Canada",ES_92282_ADADW18B_100220231711661_9822038,No
2670387,Summit,ADADW18NT,,761101089416,Standard,17.6,21.7,10,Yes,Stainless Steel,Condensation Dry,Top Controls,234,307,24,3,5,40,No,,,,,01/01/2024,10/03/2023,"United States, Canada",ES_92282_ADADW18NT_100220231710393_7385285,No
2670377,Summit,ADADW18SS,,761101089515,Standard,17.6,21.7,10,Yes,Stainless Steel,Condensation Dry,Top Controls,234,307,24,3,5,40,No,,,,,01/01/2024,10/03/2023,"United States, Canada",ES_92282_ADADW18SS_100220231710327_3059308,No
2670375,Summit,ADADW18W,,761101089591,Standard,17.6,21.7,10,Yes,Stainless Steel,Condensation Dry,Top Controls,234,307,24,3,5,40,No,,,,,01/01/2024,10/03/2023,"United States, Canada",ES_92282_ADADW18W_100220231711329_2706945,No
2670394,Summit,ADADW24B,,761101080550,Standard,23.5,22.4,15,Yes,Stainless Steel,Condensation Dry,Top Controls,234,307,24,3,5,40,No,,,,,12/01/2023,10/03/2023,"United States, Canada",ES_92282_ADADW24B_041120211516185_8689295,No
2670392,Summit,ADADW24NT,,761101080574,Standard,23.5,22.4,15,Yes,Stainless Steel,Condensation Dry,Top Controls,234,307,24,3,5,40,No,,,,,12/01/2023,10/03/2023,"United States, Canada",ES_92282_ADADW24NT_04112021151617_1352029,No
2670395,Summit,ADADW24SS,,761101080567,Standard,23.5,22.4,15,Yes,Stainless Steel,Condensation Dry,Top Controls,234,307,24,3,5,40,No,,,,,12/01/2023,10/03/2023,"United States, Canada",ES_92282_ADADW24SS_041120211516353_5872160,No
2670393,Summit,ADADW24W,,761101080543,Standard,23.5,22.4,15,Yes,Stainless Steel,Condensation Dry,Top Controls,234,307,24,3,5,40,No,,,,,12/01/2023,10/03/2023,"United States, Canada",ES_92282_ADADW24W_041120211516936_9846138,No
2670380,Summit,DW183W,,761101089584,Standard,17.6,21.7,10,Yes,Stainless Steel,Condensation Dry,Top Controls,234,307,24,3,5,40,No,,,,,01/01/2024,10/03/2023,"United States, Canada",ES_92282_DW183W_100220231711865_7010348,No
2670379,Summit,DW183WADA,,761101089560,Standard,17.6,21.7,10,Yes,Stainless Steel,Condensation Dry,Top Controls,234,307,24,3,5,40,No,,,,,01/01/2024,10/03/2023,"United States, Canada",ES_92282_DW183WADA_01192023031871_6365783,No
2670378,Summit,DW184B,,761101089546,Standard,17.6,21.7,10,Yes,Stainless Steel,Condensation Dry,Top Controls,234,307,24,3,5,40,No,,,,,01/01/2024,10/03/2023,"United States, Canada",ES_92282_DW184B_100220231711320_6871780,No
2670381,Summit,DW184BADA,,761101089522,Standard,17.6,21.7,10,Yes,Stainless Steel,Condensation Dry,Top Controls,234,307,24,3,5,40,No,,,,,01/01/2024,10/03/2023,"United States, Canada",ES_92282_DW184BADA_011920230318531_4810653,No
2670382,Summit,DW185SS,,761101089508,Standard,17.6,21.7,10,Yes,Stainless Steel,Condensation Dry,Top Controls,234,307,24,3,5,40,No,,,,,01/01/2024,10/03/2023,"United States, Canada",ES_92282_DW185SS_100220231711408_7834153,No
2670376,Summit,DW185SSADA,,761101089379,Standard,17.6,21.7,10,Yes,Stainless Steel,Condensation Dry,Top Controls,234,307,24,3,5,40,No,,,,,01/01/2024,10/03/2023,"United States, Canada",ES_92282_DW185SSADA_011920230318396_6491455,No
2670384,Summit,DW186NT,,761101089409,Standard,17.6,21.7,10,Yes,Stainless Steel,Condensation Dry,Top Controls,234,307,24,3,5,40,No,,,,,01/01/2024,10/03/2023,"United States, Canada",ES_92282_DW186NT_100220231711796_5979851,No
2670386,Summit,DW186NTADA,,761101089386,Standard,17.6,21.7,10,Yes,Stainless Steel,Condensation Dry,Top Controls,234,307,24,3,5,40,No,,,,,01/01/2024,10/03/2023,"United States, Canada",ES_92282_DW186NTADA_01192023031875_6637429,No
2583161,Summit,DW18SS4,,8690842265532,Standard,44.8,57,8,Yes,Stainless Steel,Condensation Dry,Top Controls,220,307,28,2.4,5,52,No,,,,,07/30/2019,07/18/2023,"United States, Canada",ES_92282_DW18SS4_06112019182251_7371755,Yes
2670391,Summit,DW242W,,761101080505,Standard,23.5,22.4,15,Yes,Stainless Steel,Condensation Dry,Top Controls,234,307,24,3,5,40,No,,,,,12/01/2023,10/03/2023,"United States, Canada",ES_92282_DW242W_041120211516530_1484652,No
2670398,Summit,DW242WADA,,761101079585,Standard,23.5,22.4,15,Yes,Stainless Steel,Condensation Dry,Top Controls,234,307,24,3,5,40,No,,,,,12/01/2023,10/03/2023,"United States, Canada",ES_92282_DW242WADA_041120211516669_7644785,No
2670396,Summit,DW243B,,761101080512,Standard,23.5,22.4,15,Yes,Stainless Steel,Condensation Dry,Top Controls,234,307,24,3,5,40,No,,,,,12/01/2023,10/03/2023,"United States, Canada",ES_92282_DW243B_041120211516792_2271495,No
2670399,Summit,DW243BADA,,761101079592,Standard,23.5,22.4,15,Yes,Stainless Steel,Condensation Dry,Top Controls,234,307,24,3,5,40,No,,,,,12/01/2023,10/03/2023,"United States, Canada",ES_92282_DW243BADA_041120211516638_4233829,No
2670400,Summit,DW244SS,,761101080529,Standard,23.5,22.4,15,Yes,Stainless Steel,Condensation Dry,Top Controls,234,307,24,3,5,40,No,,,,,12/01/2023,10/03/2023,"United States, Canada",ES_92282_DW244SS_041120211516867_7190889,No
2670397,Summit,DW244SSADA,,761101079608,Standard,23.5,22.4,15,Yes,Stainless Steel,Condensation Dry,Top Controls,234,307,24,3,5,40,No,,,,,12/01/2023,10/03/2023,"United States, Canada",ES_92282_DW244SSADA_041120211516697_9019429,No
2670402,Summit,DW245NT,,761101080536,Standard,23.5,22.4,15,Yes,Stainless Steel,Condensation Dry,Top Controls,234,307,24,3,5,40,No,,,,,12/01/2023,10/03/2023,"United States, Canada",ES_92282_DW245NT_041120211516326_2472686,No
2670403,Summit,DW245NTADA,,761101079615,Standard,23.5,22.4,15,Yes,Stainless Steel,Condensation Dry,Top Controls,234,307,24,3,5,40,No,,,,,12/01/2023,10/03/2023,"United States, Canada",ES_92282_DW25NTADA_041120211516491_8644322,No
2670388,Summit,LDW18BA,,761101089539,Standard,17.6,21.7,10,Yes,Stainless Steel,Condensation Dry,Top Controls,234,307,24,3,5,40,No,,,,,01/01/2024,10/03/2023,"United States, Canada",ES_92282_LDW18BA_100220231710961_7852563,No
2670385,Summit,LDW18NTA,,761101089393,Standard,17.6,21.7,10,Yes,Stainless Steel,Condensation Dry,Top Controls,234,307,24,3,5,40,No,,,,,01/01/2024,10/03/2023,"United States, Canada",ES_92282_LDW18NTA_100220231710352_7175937,No
2670389,Summit,LDW18SSA,,761101089423,Standard,17.6,21.7,10,Yes,Stainless Steel,Condensation Dry,Top Controls,234,307,24,3,5,40,No,,,,,01/01/2024,10/03/2023,"United States, Canada",ES_92282_LDW18SSA_100220231711469_3999303,No
2670390,Summit,LDW18WA,,761101089577,Standard,17.6,21.7,10,Yes,Stainless Steel,Condensation Dry,Top Controls,234,307,24,3,5,40,No,,,,,01/01/2024,10/03/2023,"United States, Canada",ES_92282_LDW18WA_100220231711504_7499826,No
2670404,Summit,LDW24BA,,761101080475,Standard,23.5,22.4,15,Yes,Stainless Steel,Condensation Dry,Top Controls,234,307,24,3,5,40,No,,,,,12/01/2023,10/03/2023,"United States, Canada",ES_92282_LDW24BA_041120211516532_5788783,No
2670401,Summit,LDW24NTA,,761101080499,Standard,23.5,22.4,15,Yes,Stainless Steel,Condensation Dry,Top Controls,234,307,24,3,5,40,No,,,,,12/01/2023,10/03/2023,"United States, Canada",ES_92282_LDW24NTA_041120211516340_7578999,No
2670405,Summit,LDW24SSA,,761101080482,Standard,23.5,22.4,15,Yes,Stainless Steel,Condensation Dry,Top Controls,234,307,24,3,5,40,No,,,,,12/01/2023,10/03/2023,"United States, Canada",ES_92282_LDW24SSA_041120211516180_4464745,No
2670406,Summit,LDW24WA,,761101080468,Standard,23.5,22.4,15,Yes,Stainless Steel,Condensation Dry,Top Controls,234,307,24,3,5,40,No,,,,,12/01/2023,10/03/2023,"United States, Canada",ES_92282_LDW24WA_041120211516998_6134143,No
2583322,Summit Professional,DW2435SS,,8690842240614,Standard,59.8,55,12,Yes,Stainless Steel,Condensation Dry,Top Controls,234,307,24,2.66,5,47,No,,,,,11/15/2017,07/18/2023,"United States, Canada",ES_92282_DW2435SS_04122019182836_3716123,No
4479403,Sunvivi,ZDW001BK-11-SV,,,Standard,23.8,24.6,16,Yes,Stainless Steel,Heated Dry,None,240,307,22,3.2,5,36,No,,,,,07/19/2025,07/21/2025,"United States, Canada",ES_1152389_ZDW001BK-11-SV_072120251016744_1870068,No
4479397,Sunvivi,ZDW001GY-11-SV,,,Standard,23.8,24.6,16,Yes,Stainless Steel,Heated Dry,None,240,307,22,3.2,5,36,No,,,,,07/19/2025,07/21/2025,"United States, Canada",ES_1152389_ZDW001GY-11-SV_072120250912940_2266433,No
4479402,Sunvivi,ZDW001SL-11-SV,,,Standard,23.8,24.6,16,Yes,Stainless Steel,Heated Dry,None,240,307,22,3.2,5,36,No,,,,,07/19/2025,07/21/2025,"United States, Canada",ES_1152389_ZDW001SL-11-SV_072120250912109_2808425,No
4479401,Sunvivi,ZDW002BK-11-SV,,,Standard,23.8,24.6,16,Yes,Stainless Steel,Heated Dry,None,240,307,22,3.2,5,36,No,,,,,07/19/2025,07/21/2025,"United States, Canada",ES_1152389_ZDW002BK-11-SV_07212025091112_8432633,No
4479400,Sunvivi,ZDW002GY-11-SV,,,Standard,23.8,24.6,16,Yes,Stainless Steel,Heated Dry,None,240,307,22,3.2,5,36,No,,,,,07/19/2025,07/21/2025,"United States, Canada",ES_1152389_ZDW002GY-11-SV_072120250912779_7626463,No
4479404,Sunvivi,ZDW002SL-11-SV,,,Standard,23.8,24.6,16,Yes,Stainless Steel,Heated Dry,None,240,307,22,3.2,5,36,No,,,,,07/19/2025,07/21/2025,"United States, Canada",ES_1152389_ZDW002SL-11-SV_072120250910263_4288924,No
3550222,THOR KITCHEN,DW24A6BT00,,,Standard,23.9,22.6,15,Yes,Stainless Steel,Automatic Door Release,None,240,307,22,3.2,5,36,No,,,,,05/30/2024,07/03/2024,"United States, Canada",ES_1140355_DW24A6BT00_070320240549293_4640887,No
3550224,THOR KITCHEN,DW24A6BT99,,,Standard,23.9,22.6,15,Yes,Stainless Steel,Automatic Door Release,None,240,307,22,3.2,5,36,No,,,,,05/30/2024,07/03/2024,"United States, Canada",ES_1140355_DW24A6BT99_070320240549480_8810425,No
3550219,THOR KITCHEN,DW24A6BTPR,,,Standard,23.9,22.6,15,Yes,Stainless Steel,Automatic Door Release,None,240,307,22,3.2,5,36,No,,,,,05/30/2024,07/03/2024,"United States, Canada",ES_1140355_DW24A6BTPR_070320240550197_5695560,No
3891963,THOR KITCHEN,DW24C8,,,Standard,23.9,22.6,15,Yes,Stainless Steel,Automatic Door Release,None,240,307,22,3.2,5,36,No,,,,,12/24/2024,12/30/2024,"United States, Canada",ES_1140355_DW24C8_123020240826313_4796815,No
3891965,THOR KITCHEN,DW24C8B,,,Standard,23.9,22.6,15,Yes,Stainless Steel,Automatic Door Release,None,240,307,22,3.2,5,36,No,,,,,12/24/2024,12/30/2024,"United States, Canada",ES_1140355_DW24C8B_123020240825637_6364994,No
3550221,THOR KITCHEN,DW24X8BA00,,,Standard,23.9,22.6,15,Yes,Stainless Steel,Automatic Door Release,None,240,307,22,3.2,5,36,No,,,,,05/30/2024,07/03/2024,"United States, Canada",ES_1140355_DW24X8BA00_070320240550982_2196724,No
3550220,THOR KITCHEN,DW24X8BA99,,,Standard,23.9,22.6,15,Yes,Stainless Steel,Automatic Door Release,None,240,307,22,3.2,5,36,No,,,,,05/30/2024,07/03/2024,"United States, Canada",ES_1140355_DW24X8BA99_070320240551458_3825885,No
3550223,THOR KITCHEN,DW24X8BAPR,,,Standard,23.9,22.6,15,Yes,Stainless Steel,Automatic Door Release,None,240,307,22,3.2,5,36,No,,,,,05/30/2024,07/03/2024,"United States, Canada",ES_1140355_DW24X8BAPR_070320240551778_7321686,No
3891964,THOR KITCHEN,TDW24C7,,,Standard,23.9,22.6,15,Yes,Stainless Steel,Automatic Door Release,None,240,307,22,3.2,5,36,No,,,,,12/24/2024,12/30/2024,"United States, Canada",ES_1140355_TDW24C7_12302024082696_7939514,No
4478482,THOR KITCHEN,TDW24PT,,,Standard,23.9,22.6,14,Yes,Stainless Steel,Automatic Door Release,None,240,307,22,3.2,5,36,No,,,,,06/05/2025,07/14/2025,"United States, Canada",ES_1140355_TDW24PT_071420250645993_5408262,No
4478483,THOR KITCHEN,TDW24PTB,,,Standard,23.9,22.6,14,Yes,Stainless Steel,Automatic Door Release,None,240,307,22,3.2,5,36,No,,,,,06/05/2025,07/14/2025,"United States, Canada",ES_1140355_TDW24PTB_07142025064469_7468281,No
2784859,THORKITCHEN,ADW24PF,,850044461431,Standard,23.6,22.7,12,Yes,Plastic,Heated Dry,None,240,307,22,3.2,5,36,No,,,,,08/08/2023,11/28/2023,"United States, Canada",ES_1140355_ADW24PF_112820230337752_6258656,No
2485660,THORKITCHEN,HDW2401SS,,850018999335,Standard,23.9,24.5,8,Yes,Stainless Steel,Heated Dry,None,240,307,22,3.2,5,36,No,,,,,04/01/2023,05/16/2023,United States,ES_1140355_HDW2401SS_051620230824597_1156682,No
2508299,UNIQUE,UGP-24CR DW B,,680309002983,Standard,24,27.4,8,Yes,Stainless Steel,Heated Dry,None,240,307,22,3.2,5,36,No,,,,,05/18/2023,06/14/2023,"United States, Canada",ES_1142812_UGP-24CR DW B_061420230331788_5181842,No
2508296,UNIQUE,UGP-24CR DW LG,,680309002990,Standard,24,27.4,8,Yes,Stainless Steel,Heated Dry,None,240,307,22,3.2,5,36,No,,,,,05/18/2023,06/14/2023,"United States, Canada",ES_1142812_UGP-24CR DW LG_061420230332697_9184184,No
2508297,UNIQUE,UGP-24CR DW T,,680309003003,Standard,24,27.4,8,Yes,Stainless Steel,Heated Dry,None,240,307,22,3.2,5,36,No,,,,,05/18/2023,06/14/2023,"United States, Canada",ES_1142812_UGP-24CR DW T_061420230332187_2547350,No
2508298,UNIQUE,UGP-24CR DW W,,680309002976,Standard,24,27.4,8,Yes,Stainless Steel,Heated Dry,None,240,307,22,3.2,5,36,No,,,,,05/18/2023,06/14/2023,"United States, Canada",ES_1142812_UGP-24CR DW W_06142023033313_7464002,No
3701816,Vezeni,VDS100-SS,,,Standard,23.9,22.6,15,Yes,Stainless Steel,Automatic Door Release,None,240,307,22,3.2,5,36,No,,,,,09/23/2024,10/09/2024,"United States, Canada",ES_1151070_VDS100-SS_100920240646316_6042677,No
3995515,Vezeni,VDS101-SS,,850068028313,Standard,23.9,26.5,14,Yes,Stainless Steel,Heated Dry,Top Controls,240,307,22,3.2,5,36,No,,,,,01/01/2025,02/17/2025,United States,ES_1151070_VDS101-SS_021720250957358_6277920,No
2587150,VIKING,FDWU324,,8690842205927,Standard,59.8,57,12,Yes,Stainless Steel,Fan-Assisted Dry,Front Controls,225,307,27,2.36,5,53,No,,,,,12/29/2017,07/19/2023,"United States, Canada",ES_31770_FDWU324_05232018170658_5218667,Yes
2587153,VIKING,FDWU524,,8690842205934,Standard,59.8,57,12,Yes,Stainless Steel,Fan-Assisted Dry,Top Controls,225,307,27,2.37,5,53,No,,,,,08/01/2018,07/19/2023,"United States, Canada",ES_31770_FDWU524_05232018171640_5800544,Yes
2631717,VIKING,FDWU524WS,,8690842207402,Standard,59.8,57,12,Yes,Stainless Steel,Fan-Assisted Dry,Top Controls,239,307,22,3.02,5,40,No,,,,,08/01/2018,07/31/2023,"United States, Canada",ES_31770_FDWU524WS_05232018172413_6253223,No
2587143,VIKING,VDWU324SS,,8690842207419,Standard,59.8,57,12,Yes,Stainless Steel,Fan-Assisted Dry,Front Controls,225,307,27,2.36,5,53,No,,,,,12/29/2017,07/19/2023,"United States, Canada",ES_31770_VDWU324SS_05232018170712_5232589,Yes
2587149,VIKING,VDWU524SS,,8690842200649,Standard,59.8,57,12,Yes,Stainless Steel,Fan-Assisted Dry,Top Controls,225,307,27,2.37,5,53,No,,,,,08/01/2018,07/19/2023,"United States, Canada",ES_31770_VDWU524SS_05232018171707_5827927,Yes
2631716,VIKING,VDWU524WSSS,,8690842200656,Standard,59.8,57,12,Yes,Stainless Steel,Fan-Assisted Dry,Top Controls,239,307,22,3.02,5,40,No,,,,,08/01/2018,07/31/2023,"United States, Canada",ES_31770_VDWU524WSSS_05232018172433_6273051,No
2582157,"Viking Range, LLC",FDWU724,,8690842456671,Standard,59.8,57,12,Yes,Stainless Steel,Fan-Assisted Dry,Top Controls,230,307,25,2.45,5,51,No,,,,,09/01/2021,07/18/2023,"United States, Canada",ES_1036108_FDWU724_071320211246385_7066717,No
2582159,"Viking Range, LLC",VDWU724SS,,8690842450921,Standard,59.8,57,12,Yes,Stainless Steel,Fan-Assisted Dry,Top Controls,230,307,25,2.45,5,51,No,,,,,09/01/2021,07/18/2023,"United States, Canada",ES_1036108_VDWU724SS_071320211246252_4275877,No
4001275,Vissani,VDF24P1B**,",,(Remark: * could be A-Z, a-z, 0-9, (0)-(9), - or blank.)",687636009616;687636011077,Standard,23.6,22.7,12,Yes,Hybrid (Plastic & Steel),Heated Dry,None,240,307,22,3.2,5,36,No,,,,,01/24/2025,03/20/2025,"United States, Canada",ES_31912_VDF24P1B**_032020250816913_5216623,No
3994151,Westbend,WB080BDWVSS,,079841980093,Standard,18,24.3,10,Yes,Stainless Steel,Air Dry,Front Controls,239,307,22,3.1,5,38,No,,,,,08/13/2023,02/04/2025,"United States, Canada",ES_92257_WB080BDWVSS_01282025193959_7517761,No
3994147,Westbend,WB120BDWVSS,,079841980109,Standard,24,24.3,15,Yes,Stainless Steel,Air Dry,Front Controls,239,307,22,3.1,5,38,No,,,,,08/13/2023,02/04/2025,"United States, Canada",ES_92257_WB120BDWVSS_012820251948225_7496399,No
2507982,Whirlpool,UDPS5118PP,,883049682846,Standard,17.6,21.7,8,Yes,Stainless Steel,Heated Dry,None,234,307,24,3.1,5,38,No,,,,,05/10/2023,06/07/2023,"United States, Canada",ES_22856_UDPS5118PP_060720230640479_3631617,No
2448379,Whirlpool,WDF332PAM**,,883049680286;883049680293;883049680309,Standard,23.9,25.3,12,No,Plastic,Heated Dry,Hard Food Filter,240,307,22,3.2,5,36,No,,,,,06/30/2023,03/28/2023,United States,ES_22856_WDF332PAM**_03262023211126_4954774,No
2448380,Whirlpool,WDF341PAP**,,883049680231;883049680248;883049680255;883049680262,Standard,23.9,25.3,12,No,Plastic,Heated Dry,Hard Food Filter,240,307,22,3.2,5,36,No,,,,,06/30/2023,03/28/2023,United States,ES_22856_WDF341PAP**_03262023211145_8502842,No
2507981,Whirlpool,WDPS5118P*,",,Remark * could be A-Z, a-z, 0-9, - or blank.",883049682815;883049682822;883049682839,Standard,17.6,22.4,8,Yes,Stainless Steel,Heated Dry,None,234,307,24,3.1,5,38,No,,,,,05/10/2023,06/07/2023,"United States, Canada",ES_22856_WDPS5118P*_060720230642882_3019775,No
2448382,Whirlpool,WDT531HAP**,,883049680279,Standard,23.9,25.3,12,No,Hybrid (Plastic & Steel),Heated Dry,Hard Food Filter,240,307,22,3.2,5,36,No,,,,,06/30/2023,03/28/2023,United States,ES_22856_WDT531HAP**_032620232111327_7231463,No
2635759,Whirlpool,WDT550SAP*,,883049639277;883049639284;883049639291,Standard,23.6,22.6,12,Yes,Stainless Steel,Automatic Door Release,Hard Food Filter,240,307,22,3.2,5,36,No,,,,,09/01/2023,08/14/2023,"United States, Canada",ES_22856_WDT550SAP*_080920231956377_8875873,No
2460515,Whirlpool,WDT751SAP**,,883049679976,Standard,23.9,24.5,12,Yes,Stainless Steel,Heated Dry,"Top Controls,Cycle Status Lights,Hard Food Filter,Third Rack",240,307,22,3.2,5,36,No,,,,,06/30/2023,04/19/2023,"United States, Canada",ES_22856_WDT751SAP**_041320231403739_4941142,No
2507613,Whynter,CDW-6831WESa,,852749006542,Compact,21.7,19.7,6,Yes,Hybrid (Plastic & Steel),Air Dry,None,155,222,30,2,3.5,43,No,,,,,04/01/2023,04/14/2023,"United States, Canada",ES_0092264_CDW-6831WESa_05292023110806_80164647,No
2452908,Zline,DW7713-24,,817299028505,Standard,23.5,22.6,8,Yes,Stainless Steel,Heated Dry,Self-Cleaning Filter,234,307,24,3.2,5,36,No,,,,,03/01/2023,03/31/2023,United States,ES_1141731_DW7713-24_033120230212168_1957397,No
2453136,Zline,DW7714-18,,817299028512,Standard,17.6,22.6,8,Yes,Stainless Steel,Heated Dry,None,234,307,24,3.1,5,38,No,,,,,03/01/2023,04/11/2023,United States,ES_1141731_DW7714-18_041120230144784_5246108,No
2485653,Zline,DWMT-24,,195948010263,Standard,23.9,24.5,8,Yes,Stainless Steel,Heated Dry,None,240,307,22,3.2,5,36,No,,,,,04/01/2023,05/16/2023,United States,ES_1141731_DWMT-24_051620230506567_7598488,No
2668590,Zline,DWV-24,,810058122056,Standard,26,26.6,15,Yes,Stainless Steel,Fan-Assisted Dry,"Top Controls,Third Rack",239,307,22,3.1,5,38,No,,,,,05/15/2024,09/26/2023,"United States, Canada",ES_1141731_DWV-24_091120231335798_1523851,No
