ENERGY STAR Unique ID,ENERGY STAR Partner,Brand Name,Model Name,Model Number,Additional Model Information,UPC,Type,Fuel,Vent Type,Storage Volume (gallons),First Hour Rating (gallons),Maximum Gallons Per Minute,Minimum Gallons Per Minute,Draw Pattern (Intended Usage),Uniform Energy Factor (UEF),Therms/year for Natural Gas,Gallons/year for Propane,Max. Input Rate for Gas Products (Btu/hr),Max. Amps,Recovery Efficiency (%),Tank Height (inches),Height to Vent (inches),Tank Diameter (inches),Vent Size 1 (inches),Vent Size 2 (inches),Water Heater Depth (inches),Water Heater Height (inches),Water Heater Width (inches),Connected Capable,Connects Using,DR Protocol,Communication Hardware Architecture,Load Up Functionality,Optional Operational Mode Functionality,Time of Use Schedule,Primary Communication Module/Device Brand Name and Model Number,Is Broadband Internet Connection Needed for Demand Response?,Refrigerant Type,Refrigerant with GWP,Sound Pressure Level,Date Available On Market,Date Certified,Markets,CB Model Identifier,Tax Credit Eligible
2408703,A.O. Smith Corporation,American,PG10 34 100 2*V 2**,PG10 34 100 2*V 2**,,,Gas-fired Storage Residential-duty Commercial,"Natural Gas, Propane",Power Direct Vent,33,170,,,High-Usage,0.9,188,205.46,100000,5,95,49,7,22,2,,,,,No,,,,,,,,,,,,10/25/2017,02/23/2023,United States,ES_92897_PG10 34 100 2*V 2**_02212023100521_8748322,Yes
2408702,A.O. Smith Corporation,American,GSP-100 2**,PR-34-100 * 2**,,,Gas-fired Storage Residential-duty Commercial,"Natural Gas, Propane",Power Direct Vent,33,170,,,High-Usage,0.9,188,205.46,100000,5,95,49,7,22,2,,,,,No,,,,,,,,,,,,10/25/2017,02/23/2023,United States,ES_92897_PR-34-100 * 2**_02212023100521_9356702,Yes
2408701,A.O. Smith Corporation,A. O. Smith,SWN100035 2**,GSP-100 2**,,,Gas-fired Storage Residential-duty Commercial,"Natural Gas, Propane",Power Direct Vent,33,170,,,High-Usage,0.9,188,205.46,100000,5,95,49,7,22,2,,,,,No,,,,,,,,,,,,10/25/2017,02/23/2023,United States,ES_92897_GSP-100 2**_02212023100521_7107599,Yes
2408699,A.O. Smith Corporation,Lochinvar,GHX-34-100 N 2**,SWL100035 2**,,,Gas-fired Storage Residential-duty Commercial,"Natural Gas, Propane",Power Direct Vent,33,170,,,High-Usage,0.9,188,205.46,100000,5,95,49,7,22,2,,,,,No,,,,,,,,,,,,10/25/2017,02/23/2023,United States,ES_92897_SWL100035 2**_02212023100522_3119877,Yes
2408700,A.O. Smith Corporation,Lochinvar,SWL100035 2**,SWN100035 2**,,,Gas-fired Storage Residential-duty Commercial,"Natural Gas, Propane",Power Direct Vent,33,170,,,High-Usage,0.9,188,205.46,100000,5,95,49,7,22,2,,,,,No,,,,,,,,,,,,10/25/2017,02/23/2023,United States,ES_92897_SWN100035 2**_02212023100521_6908519,Yes
2408698,A.O. Smith Corporation,State,GHX-34-100 N 2**,GHX-34-100 N 2**,,,Gas-fired Storage Residential-duty Commercial,"Natural Gas, Propane",Power Direct Vent,33,170,,,High-Usage,0.9,188,205.46,100000,5,95,49,7,22,2,,,,,No,,,,,,,,,,,,10/25/2017,02/23/2023,United States,ES_92897_GHX-34-100 N 2**_02212023100522_4825332,Yes
2408829,Ariston USA LLC,HTP,Phoenix,PH100-119****,,,Gas-fired Storage Residential-duty Commercial,"Natural Gas, Propane",Direct Vent,112,178,,,High-Usage,0.9,188,205.46,100000,1,96,74,10.5,27,3,3,,,,No,,,,,,,,,,,,08/20/2007,11/12/2024,"United States, Canada",ES_29975_PH100-119****_02212023095501_1222033,Yes
2408831,Ariston USA LLC,HTP,Phoenix,PH100-55****,,,Gas-fired Storage Residential-duty Commercial,"Natural Gas, Propane",Power Direct Vent,53,187,,,High-Usage,0.89,190,207.65,100000,1,99,52,5.2,23,3,3,,,,No,,,,,,,,,,,,08/20/2007,11/12/2024,"United States, Canada",ES_29975_PH100-55****_02212023095500_3256907,Yes
2408830,Ariston USA LLC,HTP,Phoenix,PH100-80****,,,Gas-fired Storage Residential-duty Commercial,"Natural Gas, Propane",Power Direct Vent,75,132,,,High-Usage,0.93,182,198.9,100000,1,99,72,7.8,23,3,3,,,,No,,,,,,,,,,,,08/20/2007,11/12/2024,"United States, Canada",ES_29975_PH100-80****_02212023095500_3135016,Yes
2408833,Ariston USA LLC,HTP,Phoenix Light Duty,PH76-50****,,,Gas-fired Storage Residential-duty Commercial,"Natural Gas, Propane",Direct Vent,48,154,,,High-Usage,0.9,188,205.46,76000,0.7,96,44.7,6.8,23,2,2,,,,No,,,,,,,,,,,,06/01/2013,11/12/2024,"United States, Canada",ES_29975_PH76-50****_02212023095453_266477,Yes
2408832,Ariston USA LLC,HTP,Phoenix Light Duty,PH76-60****,,,Gas-fired Storage Residential-duty Commercial,"Natural Gas, Propane",Direct Vent,58,157,,,High-Usage,0.88,192,209.83,76000,0.7,97,56.6,6.8,23,2,2,,,,No,,,,,,,,,,,,06/01/2013,11/12/2024,"United States, Canada",ES_29975_PH76-60****_02212023095454_864114,Yes
2408476,Ariston USA LLC,HTP,Phoenix Light Duty,PH76-80****,,,Gas-fired Storage Residential-duty Commercial,"Natural Gas, Propane",Power Direct Vent,77,206,,,High-Usage,0.87,195,213.11,76000,0.7,94,69,6.8,23,2,2,,,,No,,,,,,,,,,,,06/01/2013,11/12/2024,"United States, Canada",ES_29975_PH76-80****_02212023095456_3425645,Yes
2408709,"Lochinvar, LLC",GSW WATER HEATERS,6G50100*PDVH 3**,6G50100*PDVH 3**,,,Gas-fired Storage Residential-duty Commercial,"Natural Gas, Propane",Power Vent,49,100,,,High-Usage,0.88,192,209.83,100000,5,95,55.7,8,18,2,3,,,,No,,,,,,,,,,,,09/07/2015,02/23/2023,"United States, Canada",ES_1028919_6G50100*PDVH 3**_02212023100519_7142919,Yes
2408725,"Lochinvar, LLC",GSW WATER HEATERS,6G5076NVC02 1**,6G5076NVC02 1**,,,Gas-fired Storage Residential-duty Commercial,Natural Gas,Power Vent,48,119,,,High-Usage,0.88,192,209.83,76000,5,93,51.9,7.9,18,2,3,,,,No,,,,,,,,,,,,03/12/2017,02/23/2023,"United States, Canada",ES_1028919_6G5076NVC02 1**_02212023100303_6992389,Yes
2408713,"Lochinvar, LLC",GSW WATER HEATERS,6G5076NVC 1**,6G5076NVC 1**,,,Gas-fired Storage Residential-duty Commercial,Natural Gas,Power Vent,48,119,,,High-Usage,0.88,192,209.83,76000,5,93,51.9,7.9,18,2,3,,,,No,,,,,,,,,,,,03/12/2017,02/23/2023,"United States, Canada",ES_1028919_6G5076NVC 1**_02212023100518_3039440,Yes
2408706,"Lochinvar, LLC",GSW WATER HEATERS,6G75100*PDVH0* 3**,6G75100*PDVH0* 3**,,,Gas-fired Storage Residential-duty Commercial,"Natural Gas, Propane",Power Vent,74,130,,,High-Usage,0.86,197,215.3,100000,5,96,51.9,8,22.5,2,3,,,,No,,,,,,,,,,,,09/10/2015,02/23/2023,"United States, Canada",ES_1028919_6G75100*PDVH0* 3**_02212023100520_9218739,Yes
2408707,"Lochinvar, LLC",RELIANCE WATER HEATERS,6-50-*TPDT 3**,6-50-*TPDT 3**,,,Gas-fired Storage Residential-duty Commercial,"Natural Gas, Propane",Power Vent,49,100,,,High-Usage,0.88,192,209.83,100000,5,95,55.7,8,18,2,3,,,,No,,,,,,,,,,,,09/07/2015,02/23/2023,United States,ES_1028919_6-50-*TPDT 3**_02212023100519_8077952,Yes
2408711,"Lochinvar, LLC",RELIANCE WATER HEATERS,6-50-YTVIT 1**,6-50-YTVIT 1**,,,Gas-fired Storage Residential-duty Commercial,Natural Gas,Power Vent,48,119,,,High-Usage,0.88,192,209.83,76000,5,93,51.9,7.9,18,2,3,,,,No,,,,,,,,,,,,03/12/2017,02/23/2023,United States,ES_1028919_6-50-YTVIT 1**_02212023100519_9245202,Yes
2408704,"Lochinvar, LLC",RELIANCE WATER HEATERS,6-75- *TPDT 3**,6-75- *TPDT 3**,,,Gas-fired Storage Residential-duty Commercial,"Natural Gas, Propane",Power Vent,74,130,,,High-Usage,0.86,197,215.3,100000,5,96,51.9,8,22.5,2,3,,,,No,,,,,,,,,,,,09/10/2015,02/23/2023,United States,ES_1028919_6-75- *TPDT 3**_02212023100520_8005482,Yes
2408819,"Lochinvar, LLC",State,GP6-50-*TPDT 3**,GP6-50-*TPDT 3**,,,Gas-fired Storage Residential-duty Commercial,"Natural Gas, Propane",Power Direct Vent,49,100,,,High-Usage,0.88,192,209.83,100000,5,95,55.7,8,18,2,3,,,,No,,,,,,,,,,,,09/07/2015,02/23/2023,United States,ES_1028919_GP6-50-*TPDT 3**_02212023100007_6932381,Yes
2408710,"Lochinvar, LLC",State,GP6-50-YTVIT 1**,GP6-50-YTVIT 1**,,,Gas-fired Storage Residential-duty Commercial,Natural Gas,Power Vent,48,119,,,High-Usage,0.88,192,209.83,76000,5,93,51.9,7.9,18,2,3,,,,No,,,,,,,,,,,,03/12/2017,02/23/2023,United States,ES_1028919_GP6-50-YTVIT 1**_02212023100519_7241876,Yes
2408818,"Lochinvar, LLC",State,GP6-75- *TPDT 3**,GP6-75- *TPDT 3**,,,Gas-fired Storage Residential-duty Commercial,"Natural Gas, Propane",Power Direct Vent,74,130,,,High-Usage,0.86,197,215.3,100000,5,96,51.9,8,22.5,2,3,,,,No,,,,,,,,,,,,09/10/2015,02/23/2023,United States,ES_1028919_GP6-75- *TPDT 3**_02212023100007_7868851,Yes
2408708,"Lochinvar, LLC",American,VG6250T100*V 3**,VG6250T100*V 3**,,,Gas-fired Storage Residential-duty Commercial,"Natural Gas, Propane",Power Vent,49,100,,,High-Usage,0.88,192,209.83,100000,5,95,55.7,8,18,2,3,,,,No,,,,,,,,,,,,09/07/2015,02/23/2023,United States,ES_1028919_VG6250T100*V 3**_02212023100519_8209916,Yes
2408712,"Lochinvar, LLC",American,VG6250T76NV 1**,VG6250T76NV 1**,,,Gas-fired Storage Residential-duty Commercial,Natural Gas,Power Vent,48,119,,,High-Usage,0.88,192,209.83,76000,5,93,51.9,7.9,18,2,3,,,,No,,,,,,,,,,,,03/12/2017,02/23/2023,United States,ES_1028919_VG6250T76NV 1**_02212023100518_7626443,Yes
2408705,"Lochinvar, LLC",American,VG6275T100*V 3**,VG6275T100*V 3**,,,Gas-fired Storage Residential-duty Commercial,"Natural Gas, Propane",Power Vent,74,130,,,High-Usage,0.86,197,215.3,100000,5,96,51.9,8,22.5,2,3,,,,No,,,,,,,,,,,,09/10/2015,02/23/2023,United States,ES_1028919_VG6275T100*V 3**_02212023100520_9497547,Yes
2408697,"Lochinvar, LLC",A. O. Smith,GDHE-50 3**,GDHE-50 3**,,,Gas-fired Storage Residential-duty Commercial,"Natural Gas, Propane",Power Direct Vent,49,100,,,High-Usage,0.88,192,209.83,100000,5,95,55.7,8,18,2,3,,,,No,,,,,,,,,,,,09/07/2015,02/23/2023,"United States, Canada",ES_1028919_GDHE-50 3**_02212023100523_5098933,Yes
2408696,"Lochinvar, LLC",A. O. Smith,GDHE-75 3**,GDHE-75 3**,,,Gas-fired Storage Residential-duty Commercial,"Natural Gas, Propane",Power Vent,74,130,,,High-Usage,0.86,197,215.3,100000,5,96,51.9,8,22.5,2,3,,,,No,,,,,,,,,,,,09/10/2015,02/23/2023,"United States, Canada",ES_1028919_GDHE-75 3**_02212023100523_2780236,Yes
2408714,"Lochinvar, LLC",A. O. Smith,GPHE-50 1**,GPHE-50 1**,,,Gas-fired Storage Residential-duty Commercial,Natural Gas,Power Vent,48,119,,,High-Usage,0.88,192,209.83,76000,5,93,51.9,7.9,18,2,3,,,,No,,,,,,,,,,,,03/12/2017,02/23/2023,"United States, Canada",ES_1028919_GPHE-50 1**_02212023100518_1879868,Yes
3555212,"Rheem Sales Company, Inc.",Friedrich,Gas Storage,12PROG 50-100P FD HE EC3,,,Gas-fired Storage Residential-duty Commercial,Propane,Power Direct Vent,50,167,,,High-Usage,0.89,190,207.65,100000,7,96,65.5,10,21.8,2,3,,,,No,,,,,,,,,,,,11/07/2022,11/04/2024,United States,ES_1071043_12PROG 50-100P FD HE EC3_06052024004112_4287679,Yes
3555208,"Rheem Sales Company, Inc.",Friedrich,Gas Storage,12PROG 50-100U FD HE EC3,,,Gas-fired Storage Residential-duty Commercial,Natural Gas,Power Direct Vent,50,167,,,High-Usage,0.89,190,207.65,100000,7,96,65.5,10,21.8,2,3,,,,No,,,,,,,,,,,,11/07/2022,11/04/2024,United States,ES_1071043_12PROG 50-100U FD HE EC3_06052024004109_7952724,Yes
3555211,"Rheem Sales Company, Inc.",Friedrich,Gas Storage,12PROG 50-76P FD HE EC3,,,Gas-fired Storage Residential-duty Commercial,Propane,Power Direct Vent,50,136,,,High-Usage,0.89,190,207.65,76000,7,95,65.5,10,21.8,2,3,,,,No,,,,,,,,,,,,11/07/2022,11/04/2024,United States,ES_1071043_12PROG 50-76P FD HE EC3_06052024004112_2693247,Yes
3555209,"Rheem Sales Company, Inc.",Friedrich,Gas Storage,12PROG 50-76U FD HE EC3,,,Gas-fired Storage Residential-duty Commercial,Natural Gas,Power Direct Vent,50,136,,,High-Usage,0.89,190,207.65,76000,7,95,65.5,10,21.8,2,3,,,,No,,,,,,,,,,,,11/07/2022,11/04/2024,United States,ES_1071043_12PROG 50-76U FD HE EC3_06052024004110_8336411,Yes
3555213,"Rheem Sales Company, Inc.",Friedrich,Gas Storage,12PROG 75-100P FD HE EC3,,,Gas-fired Storage Residential-duty Commercial,Propane,Power Direct Vent,75,199,,,High-Usage,0.88,192,209.83,100000,7,95,64.5,62.6,26.3,2,3,,,,No,,,,,,,,,,,,12/05/2023,11/04/2024,United States,ES_1071043_12PROG 75-100P FD HE EC3_06052024004112_8842940,Yes
3555210,"Rheem Sales Company, Inc.",Friedrich,Gas Storage,12PROG 75-100U FD HE EC3,,,Gas-fired Storage Residential-duty Commercial,Natural Gas,Power Direct Vent,75,199,,,High-Usage,0.88,192,209.83,100000,7,95,64.5,62.6,26.3,2,3,,,,No,,,,,,,,,,,,12/05/2023,11/04/2024,United States,ES_1071043_12PROG 75-100U FD HE EC3_06052024004111_9923107,Yes
2408619,"Rheem Sales Company, Inc.",Rheem,Gas Storage,ECE G50-100U CN HE EC3,,,Gas-fired Storage Residential-duty Commercial,Natural Gas,Power Direct Vent,50,167,,,High-Usage,0.89,190,207.65,100000,7,96,65.5,10,21.8,2,3,,,,No,,,,,,,,,,,,11/14/2022,11/04/2024,"United States, Canada",ES_1071043_ECE G50-100U CN HE EC3_02212023101550_7415706,Yes
3555161,"Rheem Sales Company, Inc.",Rheem,Gas Storage,ECE G50-76U CN HE,,,Gas-fired Storage Residential-duty Commercial,Natural Gas,Power Direct Vent,50,136,,,High-Usage,0.89,190,207.65,76000,7,95,65.5,10,21.8,2,3,,,,No,,,,,,,,,,,,06/01/2024,11/04/2024,Canada,ES_1071043_ECE G50-76U CN HE_04172024221344_9270653,Yes
2408627,"Rheem Sales Company, Inc.",Rheem,Gas Storage,ECE G50-76U CN HE EC3,,,Gas-fired Storage Residential-duty Commercial,Natural Gas,Power Direct Vent,50,136,,,High-Usage,0.89,190,207.65,76000,7,95,65.5,10,21.8,2,3,,,,No,,,,,,,,,,,,11/14/2022,11/04/2024,"United States, Canada",ES_1071043_ECE G50-76U CN HE EC3_02212023101548_540920,Yes
2408622,"Rheem Sales Company, Inc.",Rheem,Gas Storage,PROP G50-100* CN HE EC3,,,Gas-fired Storage Residential-duty Commercial,"Natural Gas, Propane",Power Direct Vent,50,167,,,High-Usage,0.89,190,207.65,100000,7,96,65.5,10,21.8,2,3,,,,No,,,,,,,,,,,,11/14/2022,11/04/2024,"United States, Canada",ES_1071043_PROP G50-100* CN HE EC3_02212023101549_3273958,Yes
2408643,"Rheem Sales Company, Inc.",Rheem,Gas Storage,PROP G50-100* RH HE EC3,,,Gas-fired Storage Residential-duty Commercial,"Natural Gas, Propane",Power Direct Vent,50,167,,,High-Usage,0.89,190,207.65,100000,7,96,65.5,10,21.8,2,3,,,,No,,,,,,,,,,,,11/07/2022,11/04/2024,"United States, Canada",ES_1071043_PROP G50-100* RH HE EC3_02212023101538_4641085,Yes
2408630,"Rheem Sales Company, Inc.",Rheem,Gas Storage,PROP G50-76* CN HE EC3,,,Gas-fired Storage Residential-duty Commercial,"Natural Gas, Propane",Power Direct Vent,50,136,,,High-Usage,0.89,190,207.65,76000,7,95,65.5,10,21.8,2,3,,,,No,,,,,,,,,,,,11/14/2022,11/04/2024,"United States, Canada",ES_1071043_PROP G50-76* CN HE EC3_02212023101548_7818812,Yes
3555166,"Rheem Sales Company, Inc.",Rheem,Gas Storage,PROP G50-76P CN HE,,,Gas-fired Storage Residential-duty Commercial,Propane,Power Direct Vent,50,136,,,High-Usage,0.89,190,207.65,76000,7,95,65.5,10,21.8,2,3,,,,No,,,,,,,,,,,,06/01/2024,11/04/2024,Canada,ES_1071043_PROP G50-76P CN HE_04182024003407_5015744,Yes
2408644,"Rheem Sales Company, Inc.",Rheem,Gas Storage,PROP G50-76* RH HE EC3,,,Gas-fired Storage Residential-duty Commercial,"Natural Gas, Propane",Power Direct Vent,50,136,,,High-Usage,0.89,190,207.65,76000,7,95,65.5,10,21.8,2,3,,,,No,,,,,,,,,,,,11/07/2022,11/04/2024,"United States, Canada",ES_1071043_PROP G50-76* RH HE EC3_02212023101538_7430679,Yes
3555167,"Rheem Sales Company, Inc.",Rheem,Gas Storage,PROP G50-76U CN HE,,,Gas-fired Storage Residential-duty Commercial,Natural Gas,Power Direct Vent,50,136,,,High-Usage,0.89,190,207.65,76000,7,95,65.5,10,21.8,2,3,,,,No,,,,,,,,,,,,06/01/2024,11/04/2024,Canada,ES_1071043_PROP G50-76U CN HE_04182024003407_4019018,Yes
3387595,"Rheem Sales Company, Inc.",Rheem,Gas Storage,PROPG75-100P RH HE EC3,,,Gas-fired Storage Residential-duty Commercial,Propane,"Power Vent,Power Direct Vent",75,199,,,High-Usage,0.88,192,209.83,100000,7,95,64.5,62.6,26.3,2,3,,,,No,,,,,,,,,,,,12/05/2023,05/08/2025,United States,ES_1071043_PROPG75-100P RH HE EC3_10182023145835_5626284,Yes
3387594,"Rheem Sales Company, Inc.",Rheem,Gas Storage,PROPG75-100U RH HE EC3,,,Gas-fired Storage Residential-duty Commercial,Natural Gas,"Power Vent,Power Direct Vent",75,199,,,High-Usage,0.88,192,209.83,100000,7,95,64.5,62.6,26.3,2,3,,,,No,,,,,,,,,,,,12/05/2023,05/08/2025,United States,ES_1071043_PROPG75-100U RH HE EC3_10182023145835_5505513,Yes
2408621,"Rheem Sales Company, Inc.",Rheem,Gas Storage,XG50T12UHN100*0,,,Gas-fired Storage Residential-duty Commercial,Natural Gas,Power Direct Vent,50,167,,,High-Usage,0.89,190,207.65,100000,7,96,65.5,10,21.8,2,3,,,,No,,,,,,,,,,,,11/14/2022,11/04/2024,"United States, Canada",ES_1071043_XG50T12UHN100*0_02212023101549_8457572,Yes
2408629,"Rheem Sales Company, Inc.",Rheem,Gas Storage,XG50T12UHN76*0,,,Gas-fired Storage Residential-duty Commercial,Natural Gas,Power Direct Vent,50,136,,,High-Usage,0.89,190,207.65,76000,7,95,65.5,10,21.8,2,3,,,,No,,,,,,,,,,,,11/14/2022,11/04/2024,"United States, Canada",ES_1071043_XG50T12UHN76*0_02212023101548_7348315,Yes
3387596,"Rheem Sales Company, Inc.",Rheem,Gas Storage,XG75T12UHN100U0,,,Gas-fired Storage Residential-duty Commercial,Natural Gas,"Power Vent,Power Direct Vent",75,199,,,High-Usage,0.88,192,209.83,100000,7,95,64.5,62.6,26.3,2,3,,,,No,,,,,,,,,,,,12/05/2023,05/08/2025,United States,ES_1071043_XG75T12UHN100U0_10182023145836_6895481,Yes
2408620,"Rheem Sales Company, Inc.",Rheem,Gas Storage,XP50T12UHC100U0,,,Gas-fired Storage Residential-duty Commercial,Propane,Power Direct Vent,50,167,,,High-Usage,0.89,190,207.65,100000,7,96,65.5,10,21.8,2,3,,,,No,,,,,,,,,,,,11/14/2022,11/04/2024,United States,ES_1071043_XP50T12UHC100U0_02212023101550_3316261,Yes
2408628,"Rheem Sales Company, Inc.",Rheem,Gas Storage,XP50T12UHC76U0,,,Gas-fired Storage Residential-duty Commercial,Propane,Power Direct Vent,50,136,,,High-Usage,0.89,190,207.65,76000,7,95,65.5,10,21.8,2,3,,,,No,,,,,,,,,,,,11/14/2022,11/04/2024,United States,ES_1071043_XP50T12UHC76U0_02212023101548_1144560,Yes
3387597,"Rheem Sales Company, Inc.",Rheem,Gas Storage,XP75T12UHC100U0,,,Gas-fired Storage Residential-duty Commercial,Propane,"Power Vent,Power Direct Vent",75,199,,,High-Usage,0.88,192,209.83,100000,7,95,64.5,62.6,26.3,2,3,,,,No,,,,,,,,,,,,12/05/2023,05/08/2025,United States,ES_1071043_XP75T12UHC100U0_10182023145836_5262569,Yes
2408617,"Rheem Sales Company, Inc.",Richmond,Gas Storage,12GUH50-100F*,,,Gas-fired Storage Residential-duty Commercial,"Natural Gas, Propane",Power Direct Vent,50,167,,,High-Usage,0.89,190,207.65,100000,7,96,65.5,10,21.8,2,3,,,,No,,,,,,,,,,,,11/14/2022,11/04/2024,United States,ES_1071043_12GUH50-100F*_02212023101550_5082994,Yes
2408625,"Rheem Sales Company, Inc.",Richmond,Gas Storage,12GUH50-76F*,,,Gas-fired Storage Residential-duty Commercial,"Natural Gas, Propane",Power Direct Vent,50,136,,,High-Usage,0.89,190,207.65,76000,7,95,65.5,10,21.8,2,3,,,,No,,,,,,,,,,,,11/14/2022,11/04/2024,United States,ES_1071043_12GUH50-76F*_02212023101549_1621942,Yes
3387600,"Rheem Sales Company, Inc.",Richmond,Gas Storage,12GUH75-100FN,,,Gas-fired Storage Residential-duty Commercial,Natural Gas,"Power Vent,Power Direct Vent",75,199,,,High-Usage,0.88,192,209.83,100000,7,95,64.5,62.6,26.3,2,3,,,,No,,,,,,,,,,,,12/05/2023,05/08/2025,United States,ES_1071043_12GUH75-100FN_10182023145838_7560086,Yes
3387601,"Rheem Sales Company, Inc.",Richmond,Gas Storage,12GUH75-100FP,,,Gas-fired Storage Residential-duty Commercial,Propane,"Power Vent,Power Direct Vent",75,199,,,High-Usage,0.88,192,209.83,100000,7,95,64.5,62.6,26.3,2,3,,,,No,,,,,,,,,,,,12/05/2023,05/08/2025,United States,ES_1071043_12GUH75-100FP_10182023145838_9756739,Yes
3555162,"Rheem Sales Company, Inc.",Richmond,Gas Storage,6CG50-76P CR HE,,,Gas-fired Storage Residential-duty Commercial,Propane,Power Direct Vent,50,136,,,High-Usage,0.89,190,207.65,76000,7,95,65.5,10,21.8,2,3,,,,No,,,,,,,,,,,,06/01/2024,11/04/2024,Canada,ES_1071043_6CG50-76P CR HE_04182024003402_3425078,Yes
3555163,"Rheem Sales Company, Inc.",Richmond,Gas Storage,6CG50-76U CR HE,,,Gas-fired Storage Residential-duty Commercial,Natural Gas,Power Direct Vent,50,136,,,High-Usage,0.89,190,207.65,76000,7,95,65.5,10,21.8,2,3,,,,No,,,,,,,,,,,,06/01/2024,11/04/2024,Canada,ES_1071043_6CG50-76U CR HE_04182024003405_5570006,Yes
2408618,"Rheem Sales Company, Inc.",Ruud,Gas Storage,PROU G50-100* RU HE EC3,,,Gas-fired Storage Residential-duty Commercial,"Natural Gas, Propane",Power Direct Vent,50,167,,,High-Usage,0.89,190,207.65,100000,7,96,65.5,10,21.8,2,3,,,,No,,,,,,,,,,,,11/14/2022,11/04/2024,United States,ES_1071043_PROU G50-100* RU HE EC3_02212023101550_3471436,Yes
3555164,"Rheem Sales Company, Inc.",Ruud,Gas Storage,PROU G50-76P CD HE,,,Gas-fired Storage Residential-duty Commercial,Propane,Power Direct Vent,50,136,,,High-Usage,0.89,190,207.65,76000,7,95,65.5,10,21.8,2,3,,,,No,,,,,,,,,,,,06/01/2024,11/04/2024,Canada,ES_1071043_PROU G50-76P CD HE_04182024003405_8688415,Yes
2408626,"Rheem Sales Company, Inc.",Ruud,Gas Storage,PROU G50-76* RU HE EC3,,,Gas-fired Storage Residential-duty Commercial,"Natural Gas, Propane",Power Direct Vent,50,136,,,High-Usage,0.89,190,207.65,76000,7,95,65.5,10,21.8,2,3,,,,No,,,,,,,,,,,,11/14/2022,11/04/2024,United States,ES_1071043_PROU G50-76* RU HE EC3_02212023101548_8849703,Yes
3555165,"Rheem Sales Company, Inc.",Ruud,Gas Storage,PROU G50-76U CD HE,,,Gas-fired Storage Residential-duty Commercial,Natural Gas,Power Direct Vent,50,136,,,High-Usage,0.89,190,207.65,76000,7,95,65.5,10,21.8,2,3,,,,No,,,,,,,,,,,,06/01/2024,11/04/2024,Canada,ES_1071043_PROU G50-76U CD HE_04182024003407_6246811,Yes
3387599,"Rheem Sales Company, Inc.",Ruud,Gas Storage,PROUG75-100P RU HE EC3,,,Gas-fired Storage Residential-duty Commercial,Propane,"Power Vent,Power Direct Vent",75,199,,,High-Usage,0.88,192,209.83,100000,7,95,64.5,62.6,26.3,2,3,,,,No,,,,,,,,,,,,12/05/2023,05/08/2025,United States,ES_1071043_PROUG75-100P RU HE EC3_10182023145837_2970329,Yes
3387598,"Rheem Sales Company, Inc.",Ruud,Gas Storage,PROUG75-100U RU HE EC3,,,Gas-fired Storage Residential-duty Commercial,Natural Gas,"Power Vent,Power Direct Vent",75,199,,,High-Usage,0.88,192,209.83,100000,7,95,64.5,62.6,26.3,2,3,,,,No,,,,,,,,,,,,12/05/2023,05/08/2025,United States,ES_1071043_PROUG75-100U RU HE EC3_10182023145837_7670472,Yes
2408765,A.O. Smith Corporation,American,PCG62-40S50L 1**,PCG62-40S50L 1**,,,Gas Storage,Natural Gas,Power Vent,38,86,,,High-Usage,0.9,188,205.46,50000,2,91,44.7,21.5,22,2,3,,,,No,,,,,,,,,,,,10/01/2021,02/23/2023,"United States, Canada",ES_92897_PCG62-40S50L 1**_02212023100216_3961724,Yes
2408760,A.O. Smith Corporation,American,PCG62-50S65L 1**,PCG62-50S65L 1**,,,Gas Storage,Natural Gas,Power Vent,49,118,,,High-Usage,0.9,188,205.46,65000,2,92,54.5,23.5,22,3,4,,,,No,,,,,,,,,,,,10/01/2021,02/23/2023,"United States, Canada",ES_92897_PCG62-50S65L 1**_02212023100217_1147752,Yes
3798673,A.O. Smith Corporation,American,GPCT-40L 1**,PCG82-40S50L 1**,,,Gas Storage,"Natural Gas, Propane",Power Vent,38,86,,,High-Usage,0.9,188,205.46,50000,2,91,44.7,21.5,22,2,3,,,,No,,,,,,,,,,,,10/01/2021,11/13/2024,"United States, Canada",ES_92897_PCG82-40S50L 1**_08292024003144_9381181,Yes
3798668,A.O. Smith Corporation,American,GPCX-50L 1**,PCG82-50S65L 1**,,,Gas Storage,"Natural Gas, Propane",Power Vent,49,118,,,High-Usage,0.9,188,205.46,65000,2,92,54.5,23.5,22,3,4,,,,No,,,,,,,,,,,,10/01/2021,03/03/2025,"United States, Canada",ES_92897_PCG82-50S65L 1**_08292024003140_9722530,Yes
2408767,A.O. Smith Corporation,A. O. Smith,GC6-PS4050*V 1**,GC6-PS4050*V 1**,,,Gas Storage,Natural Gas,Power Vent,38,86,,,High-Usage,0.9,188,205.46,50000,2,91,44.7,21.5,22,2,3,,,,No,,,,,,,,,,,,10/01/2021,02/23/2023,"United States, Canada",ES_92897_GC6-PS4050*V 1**_02212023100216_381597,Yes
2408762,A.O. Smith Corporation,A. O. Smith,GC6-PS5065*V 1**,GC6-PS5065*V 1**,,,Gas Storage,Natural Gas,Power Vent,49,118,,,High-Usage,0.9,188,205.46,65000,2,92,54.5,23.5,22,3,4,,,,No,,,,,,,,,,,,10/01/2021,02/23/2023,"United States, Canada",ES_92897_GC6-PS5065*V 1**_02212023100217_5079421,Yes
3798675,A.O. Smith Corporation,A. O. Smith,GPCT-40L 1**,GC9-PS4050NV 1**,,,Gas Storage,Natural Gas,Power Vent,38,86,,,High-Usage,0.9,188,205.46,50000,2,91,44.7,21.5,22,2,3,,,,No,,,,,,,,,,,,10/01/2021,11/13/2024,"United States, Canada",ES_92897_GC9-PS4050NV 1**_08292024003144_5792922,Yes
3798669,A.O. Smith Corporation,A. O. Smith,GPCX-50L 1**,GC9-PS5065NV 1**,,,Gas Storage,Natural Gas,Power Vent,49,118,,,High-Usage,0.9,188,205.46,65000,2,92,54.5,23.5,22,3,4,,,,No,,,,,,,,,,,,10/01/2021,03/03/2025,"United States, Canada",ES_92897_GC9-PS5065NV 1**_08292024003142_5339446,Yes
2408766,A.O. Smith Corporation,A. O. Smith,GPCC-40L 1**,GPCC-40L 1**,,,Gas Storage,Natural Gas,Power Vent,38,86,,,High-Usage,0.9,188,205.46,50000,2,91,44.7,21.5,22,2,3,,,,No,,,,,,,,,,,,10/01/2021,02/23/2023,"United States, Canada",ES_92897_GPCC-40L 1**_02212023100216_2581508,Yes
2408761,A.O. Smith Corporation,A. O. Smith,GPCC-50L 1**,GPCC-50L 1**,,,Gas Storage,Natural Gas,Power Vent,49,118,,,High-Usage,0.9,188,205.46,65000,2,92,54.5,23.5,22,3,4,,,,No,,,,,,,,,,,,10/01/2021,02/23/2023,"United States, Canada",ES_92897_GPCC-50L 1**_02212023100217_3007255,Yes
2408769,A.O. Smith Corporation,A. O. Smith,GPCT-40L 1**,GPCT-40L 1**,,,Gas Storage,Natural Gas,Power Vent,38,86,,,High-Usage,0.9,188,205.46,50000,2,91,44.7,21.5,22,2,3,,,,No,,,,,,,,,,,,10/01/2021,02/23/2023,"United States, Canada",ES_92897_GPCT-40L 1**_02212023100215_8415490,Yes
2408768,A.O. Smith Corporation,A. O. Smith,GPCX-50L 1**,GPCX-50L 1**,,,Gas Storage,Natural Gas,Power Vent,49,118,,,High-Usage,0.9,188,205.46,65000,2,92,54.5,23.5,22,3,4,,,,No,,,,,,,,,,,,10/01/2021,02/23/2023,"United States, Canada",ES_92897_GPCX-50L 1**_02212023100215_4838316,Yes
2408764,A.O. Smith Corporation,RELIANCE WATER HEATERS,6-40-*RPCS 1**,6-40-*RPCS 1**,,,Gas Storage,Natural Gas,Power Vent,38,86,,,High-Usage,0.9,188,205.46,50000,2,91,44.7,21.5,22,2,3,,,,No,,,,,,,,,,,,10/01/2021,02/23/2023,"United States, Canada",ES_92897_6-40-*RPCS 1**_02212023100216_3331666,Yes
2408759,A.O. Smith Corporation,RELIANCE WATER HEATERS,PCG62-50S65L 1**,6-50-*XPCS 1**,,,Gas Storage,Natural Gas,Power Vent,49,118,,,High-Usage,0.9,188,205.46,65000,2,92,54.5,23.5,22,3,4,,,,No,,,,,,,,,,,,10/01/2021,02/23/2023,"United States, Canada",ES_92897_6-50-*XPCS 1**_02212023100217_4474057,Yes
3798674,A.O. Smith Corporation,RELIANCE WATER HEATERS,GPCT-40L 1**,9-40-YRPCS 1**,,,Gas Storage,"Natural Gas, Propane",Power Vent,38,86,,,High-Usage,0.9,188,205.46,50000,2,91,44.7,21.5,22,2,3,,,,No,,,,,,,,,,,,10/01/2021,11/13/2024,"United States, Canada",ES_92897_9-40-YRPCS 1**_08292024003144_8080768,Yes
3798671,A.O. Smith Corporation,RELIANCE WATER HEATERS,GPCX-50L 1**,9-50-YXPCS 1**,,,Gas Storage,"Natural Gas, Propane",Power Vent,49,118,,,High-Usage,0.9,188,205.46,65000,2,92,54.5,23.5,22,3,4,,,,No,,,,,,,,,,,,10/01/2021,11/13/2024,"United States, Canada",ES_92897_9-50-YXPCS 1**_08292024003142_8470820,Yes
3798670,A.O. Smith Corporation,A. O. Smith,GPCT-40L 1**,HPCT-40L 1**,,,Gas Storage,"Natural Gas, Propane",Power Vent,38,86,,,High-Usage,0.9,188,205.46,50000,2,91,44.7,21.5,22,2,3,,,,No,,,,,,,,,,,,10/01/2021,11/13/2024,"United States, Canada",ES_92897_HPCT-40L 1**_08292024003142_7703819,Yes
3798667,A.O. Smith Corporation,A. O. Smith,GPCX-50L 1**,HPCX-50L 1**,,,Gas Storage,"Natural Gas, Propane",Power Vent,49,118,,,High-Usage,0.9,188,205.46,65000,2,92,54.5,23.5,22,3,4,,,,No,,,,,,,,,,,,10/01/2021,11/13/2024,"United States, Canada",ES_92897_HPCX-50L 1**_08292024003135_2208719,Yes
2408757,A.O. Smith Corporation,Envirosense,ENV-40N 1**,ENV-40N 1**,,,Gas Storage,Natural Gas,Power Vent,38,86,,,High-Usage,0.9,188,205.46,50000,2,91,44.7,21.5,22,2,3,,,,No,,,,,,,,,,,,10/01/2021,02/23/2023,"United States, Canada",ES_92897_ENV-40N 1**_02212023100218_2709904,Yes
2408754,A.O. Smith Corporation,Envirosense,ENV-50N 1**,ENV-50N 1**,,,Gas Storage,Natural Gas,Power Vent,49,118,,,High-Usage,0.9,188,205.46,65000,2,92,54.5,23.5,22,3,4,,,,No,,,,,,,,,,,,10/01/2021,02/23/2023,"United States, Canada",ES_92897_ENV-50N 1**_02212023100218_1409628,Yes
2408756,A.O. Smith Corporation,Envirosense Enercare,ENV-40N-ENER 1**,ENV-40N-ENER 1**,,,Gas Storage,Natural Gas,Power Vent,38,86,,,High-Usage,0.9,188,205.46,50000,2,91,44.7,21.5,22,2,3,,,,No,,,,,,,,,,,,10/01/2021,02/23/2023,"United States, Canada",ES_92897_ENV-40N-ENER 1**_02212023100218_5324429,Yes
2408753,A.O. Smith Corporation,Envirosense Enercare,ENV-50N-ENER 1**,ENV-50N-ENER 1**,,,Gas Storage,Natural Gas,Power Vent,49,118,,,High-Usage,0.9,188,205.46,65000,2,92,54.5,23.5,22,3,4,,,,No,,,,,,,,,,,,10/01/2021,02/23/2023,"United States, Canada",ES_92897_ENV-50N-ENER 1**_02212023100219_7168671,Yes
2408755,A.O. Smith Corporation,Envirosense Reliance Home Comfort,ENV-40N-RHC 1**,ENV-40N-RHC 1**,,,Gas Storage,Natural Gas,Power Vent,38,86,,,High-Usage,0.9,188,205.46,50000,2,91,44.7,21.5,22,2,3,,,,No,,,,,,,,,,,,10/01/2021,02/23/2023,"United States, Canada",ES_92897_ENV-40N-RHC 1**_02212023100218_8269496,Yes
2408474,A.O. Smith Corporation,Envirosense Reliance Home Comfort,ENV-50N-RHC 1**,ENV-50N-RHC 1**,,,Gas Storage,Natural Gas,Power Vent,49,118,,,High-Usage,0.9,188,205.46,65000,2,92,54.5,23.5,22,3,4,,,,No,,,,,,,,,,,,10/01/2021,02/23/2023,"United States, Canada",ES_92897_ENV-50N-RHC 1**_02212023100219_2406224,Yes
2408763,A.O. Smith Corporation,State,GP6-40-*RPCS 1**,GP6-40-*RPCSL 1**,,,Gas Storage,Natural Gas,Power Vent,38,86,,,High-Usage,0.9,188,205.46,50000,2,91,44.7,21.5,22,2,3,,,,No,,,,,,,,,,,,10/01/2021,02/23/2023,"United States, Canada",ES_92897_GP6-40-*RPCSL 1**_02212023100216_672687,Yes
2408758,A.O. Smith Corporation,State,PCG62-50S65L 1**,GP6-50-*XPCSL 1**,,,Gas Storage,Natural Gas,Power Vent,49,118,,,High-Usage,0.9,188,205.46,65000,2,92,54.5,23.5,22,3,4,,,,No,,,,,,,,,,,,10/01/2021,02/23/2023,"United States, Canada",ES_92897_GP6-50-*XPCSL 1**_02212023100217_2084569,Yes
3798672,A.O. Smith Corporation,State,GPCT-40L 1**,GP8-40-YRPCSL 1**,,,Gas Storage,"Natural Gas, Propane",Power Vent,38,86,,,High-Usage,0.9,188,205.46,50000,2,91,44.7,21.5,22,2,3,,,,No,,,,,,,,,,,,10/01/2021,11/13/2024,"United States, Canada",ES_92897_GP8-40-YRPCSL 1**_08292024003144_8176046,Yes
3798666,A.O. Smith Corporation,State,GPCX-50L 1**,GP8-50-YXPCSL 1**,,,Gas Storage,"Natural Gas, Propane",Power Vent,49,118,,,High-Usage,0.9,188,205.46,65000,2,92,54.5,23.5,22,3,4,,,,No,,,,,,,,,,,,10/01/2021,11/13/2024,"United States, Canada",ES_92897_GP8-50-YXPCSL 1**_08292024003135_9183297,Yes
3555202,"Rheem Sales Company, Inc.",Friedrich,Gas Storage,12PROG 40-50P FD HE EC3,,,Gas Storage,Propane,Power Direct Vent,40,88,,,High-Usage,0.9,188,205.46,50000,7,97,54.5,10,21.8,2,3,,,,No,,,,,,,,,,,,11/07/2022,11/04/2024,United States,ES_1071043_12PROG 40-50P FD HE EC3_06052024003613_4054584,Yes
3555201,"Rheem Sales Company, Inc.",Friedrich,Gas Storage,12PROG 40-50U FD HE EC3,,,Gas Storage,Natural Gas,Power Direct Vent,40,88,,,High-Usage,0.9,188,205.46,50000,7,97,54.5,10,21.8,2,3,,,,No,,,,,,,,,,,,11/07/2022,11/04/2024,United States,ES_1071043_12PROG 40-50U FD HE EC3_06052024003613_220202,Yes
3555203,"Rheem Sales Company, Inc.",Friedrich,Gas Storage,12PROG 50-50P FD HE EC3,,,Gas Storage,Propane,Power Direct Vent,50,95,,,High-Usage,0.88,192,209.83,50000,7,94,65.5,10,21.8,2,3,,,,No,,,,,,,,,,,,11/07/2022,11/04/2024,United States,ES_1071043_12PROG 50-50P FD HE EC3_06052024003613_7907712,Yes
3555200,"Rheem Sales Company, Inc.",Friedrich,Gas Storage,12PROG 50-50U FD HE EC3,,,Gas Storage,Natural Gas,Power Direct Vent,50,95,,,High-Usage,0.88,192,209.83,50000,7,94,65.5,10,21.8,2,3,,,,No,,,,,,,,,,,,11/07/2022,11/04/2024,United States,ES_1071043_12PROG 50-50U FD HE EC3_06052024003613_8866779,Yes
3555204,"Rheem Sales Company, Inc.",Friedrich,Gas Storage,8PROG 40-50P FD HE EC1,,,Gas Storage,Propane,Power Direct Vent,40,88,,,High-Usage,0.9,188,205.46,50000,7,97,54.5,10,21.8,2,3,,,,No,,,,,,,,,,,,10/23/2023,11/04/2024,United States,ES_1071043_8PROG 40-50P FD HE EC1_06052024003616_9216112,Yes
3555205,"Rheem Sales Company, Inc.",Friedrich,Gas Storage,8PROG 40-50U FD HE EC1,,,Gas Storage,Natural Gas,Power Direct Vent,40,88,,,High-Usage,0.9,188,205.46,50000,7,97,54.5,10,21.8,2,3,,,,No,,,,,,,,,,,,10/23/2023,11/04/2024,United States,ES_1071043_8PROG 40-50U FD HE EC1_06052024003616_300016,Yes
3555206,"Rheem Sales Company, Inc.",Friedrich,Gas Storage,8PROG 50-50P FD HE EC1,,,Gas Storage,Propane,Power Direct Vent,50,95,,,High-Usage,0.88,192,209.83,50000,7,94,65.5,10,21.8,2,3,,,,No,,,,,,,,,,,,10/23/2023,11/04/2024,United States,ES_1071043_8PROG 50-50P FD HE EC1_06052024003616_4339248,Yes
3555207,"Rheem Sales Company, Inc.",Friedrich,Gas Storage,8PROG 50-50U FD HE EC1,,,Gas Storage,Natural Gas,Power Direct Vent,50,95,,,High-Usage,0.88,192,209.83,50000,7,94,65.5,10,21.8,2,3,,,,No,,,,,,,,,,,,10/23/2023,11/04/2024,United States,ES_1071043_8PROG 50-50U FD HE EC1_06052024003616_1911820,Yes
2408639,"Rheem Sales Company, Inc.",Rheem,Gas Storage,ECE G40-50U CN HE*,,,Gas Storage,Natural Gas,Power Direct Vent,40,88,,,High-Usage,0.9,188,205.46,50000,7,97,54.5,10,21.8,2,3,,,,No,,,,,,,,,,,,11/14/2022,11/04/2024,"United States, Canada",ES_1071043_ECE G40-50U CN HE*_02212023101546_5963104,Yes
2408633,"Rheem Sales Company, Inc.",Rheem,Gas Storage,ECE G50-50U CN HE*,,,Gas Storage,Natural Gas,Power Direct Vent,50,95,,,High-Usage,0.88,192,209.83,50000,7,94,65.5,10,21.8,2,3,,,,No,,,,,,,,,,,,11/14/2022,11/04/2024,"United States, Canada",ES_1071043_ECE G50-50U CN HE*_02212023101547_5651031,Yes
3387603,"Rheem Sales Company, Inc.",Rheem,Gas Storage,PRO+G40-50P RH HE EC1,,,Gas Storage,Propane,Power Direct Vent,40,88,,,High-Usage,0.9,188,205.46,50000,7,97,54.5,10,21.8,2,3,,,,No,,,,,,,,,,,,10/23/2023,11/04/2024,United States,ES_1071043_PRO+G40-50P RH HE EC1_09082023003339_6361341,Yes
3387602,"Rheem Sales Company, Inc.",Rheem,Gas Storage,PRO+G40-50U RH HE EC1,,,Gas Storage,Natural Gas,Power Direct Vent,40,88,,,High-Usage,0.9,188,205.46,50000,7,97,54.5,10,21.8,2,3,,,,No,,,,,,,,,,,,10/23/2023,11/04/2024,United States,ES_1071043_PRO+G40-50U RH HE EC1_09082023003338_8814252,Yes
3387611,"Rheem Sales Company, Inc.",Rheem,Gas Storage,PRO+G50-50P RH HE EC1,,,Gas Storage,Propane,Power Direct Vent,50,95,,,High-Usage,0.88,192,209.83,50000,7,94,65.5,10,21.8,2,3,,,,No,,,,,,,,,,,,10/23/2023,11/04/2024,United States,ES_1071043_PRO+G50-50P RH HE EC1_09092023003424_254816,Yes
3387610,"Rheem Sales Company, Inc.",Rheem,Gas Storage,PRO+G50-50U RH HE EC1,,,Gas Storage,Natural Gas,Power Direct Vent,50,95,,,High-Usage,0.88,192,209.83,50000,7,94,65.5,10,21.8,2,3,,,,No,,,,,,,,,,,,10/23/2023,11/04/2024,United States,ES_1071043_PRO+G50-50U RH HE EC1_09092023003422_5018448,Yes
2408642,"Rheem Sales Company, Inc.",Rheem,Gas Storage,PROP G40-50* CN HE**,,,Gas Storage,"Natural Gas, Propane",Power Direct Vent,40,88,,,High-Usage,0.9,188,205.46,50000,7,97,54.5,10,21.8,2,3,,,,No,,,,,,,,,,,,11/14/2022,11/04/2024,"United States, Canada",ES_1071043_PROP G40-50* CN HE**_02212023101546_2375627,Yes
2408646,"Rheem Sales Company, Inc.",Rheem,Gas Storage,PROP G40-50* RH HE EC3,,,Gas Storage,"Natural Gas, Propane",Power Direct Vent,40,88,,,High-Usage,0.9,188,205.46,50000,7,97,54.5,10,21.8,2,3,,,,No,,,,,,,,,,,,11/07/2022,11/04/2024,"United States, Canada",ES_1071043_PROP G40-50* RH HE EC3_02212023101537_480906,Yes
2408636,"Rheem Sales Company, Inc.",Rheem,Gas Storage,PROP G50-50* CN HE**,,,Gas Storage,"Natural Gas, Propane",Power Direct Vent,50,95,,,High-Usage,0.88,192,209.83,50000,7,94,65.5,10,21.8,2,3,,,,No,,,,,,,,,,,,11/14/2022,11/04/2024,"United States, Canada",ES_1071043_PROP G50-50* CN HE**_02212023101547_4024427,Yes
2408645,"Rheem Sales Company, Inc.",Rheem,Gas Storage,PROP G50-50* RH HE EC3,,,Gas Storage,"Natural Gas, Propane",Power Direct Vent,50,95,,,High-Usage,0.88,192,209.83,50000,7,94,65.5,10,21.8,2,3,,,,No,,,,,,,,,,,,11/07/2022,11/04/2024,"United States, Canada",ES_1071043_PROP G50-50* RH HE EC3_02212023101537_2367824,Yes
2408641,"Rheem Sales Company, Inc.",Rheem,Gas Storage,XG40S12UHN50*,,,Gas Storage,Natural Gas,Power Direct Vent,40,88,,,High-Usage,0.9,188,205.46,50000,7,97,54.5,10,21.8,2,3,,,,No,,,,,,,,,,,,11/14/2022,11/04/2024,"United States, Canada",ES_1071043_XG40S12UHN50*_02212023101546_3888741,Yes
3387604,"Rheem Sales Company, Inc.",Rheem,Gas Storage,XG40T09UHN50U0,,,Gas Storage,Natural Gas,Power Direct Vent,40,88,,,High-Usage,0.9,188,205.46,50000,7,97,54.5,10,21.8,2,3,,,,No,,,,,,,,,,,,10/23/2023,11/04/2024,United States,ES_1071043_XG40T09UHN50U0_09082023003342_7784594,Yes
3387612,"Rheem Sales Company, Inc.",Rheem,Gas Storage,XG50T09UHN50U0,,,Gas Storage,Natural Gas,Power Direct Vent,50,95,,,High-Usage,0.88,192,209.83,50000,7,94,65.5,10,21.8,2,3,,,,No,,,,,,,,,,,,10/23/2023,11/04/2024,United States,ES_1071043_XG50T09UHN50U0_09092023003428_734863,Yes
2408635,"Rheem Sales Company, Inc.",Rheem,Gas Storage,XG50T12UHN50*,,,Gas Storage,Natural Gas,Power Direct Vent,50,95,,,High-Usage,0.88,192,209.83,50000,7,94,65.5,10,21.8,2,3,,,,No,,,,,,,,,,,,11/14/2022,11/04/2024,"United States, Canada",ES_1071043_XG50T12UHN50*_02212023101547_6927934,Yes
2408640,"Rheem Sales Company, Inc.",Rheem,Gas Storage,XP40S12UHC50*,,,Gas Storage,Propane,Power Direct Vent,40,88,,,High-Usage,0.9,188,205.46,50000,7,97,54.5,10,21.8,2,3,,,,No,,,,,,,,,,,,11/14/2022,11/04/2024,United States,ES_1071043_XP40S12UHC50*_02212023101546_5060321,Yes
3387605,"Rheem Sales Company, Inc.",Rheem,Gas Storage,XP40T09UHC50U0,,,Gas Storage,Propane,Power Direct Vent,40,88,,,High-Usage,0.9,188,205.46,50000,7,97,54.5,10,21.8,2,3,,,,No,,,,,,,,,,,,10/23/2023,11/04/2024,United States,ES_1071043_XP40T09UHC50U0_09082023003347_9506219,Yes
3387614,"Rheem Sales Company, Inc.",Rheem,Gas Storage,XP50T09UHN50U0,,,Gas Storage,Propane,Power Direct Vent,50,95,,,High-Usage,0.88,192,209.83,50000,7,94,65.5,10,21.8,2,3,,,,No,,,,,,,,,,,,10/23/2023,11/04/2024,United States,ES_1071043_XP50T09UHN50U0_09092023003429_6235912,Yes
2408634,"Rheem Sales Company, Inc.",Rheem,Gas Storage,XP50T12UHC50*,,,Gas Storage,Propane,Power Direct Vent,50,95,,,High-Usage,0.88,192,209.83,50000,7,94,65.5,10,21.8,2,3,,,,No,,,,,,,,,,,,11/14/2022,11/04/2024,United States,ES_1071043_XP50T12UHC50*_02212023101547_1818632,Yes
2408637,"Rheem Sales Company, Inc.",Richmond,Gas Storage,12GUH40-50F*,,,Gas Storage,"Natural Gas, Propane",Power Direct Vent,40,88,,,High-Usage,0.9,188,205.46,50000,7,97,54.5,10,21.8,2,3,,,,No,,,,,,,,,,,,11/14/2022,11/04/2024,United States,ES_1071043_12GUH40-50F*_02212023101546_9416007,Yes
2408631,"Rheem Sales Company, Inc.",Richmond,Gas Storage,12GUH50-50F*,,,Gas Storage,"Natural Gas, Propane",Power Direct Vent,50,95,,,High-Usage,0.88,192,209.83,50000,7,94,65.5,10,21.8,2,3,,,,No,,,,,,,,,,,,11/14/2022,11/04/2024,United States,ES_1071043_12GUH50-50F*_02212023101548_3738271,Yes
3387616,"Rheem Sales Company, Inc.",Richmond,Gas Storage,9GUH40-50FN,,,Gas Storage,Natural Gas,Power Direct Vent,40,88,,,High-Usage,0.9,188,205.46,50000,7,97,54.5,10,21.8,2,3,,,,No,,,,,,,,,,,,10/23/2023,11/04/2024,United States,ES_1071043_9GUH40-50FN_09092023003430_570032,Yes
3387972,"Rheem Sales Company, Inc.",Richmond,Gas Storage,9GUH40-50FP,,,Gas Storage,Propane,Power Direct Vent,40,88,,,High-Usage,0.9,188,205.46,50000,7,97,54.5,10,21.8,2,3,,,,No,,,,,,,,,,,,10/23/2023,11/04/2024,United States,ES_1071043_9GUH40-50FP_09092023003430_1000202,Yes
3387608,"Rheem Sales Company, Inc.",Richmond,Gas Storage,9GUH50-50FN,,,Gas Storage,Natural Gas,Power Direct Vent,50,95,,,High-Usage,0.88,192,209.83,50000,7,94,65.5,10,21.8,2,3,,,,No,,,,,,,,,,,,10/23/2023,11/04/2024,United States,ES_1071043_9GUH50-50FN_09082023003352_9876440,Yes
3387609,"Rheem Sales Company, Inc.",Richmond,Gas Storage,9GUH50-50FP,,,Gas Storage,Propane,Power Direct Vent,50,95,,,High-Usage,0.88,192,209.83,50000,7,94,65.5,10,21.8,2,3,,,,No,,,,,,,,,,,,10/23/2023,11/04/2024,United States,ES_1071043_9GUH50-50FP_09082023003352_728942,Yes
3387615,"Rheem Sales Company, Inc.",Ruud,Gas Storage,PRO+G40-50P RU HE EC1,,,Gas Storage,Propane,Power Direct Vent,40,88,,,High-Usage,0.9,188,205.46,50000,7,97,54.5,10,21.8,2,3,,,,No,,,,,,,,,,,,10/23/2023,11/04/2024,United States,ES_1071043_PRO+G40-50P RU HE EC1_09092023003429_2860658,Yes
3387613,"Rheem Sales Company, Inc.",Ruud,Gas Storage,PRO+G40-50U RU HE EC1,,,Gas Storage,Natural Gas,Power Direct Vent,40,88,,,High-Usage,0.9,188,205.46,50000,7,97,54.5,10,21.8,2,3,,,,No,,,,,,,,,,,,10/23/2023,11/04/2024,United States,ES_1071043_PRO+G40-50U RU HE EC1_09092023003429_4236373,Yes
3387607,"Rheem Sales Company, Inc.",Ruud,Gas Storage,PRO+G50-50P RU HE EC1,,,Gas Storage,Propane,Power Direct Vent,50,95,,,High-Usage,0.88,192,209.83,50000,7,94,65.5,10,21.8,2,3,,,,No,,,,,,,,,,,,10/23/2023,11/04/2024,United States,ES_1071043_PRO+G50-50P RU HE EC1_09082023003352_788394,Yes
3387606,"Rheem Sales Company, Inc.",Ruud,Gas Storage,PRO+G50-50U RU HE EC1,,,Gas Storage,Natural Gas,Power Direct Vent,50,95,,,High-Usage,0.88,192,209.83,50000,7,94,65.5,10,21.8,2,3,,,,No,,,,,,,,,,,,10/23/2023,11/04/2024,United States,ES_1071043_PRO+G50-50U RU HE EC1_09082023003351_1511485,Yes
2408638,"Rheem Sales Company, Inc.",Ruud,Gas Storage,PROU G40-50* RU HE EC3,,,Gas Storage,"Natural Gas, Propane",Power Direct Vent,40,88,,,High-Usage,0.9,188,205.46,50000,7,97,54.5,10,21.8,2,3,,,,No,,,,,,,,,,,,11/14/2022,11/04/2024,United States,ES_1071043_PROU G40-50* RU HE EC3_02212023101546_990132,Yes
2408632,"Rheem Sales Company, Inc.",Ruud,Gas Storage,PROU G50-50* RU HE EC3,,,Gas Storage,"Natural Gas, Propane",Power Direct Vent,50,95,,,High-Usage,0.88,192,209.83,50000,7,94,65.5,10,21.8,2,3,,,,No,,,,,,,,,,,,11/14/2022,11/04/2024,United States,ES_1071043_PROU G50-50* RU HE EC3_02212023101547_2388741,Yes
2408665,A.O. Smith Corporation,American,T-H3-OS-N 1**,MCT-199O-N 1**,,,Gas Tankless,Natural Gas,Power Vent,,,5.8,1,High-Usage,0.95,178,194.53,199000,5,,,,,3,,11,22,18,No,,,,,,,,,,,,10/29/2018,02/23/2023,United States,ES_92897_MCT-199O-N 1**_02212023100548_4951465,Yes
2408662,A.O. Smith Corporation,American,T-H3-OS-N 1**,MCT-199O-P 1*1,,,Gas Tankless,Propane,Power Vent,,,5.8,1,High-Usage,0.95,178,194.53,199000,5,,,,,3,,11,22,18,No,,,,,,,,,,,,10/29/2018,02/23/2023,United States,ES_92897_MCT-199O-P 1*1_02212023100548_2815775,Yes
2862489,A.O. Smith Corporation,American,ATHR-160M 1**,MTHR-160M 1**,,,Gas Tankless,"Natural Gas, Propane","Power Vent,Power Direct Vent",1,,4.8,1,High-Usage,0.95,178,194.53,160000,5,98,1,1,1,3,2,16,27,17,No,,,,,,,,,,,,02/01/2024,12/18/2023,"United States, Canada",ES_92897_MTHR-160M 1**_12152023003248_4736157,Yes
2862486,A.O. Smith Corporation,American,ATHR-160M 1**,MTHR-160X3 1**,,,Gas Tankless,"Natural Gas, Propane","Power Vent,Power Direct Vent",1,,4.8,1,High-Usage,0.95,178,194.53,160000,5,98,1,1,1,3,2,16,27,17,No,,,,,,,,,,,,02/01/2024,12/18/2023,"United States, Canada",ES_92897_MTHR-160X3 1**_12152023003248_8142247,Yes
2865535,A.O. Smith Corporation,American,ATHR-180M 1**,MTHR-180M 1**,,,Gas Tankless,"Natural Gas, Propane","Power Vent,Power Direct Vent",1,,5.3,1,High-Usage,0.95,178,194.53,180000,5,97,1,1,1,3,2,16,27,17,No,,,,,,,,,,,,02/01/2024,12/18/2023,"United States, Canada",ES_92897_MTHR-180M 1**_12152023003241_1744130,Yes
2864534,A.O. Smith Corporation,American,ATHR-180M 1**,MTHR-180X3 1**,,,Gas Tankless,"Natural Gas, Propane","Power Vent,Power Direct Vent",1,,5.3,1,High-Usage,0.95,178,194.53,180000,5,97,1,1,1,3,2,16,27,17,No,,,,,,,,,,,,02/01/2024,12/18/2023,"United States, Canada",ES_92897_MTHR-180X3 1**_12152023003243_1184462,Yes
2867540,A.O. Smith Corporation,American,ATHR-199M 1**,MTHR-199M 1**,,,Gas Tankless,"Natural Gas, Propane","Power Vent,Power Direct Vent",1,,5.9,1,High-Usage,0.95,178,194.53,199000,5,98,1,1,1,3,2,16,27,17,No,,,,,,,,,,,,02/01/2024,12/18/2023,"United States, Canada",ES_92897_MTHR-199M 1**_12182023133809_9217392,Yes
2862503,A.O. Smith Corporation,American,ATHR-199M 1**,MTHR-199X3 1**,,,Gas Tankless,"Natural Gas, Propane","Power Vent,Power Direct Vent",1,,5.9,1,High-Usage,0.95,178,194.53,199000,5,98,1,1,1,3,2,16,27,17,No,,,,,,,,,,,,02/01/2024,12/18/2023,"United States, Canada",ES_92897_MTHR-199X3 1**_12152023003233_4787707,Yes
4015966,A.O. Smith Corporation,American,ATM-160M-N 1**,MTM-160M-N 1**,,,Gas Tankless,Natural Gas,"Power Vent,Power Direct Vent",1,,4.8,1,High-Usage,0.95,178,194.53,160000,5,96,1,1,1,3,2,12,27,17.3,No,,,,,,,,,,,,05/15/2025,04/21/2025,"United States, Canada",ES_92897_MTM-160M-N 1**_04102025015607_25217226657,Yes
4015965,A.O. Smith Corporation,American,ATM-160M-N 1**,MTM-160X3-N 1**,,,Gas Tankless,Natural Gas,"Power Vent,Power Direct Vent",1,,4.8,1,High-Usage,0.95,178,194.53,160000,5,96,1,1,1,3,2,12,27,17.3,No,,,,,,,,,,,,05/15/2025,04/21/2025,"United States, Canada",ES_92897_MTM-160X3-N 1**_04102025015607_25217226658,Yes
4015953,A.O. Smith Corporation,American,ATM-180M-N 1**,MTM-180M-N 1**,,,Gas Tankless,Natural Gas,"Power Vent,Power Direct Vent",1,,5.4,1,High-Usage,0.95,178,194.53,180000,5,96,1,1,1,3,2,12,27,17.3,No,,,,,,,,,,,,05/15/2025,04/21/2025,"United States, Canada",ES_92897_MTM-180M-N 1**_04102025015602_25217226646,Yes
4015955,A.O. Smith Corporation,American,ATM-180M-N 1**,MTM-180X3-N 1**,,,Gas Tankless,Natural Gas,"Power Vent,Power Direct Vent",1,,5.4,1,High-Usage,0.95,178,194.53,180000,5,96,1,1,1,3,2,12,27,17.3,No,,,,,,,,,,,,05/15/2025,04/21/2025,"United States, Canada",ES_92897_MTM-180X3-N 1**_04102025015603_25217226647,Yes
4015942,A.O. Smith Corporation,American,ATM-199M-N 1**,MTM-199M-N 1**,,,Gas Tankless,Natural Gas,"Power Vent,Power Direct Vent",1,,6,1,High-Usage,0.95,178,194.53,199000,5,96,1,1,1,3,2,12,27,17.3,No,,,,,,,,,,,,05/15/2025,04/21/2025,"United States, Canada",ES_92897_MTM-199M-N 1**_04102025015558_25217226637,Yes
4015947,A.O. Smith Corporation,American,ATM-199M-N 1**,MTM-199X3-N 1**,,,Gas Tankless,Natural Gas,"Power Vent,Power Direct Vent",1,,6,1,High-Usage,0.95,178,194.53,199000,5,96,1,1,1,3,2,12,27,17.3,No,,,,,,,,,,,,05/15/2025,04/21/2025,"United States, Canada",ES_92897_MTM-199X3-N 1**_04102025015600_25217226638,Yes
2408682,A.O. Smith Corporation,A. O. Smith,T-H3-OS-N 1**,ACT-199O-N 1**,,,Gas Tankless,Natural Gas,Power Vent,,,5.8,1,High-Usage,0.95,178,194.53,199000,5,,,,,3,,11,22,18,No,,,,,,,,,,,,10/29/2018,02/23/2023,"United States, Canada",ES_92897_ACT-199O-N 1**_02212023100545_3724714,Yes
2408678,A.O. Smith Corporation,A. O. Smith,T-H3-OS-N 1**,ACT-199O-P 1*1,,,Gas Tankless,Propane,Power Vent,,,5.8,1,High-Usage,0.95,178,194.53,199000,5,,,,,3,,11,22,18,No,,,,,,,,,,,,10/29/2018,02/23/2023,"United States, Canada",ES_92897_ACT-199O-P 1*1_02212023100545_4455469,Yes
2862492,A.O. Smith Corporation,A. O. Smith,ATHR-160M 1**,ATHR-160M 1**,,,Gas Tankless,"Natural Gas, Propane","Power Vent,Power Direct Vent",1,,4.8,1,High-Usage,0.95,178,194.53,160000,5,98,1,1,1,3,2,16,27,17,No,,,,,,,,,,,,02/01/2024,12/18/2023,"United States, Canada",ES_92897_ATHR-160M 1**_12152023003246_4461987,Yes
2862491,A.O. Smith Corporation,A. O. Smith,ATHR-160M 1**,ATHR-160X3 1**,,,Gas Tankless,"Natural Gas, Propane","Power Vent,Power Direct Vent",1,,4.8,1,High-Usage,0.95,178,194.53,160000,5,98,1,1,1,3,2,16,27,17,No,,,,,,,,,,,,02/01/2024,12/18/2023,"United States, Canada",ES_92897_ATHR-160X3 1**_12152023003246_7126139,Yes
2866539,A.O. Smith Corporation,A. O. Smith,ATHR-180M 1**,ATHR-180M 1**,,,Gas Tankless,"Natural Gas, Propane","Power Vent,Power Direct Vent",1,,5.3,1,High-Usage,0.95,178,194.53,180000,5,97,1,1,1,3,2,16,27,17,No,,,,,,,,,,,,02/01/2024,12/18/2023,"United States, Canada",ES_92897_ATHR-180M 1**_12152023003239_7446936,Yes
2866538,A.O. Smith Corporation,A. O. Smith,ATHR-180M 1**,ATHR-180X3 1**,,,Gas Tankless,"Natural Gas, Propane","Power Vent,Power Direct Vent",1,,5.3,1,High-Usage,0.95,178,194.53,180000,5,97,1,1,1,3,2,16,27,17,No,,,,,,,,,,,,02/01/2024,12/18/2023,"United States, Canada",ES_92897_ATHR-180X3 1**_12152023003240_6437239,Yes
2870544,A.O. Smith Corporation,A. O. Smith,ATHR-199M 1**,ATHR-199M 1**,,,Gas Tankless,"Natural Gas, Propane","Power Vent,Power Direct Vent",1,,5.9,1,High-Usage,0.95,178,194.53,199000,5,98,1,1,1,3,2,16,27,17,No,,,,,,,,,,,,02/01/2024,12/18/2023,"United States, Canada",ES_92897_ATHR-199M 1**_12182023133808_1104038,Yes
2862504,A.O. Smith Corporation,A. O. Smith,ATHR-199M 1**,ATHR-199X3 1**,,,Gas Tankless,"Natural Gas, Propane","Power Vent,Power Direct Vent",1,,5.9,1,High-Usage,0.95,178,194.53,199000,5,98,1,1,1,3,2,16,27,17,No,,,,,,,,,,,,02/01/2024,12/18/2023,"United States, Canada",ES_92897_ATHR-199X3 1**_12152023003230_2271274,Yes
2408797,A.O. Smith Corporation,A. O. Smith,T-H3S-DV-N,ATI-340H 1**,,,Gas Tankless,Natural Gas,Power Direct Vent,,,5.4,1,High-Usage,0.95,178,194.53,180000,5,,,,,3,,11,22,18,No,,,,,,,,,,,,08/01/2012,02/23/2023,"United States, Canada",ES_92897_ATI-340H 1**_02212023100031_9777715,Yes
2408796,A.O. Smith Corporation,A. O. Smith,T-H3S-DV-N,ATI-340H 1*1,,,Gas Tankless,Propane,Power Direct Vent,,,5.4,1,High-Usage,0.95,178,194.53,180000,5,,,,,3,,11,22,18,No,,,,,,,,,,,,08/01/2012,02/23/2023,"United States, Canada",ES_92897_ATI-340H 1*1_02212023100031_1266690,Yes
2408752,A.O. Smith Corporation,A. O. Smith,T-H3S-DV-N,ATI-340HX3-N 1**,,,Gas Tankless,Natural Gas,Power Direct Vent,,,5.4,1,High-Usage,0.95,178,194.53,180000,5,,,,,3,,11,22,18,No,,,,,,,,,,,,08/01/2012,02/23/2023,"United States, Canada",ES_92897_ATI-340HX3-N 1**_02212023100251_7676959,Yes
2408751,A.O. Smith Corporation,A. O. Smith,T-H3S-DV-N,ATI-340HX3-P 1*1,,,Gas Tankless,Propane,Power Direct Vent,,,5.4,1,High-Usage,0.95,178,194.53,180000,5,,,,,3,,11,22,18,No,,,,,,,,,,,,08/01/2012,02/23/2023,"United States, Canada",ES_92897_ATI-340HX3-P 1*1_02212023100251_7818204,Yes
4015940,A.O. Smith Corporation,A. O. Smith,ATM-160M-N 1**,ATM-160M-N 1**,,,Gas Tankless,Natural Gas,"Power Vent,Power Direct Vent",1,,4.8,1,High-Usage,0.95,178,194.53,160000,5,96,1,1,1,3,2,12,27,17.3,No,,,,,,,,,,,,05/15/2025,04/21/2025,"United States, Canada",ES_92897_ATM-160M-N 1**_04092025030955_25217222477,Yes
4015961,A.O. Smith Corporation,A. O. Smith,ATM-160M-N 1**,ATM-160X3-N 1**,,,Gas Tankless,Natural Gas,"Power Vent,Power Direct Vent",1,,4.8,1,High-Usage,0.95,178,194.53,160000,5,96,1,1,1,3,2,12,27,17.3,No,,,,,,,,,,,,05/15/2025,04/21/2025,"United States, Canada",ES_92897_ATM-160X3-N 1**_04102025015605_25217226654,Yes
4015939,A.O. Smith Corporation,A. O. Smith,ATM-180M-N 1**,ATM-180M-N 1**,,,Gas Tankless,Natural Gas,"Power Vent,Power Direct Vent",1,,5.4,1,High-Usage,0.95,178,194.53,180000,5,96,1,1,1,3,2,12,27,17.3,No,,,,,,,,,,,,05/15/2025,04/21/2025,"United States, Canada",ES_92897_ATM-180M-N 1**_04092025030955_25217222476,Yes
4015951,A.O. Smith Corporation,A. O. Smith,ATM-180M-N 1**,ATM-180X3-N 1**,,,Gas Tankless,Natural Gas,"Power Vent,Power Direct Vent",1,,5.4,1,High-Usage,0.95,178,194.53,180000,5,96,1,1,1,3,2,12,27,17.3,No,,,,,,,,,,,,05/15/2025,04/21/2025,"United States, Canada",ES_92897_ATM-180X3-N 1**_04102025015602_25217226643,Yes
4015941,A.O. Smith Corporation,A. O. Smith,ATM-199M-N 1**,ATM-199M-N 1**,,,Gas Tankless,Natural Gas,"Power Vent,Power Direct Vent",1,,6,1,High-Usage,0.95,178,194.53,199000,5,96,1,1,1,3,2,12,27,17.3,No,,,,,,,,,,,,05/15/2025,04/21/2025,"United States, Canada",ES_92897_ATM-199M-N 1**_04092025030955_25217222475,Yes
4015943,A.O. Smith Corporation,A. O. Smith,ATM-199M-N 1**,ATM-199X3-N 1**,,,Gas Tankless,Natural Gas,"Power Vent,Power Direct Vent",1,,6,1,High-Usage,0.95,178,194.53,199000,5,96,1,1,1,3,2,12,27,17.3,No,,,,,,,,,,,,05/15/2025,04/21/2025,"United States, Canada",ES_92897_ATM-199X3-N 1**_04102025015559_25217226634,Yes
2408815,A.O. Smith Corporation,A. O. Smith,T-H3J-OS-N,ATO-240H 1**,,,Gas Tankless,Natural Gas,Power Vent,,,4.7,1,High-Usage,0.95,178,194.53,160000,5,,,,,0,,11,22,18,No,,,,,,,,,,,,08/01/2012,02/23/2023,"United States, Canada",ES_92897_ATO-240H 1**_02212023100020_4282879,Yes
2408814,A.O. Smith Corporation,A. O. Smith,T-H3J-OS-N,ATO-240H 1*1,,,Gas Tankless,Propane,Power Vent,,,4.7,1,High-Usage,0.95,178,194.53,160000,5,,,,,0,,11,22,18,No,,,,,,,,,,,,08/01/2012,02/23/2023,"United States, Canada",ES_92897_ATO-240H 1*1_02212023100020_4709840,Yes
2408741,A.O. Smith Corporation,A. O. Smith,T-H3J-OS-N,ATO-240HX3-N 1**,,,Gas Tankless,Natural Gas,Power Vent,,,4.7,1,High-Usage,0.95,178,194.53,160000,5,,,,,0,,11,22,18,No,,,,,,,,,,,,08/01/2012,02/23/2023,"United States, Canada",ES_92897_ATO-240HX3-N 1**_02212023100253_3923209,Yes
2408740,A.O. Smith Corporation,A. O. Smith,T-H3J-OS-N,ATO-240HX3-P 1*1,,,Gas Tankless,Propane,Power Vent,,,4.7,1,High-Usage,0.95,178,194.53,160000,5,,,,,0,,11,22,18,No,,,,,,,,,,,,08/01/2012,02/23/2023,"United States, Canada",ES_92897_ATO-240HX3-P 1*1_02212023100254_6859114,Yes
2408684,A.O. Smith Corporation,A. O. Smith,T-H3-OS-N 1**,ATO-540H 1**,,,Gas Tankless,Natural Gas,Power Vent,,,5.8,1,High-Usage,0.95,178,194.53,199000,5,,,,,3,,11,22,18,No,,,,,,,,,,,,10/29/2018,02/23/2023,"United States, Canada",ES_92897_ATO-540H 1**_02212023100544_9426372,Yes
2408680,A.O. Smith Corporation,A. O. Smith,T-H3-OS-N 1**,ATO-540H 1*1,,,Gas Tankless,Propane,Power Vent,,,5.8,1,High-Usage,0.95,178,194.53,199000,5,,,,,3,,11,22,18,No,,,,,,,,,,,,10/29/2018,02/23/2023,"United States, Canada",ES_92897_ATO-540H 1*1_02212023100545_9600223,Yes
2408781,A.O. Smith Corporation,A. O. Smith,T-H3-OS-N 1**,ATO-540HX3-N 1**,,,Gas Tankless,Natural Gas,Power Vent,,,5.8,1,High-Usage,0.95,178,194.53,199000,5,,,,,3,,11,22,18,No,,,,,,,,,,,,10/29/2018,02/23/2023,"United States, Canada",ES_92897_ATO-540HX3-N 1**_02212023100203_4056789,Yes
2408780,A.O. Smith Corporation,A. O. Smith,T-H3-OS-N 1**,ATO-540HX3-P 1*1,,,Gas Tankless,Propane,Power Vent,,,5.8,1,High-Usage,0.95,178,194.53,199000,5,,,,,3,,11,22,18,No,,,,,,,,,,,,10/29/2018,02/23/2023,"United States, Canada",ES_92897_ATO-540HX3-P 1*1_02212023100203_852942,Yes
2408683,A.O. Smith Corporation,A. O. Smith,T-H3-OS-N 1**,ATO-540P-N 1**,,,Gas Tankless,Natural Gas,Power Vent,,,5.8,1,High-Usage,0.95,178,194.53,199000,5,,,,,3,,11,22,18,No,,,,,,,,,,,,10/29/2018,02/23/2023,"United States, Canada",ES_92897_ATO-540P-N 1**_02212023100544_8954109,Yes
2408679,A.O. Smith Corporation,A. O. Smith,T-H3-OS-N 1**,ATO-540P-P 1*1,,,Gas Tankless,Propane,Power Vent,,,5.8,1,High-Usage,0.95,178,194.53,199000,5,,,,,3,,11,22,18,No,,,,,,,,,,,,10/29/2018,02/23/2023,"United States, Canada",ES_92897_ATO-540P-P 1*1_02212023100545_7443928,Yes
2408811,A.O. Smith Corporation,American,T-H3J-OS-N,GT-240-NEH 1**,,,Gas Tankless,Natural Gas,Power Vent,,,4.7,1,High-Usage,0.95,178,194.53,160000,5,,,,,0,,11,22,18,No,,,,,,,,,,,,08/01/2012,02/23/2023,"United States, Canada",ES_92897_GT-240-NEH 1**_02212023100021_305169,Yes
2408810,A.O. Smith Corporation,American,T-H3J-OS-N,GT-240-PEH 1*1,,,Gas Tankless,Propane,Power Vent,,,4.7,1,High-Usage,0.95,178,194.53,160000,5,,,,,0,,11,22,18,No,,,,,,,,,,,,08/01/2012,02/23/2023,"United States, Canada",ES_92897_GT-240-PEH 1*1_02212023100021_6406037,Yes
2408737,A.O. Smith Corporation,American,T-H3J-OS-N,GT-240X3-NEH 1**,,,Gas Tankless,Natural Gas,Power Vent,,,4.7,1,High-Usage,0.95,178,194.53,160000,5,,,,,0,,11,22,18,No,,,,,,,,,,,,08/01/2012,02/23/2023,"United States, Canada",ES_92897_GT-240X3-NEH 1**_02212023100254_5288259,Yes
2408736,A.O. Smith Corporation,American,T-H3J-OS-N,GT-240X3-PEH 1*1,,,Gas Tankless,Propane,Power Vent,,,4.7,1,High-Usage,0.95,178,194.53,160000,5,,,,,0,,11,22,18,No,,,,,,,,,,,,08/01/2012,02/23/2023,"United States, Canada",ES_92897_GT-240X3-PEH 1*1_02212023100254_4443585,Yes
2408795,A.O. Smith Corporation,American,T-H3S-DV-N,GT-340-NIH 1**,,,Gas Tankless,Natural Gas,Power Direct Vent,,,5.4,1,High-Usage,0.95,178,194.53,180000,5,,,,,3,,11,22,18,No,,,,,,,,,,,,08/01/2012,02/23/2023,"United States, Canada",ES_92897_GT-340-NIH 1**_02212023100032_9449796,Yes
2408794,A.O. Smith Corporation,American,T-H3S-DV-N,GT-340-PIH 1*1,,,Gas Tankless,Propane,Power Direct Vent,,,5.4,1,High-Usage,0.95,178,194.53,180000,5,,,,,3,,11,22,18,No,,,,,,,,,,,,08/01/2012,02/23/2023,"United States, Canada",ES_92897_GT-340-PIH 1*1_02212023100032_6679848,Yes
2408748,A.O. Smith Corporation,American,T-H3S-DV-N,GT-340X3-NIH 1**,,,Gas Tankless,Natural Gas,Power Direct Vent,,,5.4,1,High-Usage,0.95,178,194.53,180000,5,,,,,3,,11,22,18,No,,,,,,,,,,,,08/01/2012,02/23/2023,"United States, Canada",ES_92897_GT-340X3-NIH 1**_02212023100252_7526961,Yes
2408747,A.O. Smith Corporation,American,T-H3S-DV-N,GT-340X3-PIH 1*1,,,Gas Tankless,Propane,Power Direct Vent,,,5.4,1,High-Usage,0.95,178,194.53,180000,5,,,,,3,,11,22,18,No,,,,,,,,,,,,08/01/2012,02/23/2023,"United States, Canada",ES_92897_GT-340X3-PIH 1*1_02212023100252_3465532,Yes
2408667,A.O. Smith Corporation,American,T-H3-OS-N 1**,GT-540-NEH 1**,,,Gas Tankless,Natural Gas,Power Vent,,,5.8,1,High-Usage,0.95,178,194.53,199000,5,,,,,3,,11,22,18,No,,,,,,,,,,,,10/29/2018,02/23/2023,United States,ES_92897_GT-540-NEH 1**_02212023100547_695026,Yes
2408664,A.O. Smith Corporation,American,T-H3-OS-N 1**,GT-540-PEH 1*1,,,Gas Tankless,Propane,Power Vent,,,5.8,1,High-Usage,0.95,178,194.53,199000,5,,,,,3,,11,22,18,No,,,,,,,,,,,,10/29/2018,02/23/2023,United States,ES_92897_GT-540-PEH 1*1_02212023100548_6238623,Yes
2408666,A.O. Smith Corporation,American,T-H3-OS-N 1**,GT-540P-NEH 1**,,,Gas Tankless,Natural Gas,Power Vent,,,5.8,1,High-Usage,0.95,178,194.53,199000,5,,,,,3,,11,22,18,No,,,,,,,,,,,,10/29/2018,02/23/2023,United States,ES_92897_GT-540P-NEH 1**_02212023100547_5705912,Yes
2408663,A.O. Smith Corporation,American,T-H3-OS-N 1**,GT-540P-PEH 1*1,,,Gas Tankless,Propane,Power Vent,,,5.8,1,High-Usage,0.95,178,194.53,199000,5,,,,,3,,11,22,18,No,,,,,,,,,,,,10/29/2018,02/23/2023,United States,ES_92897_GT-540P-PEH 1*1_02212023100548_599121,Yes
2408777,A.O. Smith Corporation,American,T-H3-OS-N 1**,GT-540X3-NEH 1**,,,Gas Tankless,Natural Gas,Power Vent,,,5.8,1,High-Usage,0.95,178,194.53,199000,5,,,,,3,,11,22,18,No,,,,,,,,,,,,10/29/2018,02/23/2023,"United States, Canada",ES_92897_GT-540X3-NEH 1**_02212023100204_3492066,Yes
2408776,A.O. Smith Corporation,American,T-H3-OS-N 1**,GT-540X3-PEH 1*1,,,Gas Tankless,Propane,Power Vent,,,5.8,1,High-Usage,0.95,178,194.53,199000,5,,,,,3,,11,22,18,No,,,,,,,,,,,,10/29/2018,02/23/2023,"United States, Canada",ES_92897_GT-540X3-PEH 1*1_02212023100204_3174071,Yes
2408813,A.O. Smith Corporation,A. O. Smith,T-H3J-OS-N,GT15-240-NO 1**,,,Gas Tankless,Natural Gas,Power Vent,,,4.7,1,High-Usage,0.95,178,194.53,160000,5,,,,,0,,11,22,18,No,,,,,,,,,,,,08/01/2012,02/23/2023,"United States, Canada",ES_92897_GT15-240-NO 1**_02212023100021_1980410,Yes
2408812,A.O. Smith Corporation,A. O. Smith,T-H3J-OS-N,GT15-240-PO 1*1,,,Gas Tankless,Propane,Power Vent,,,4.7,1,High-Usage,0.95,178,194.53,160000,5,,,,,0,,11,22,18,No,,,,,,,,,,,,08/01/2012,02/23/2023,"United States, Canada",ES_92897_GT15-240-PO 1*1_02212023100021_3149675,Yes
2408799,A.O. Smith Corporation,A. O. Smith,T-H3S-DV-N,GT15-340-NI 1**,,,Gas Tankless,Natural Gas,Power Direct Vent,,,5.4,1,High-Usage,0.95,178,194.53,180000,5,,,,,3,,11,22,18,No,,,,,,,,,,,,08/01/2012,02/23/2023,"United States, Canada",ES_92897_GT15-340-NI 1**_02212023100031_7425114,Yes
2408798,A.O. Smith Corporation,A. O. Smith,T-H3S-DV-N,GT15-340-PI 1*1,,,Gas Tankless,Propane,Power Direct Vent,,,5.4,1,High-Usage,0.95,178,194.53,180000,5,,,,,3,,11,22,18,No,,,,,,,,,,,,08/01/2012,02/23/2023,"United States, Canada",ES_92897_GT15-340-PI 1*1_02212023100031_7231238,Yes
2408681,A.O. Smith Corporation,A. O. Smith,T-H3-OS-N 1**,GT15-540-NO 1**,,,Gas Tankless,Natural Gas,Power Vent,,,5.8,1,High-Usage,0.95,178,194.53,199000,5,,,,,3,,11,22,18,No,,,,,,,,,,,,10/29/2018,02/23/2023,"United States, Canada",ES_92897_GT15-540-NO 1**_02212023100545_2116813,Yes
2862483,A.O. Smith Corporation,A. O. Smith,ATHR-160M 1**,GT15THR-160M 1**,,,Gas Tankless,"Natural Gas, Propane","Power Vent,Power Direct Vent",1,,4.8,1,High-Usage,0.95,178,194.53,160000,5,98,1,1,1,3,2,16,27,17,No,,,,,,,,,,,,02/01/2024,12/18/2023,"United States, Canada",ES_92897_GT15THR-160M 1**_12152023003251_7352968,Yes
2862481,A.O. Smith Corporation,A. O. Smith,ATHR-160M 1**,GT15THR-160X3 1**,,,Gas Tankless,"Natural Gas, Propane","Power Vent,Power Direct Vent",1,,4.8,1,High-Usage,0.95,178,194.53,160000,5,98,1,1,1,3,2,16,27,17,No,,,,,,,,,,,,02/01/2024,12/18/2023,"United States, Canada",ES_92897_GT15THR-160X3 1**_12152023003252_4337518,Yes
2862529,A.O. Smith Corporation,A. O. Smith,ATHR-180M 1**,GT15THR-180M 1**,,,Gas Tankless,"Natural Gas, Propane","Power Vent,Power Direct Vent",1,,5.3,1,High-Usage,0.95,178,194.53,180000,5,97,1,1,1,3,2,16,27,17,No,,,,,,,,,,,,02/01/2024,12/18/2023,"United States, Canada",ES_92897_GT15THR-180M 1**_12152023003244_8281995,Yes
2862528,A.O. Smith Corporation,A. O. Smith,ATHR-180M 1**,GT15THR-180X3 1**,,,Gas Tankless,"Natural Gas, Propane","Power Vent,Power Direct Vent",1,,5.3,1,High-Usage,0.95,178,194.53,180000,5,97,1,1,1,3,2,16,27,17,No,,,,,,,,,,,,02/01/2024,12/18/2023,"United States, Canada",ES_92897_GT15THR-180X3 1**_12152023003244_860710,Yes
2862498,A.O. Smith Corporation,A. O. Smith,ATHR-199M 1**,GT15THR-199M 1**,,,Gas Tankless,"Natural Gas, Propane","Power Vent,Power Direct Vent",1,,5.9,1,High-Usage,0.95,178,194.53,199000,5,98,1,1,1,3,2,16,27,17,No,,,,,,,,,,,,02/01/2024,12/18/2023,"United States, Canada",ES_92897_GT15THR-199M 1**_12152023003236_812117,Yes
2862488,A.O. Smith Corporation,RELIANCE WATER HEATERS,ATHR-160M 1**,RTHR-160M 1**,,,Gas Tankless,"Natural Gas, Propane","Power Vent,Power Direct Vent",1,,4.8,1,High-Usage,0.95,178,194.53,160000,5,98,1,1,1,3,2,16,27,17,No,,,,,,,,,,,,02/01/2024,12/18/2023,"United States, Canada",ES_92897_RTHR-160M 1**_12152023003248_1754585,Yes
2862484,A.O. Smith Corporation,RELIANCE WATER HEATERS,ATHR-160M 1**,RTHR-160X3 1**,,,Gas Tankless,"Natural Gas, Propane","Power Vent,Power Direct Vent",1,,4.8,1,High-Usage,0.95,178,194.53,160000,5,98,1,1,1,3,2,16,27,17,No,,,,,,,,,,,,02/01/2024,12/18/2023,"United States, Canada",ES_92897_RTHR-160X3 1**_12152023003251_3057272,Yes
2864533,A.O. Smith Corporation,RELIANCE WATER HEATERS,ATHR-180M 1**,RTHR-180M 1**,,,Gas Tankless,"Natural Gas, Propane","Power Vent,Power Direct Vent",1,,5.3,1,High-Usage,0.95,178,194.53,180000,5,97,1,1,1,3,2,16,27,17,No,,,,,,,,,,,,02/01/2024,12/18/2023,"United States, Canada",ES_92897_RTHR-180M 1**_12152023003241_9201705,Yes
2864532,A.O. Smith Corporation,RELIANCE WATER HEATERS,ATHR-180M 1**,RTHR-180X3 1**,,,Gas Tankless,"Natural Gas, Propane","Power Vent,Power Direct Vent",1,,5.3,1,High-Usage,0.95,178,194.53,180000,5,97,1,1,1,3,2,16,27,17,No,,,,,,,,,,,,02/01/2024,12/18/2023,"United States, Canada",ES_92897_RTHR-180X3 1**_12152023003243_2672029,Yes
2862502,A.O. Smith Corporation,RELIANCE WATER HEATERS,ATHR-199M 1**,RTHR-199M 1**,,,Gas Tankless,"Natural Gas, Propane","Power Vent,Power Direct Vent",1,,5.9,1,High-Usage,0.95,178,194.53,199000,5,98,1,1,1,3,2,16,27,17,No,,,,,,,,,,,,02/01/2024,12/18/2023,"United States, Canada",ES_92897_RTHR-199M 1**_12152023003233_1586263,Yes
2862500,A.O. Smith Corporation,RELIANCE WATER HEATERS,ATHR-199M 1**,RTHR-199X3 1**,,,Gas Tankless,"Natural Gas, Propane","Power Vent,Power Direct Vent",1,,5.9,1,High-Usage,0.95,178,194.53,199000,5,98,1,1,1,3,2,16,27,17,No,,,,,,,,,,,,02/01/2024,12/18/2023,"United States, Canada",ES_92897_RTHR-199X3 1**_12152023003234_434266,Yes
4015967,A.O. Smith Corporation,RELIANCE WATER HEATERS,ATM-160M-N 1**,RTM-160M-N 1**,,,Gas Tankless,Natural Gas,"Power Vent,Power Direct Vent",1,,4.8,1,High-Usage,0.95,178,194.53,160000,5,96,1,1,1,3,2,12,27,17.3,No,,,,,,,,,,,,05/15/2025,04/21/2025,"United States, Canada",ES_92897_RTM-160M-N 1**_04102025015607_25217226659,Yes
4015969,A.O. Smith Corporation,RELIANCE WATER HEATERS,ATM-160M-N 1**,RTM-160X3-N 1**,,,Gas Tankless,Natural Gas,"Power Vent,Power Direct Vent",1,,4.8,1,High-Usage,0.95,178,194.53,160000,5,96,1,1,1,3,2,12,27,17.3,No,,,,,,,,,,,,05/15/2025,04/21/2025,"United States, Canada",ES_92897_RTM-160X3-N 1**_04102025015607_25217226660,Yes
4015957,A.O. Smith Corporation,RELIANCE WATER HEATERS,ATM-180M-N 1**,RTM-180M-N 1**,,,Gas Tankless,Natural Gas,"Power Vent,Power Direct Vent",1,,5.4,1,High-Usage,0.95,178,194.53,180000,5,96,1,1,1,3,2,12,27,17.3,No,,,,,,,,,,,,05/15/2025,04/21/2025,"United States, Canada",ES_92897_RTM-180M-N 1**_04102025015604_25217226648,Yes
2862496,A.O. Smith Corporation,A. O. Smith,ATHR-199M 1**,GT15THR-199X3 1**,,,Gas Tankless,"Natural Gas, Propane","Power Vent,Power Direct Vent",1,,5.9,1,High-Usage,0.95,178,194.53,199000,5,98,1,1,1,3,2,16,27,17,No,,,,,,,,,,,,02/01/2024,12/18/2023,"United States, Canada",ES_92897_GT15THR-199X3 1**_12152023003237_9414222,Yes
4015972,A.O. Smith Corporation,A. O. Smith,ATM-160M-N 1**,GT15TM-160M-N,,,Gas Tankless,Natural Gas,"Power Vent,Power Direct Vent",1,,4.8,1,High-Usage,0.95,178,194.53,160000,5,96,1,1,1,3,2,12,27,17.3,No,,,,,,,,,,,,05/15/2025,04/21/2025,"United States, Canada",ES_92897_GT15TM-160M-N_04102025015609_25217226663,Yes
4015971,A.O. Smith Corporation,A. O. Smith,ATM-160M-N 1**,GT15TM-160X3-N,,,Gas Tankless,Natural Gas,"Power Vent,Power Direct Vent",1,,4.8,1,High-Usage,0.95,178,194.53,160000,5,96,1,1,1,3,2,12,27,17.3,No,,,,,,,,,,,,05/15/2025,04/21/2025,"United States, Canada",ES_92897_GT15TM-160X3-N_04102025015608_25217226664,Yes
4015960,A.O. Smith Corporation,A. O. Smith,ATM-180M-N 1**,GT15TM-180M-N,,,Gas Tankless,Natural Gas,"Power Vent,Power Direct Vent",1,,5.4,1,High-Usage,0.95,178,194.53,180000,5,96,1,1,1,3,2,12,27,17.3,No,,,,,,,,,,,,05/15/2025,04/21/2025,"United States, Canada",ES_92897_GT15TM-180M-N_04102025015605_25217226652,Yes
4015962,A.O. Smith Corporation,A. O. Smith,ATM-180M-N 1**,GT15TM-180X3-N,,,Gas Tankless,Natural Gas,"Power Vent,Power Direct Vent",1,,5.4,1,High-Usage,0.95,178,194.53,180000,5,96,1,1,1,3,2,12,27,17.3,No,,,,,,,,,,,,05/15/2025,04/21/2025,"United States, Canada",ES_92897_GT15TM-180X3-N_04102025015606_25217226653,Yes
4015975,A.O. Smith Corporation,A. O. Smith,ATM-199M-N 1**,GT15TM-199M-N,,,Gas Tankless,Natural Gas,"Power Vent,Power Direct Vent",1,,6,1,High-Usage,0.95,178,194.53,199000,5,96,1,1,1,3,2,12,27,17.3,No,,,,,,,,,,,,05/15/2025,04/21/2025,"United States, Canada",ES_92897_GT15TM-199M-N_04112025020723_25217229780,Yes
4015974,A.O. Smith Corporation,A. O. Smith,ATM-199M-N 1**,GT15TM-199X3-N,,,Gas Tankless,Natural Gas,"Power Vent,Power Direct Vent",1,,6,1,High-Usage,0.95,178,194.53,199000,5,96,1,1,1,3,2,12,27,17.3,No,,,,,,,,,,,,05/15/2025,04/21/2025,"United States, Canada",ES_92897_GT15TM-199X3-N_04112025020723_25217229781,Yes
2408785,A.O. Smith Corporation,GSW WATER HEATERS,T-H3S-DV-N,GSWT-340H-N 1**,,,Gas Tankless,Natural Gas,Power Direct Vent,,,5.4,1,High-Usage,0.95,178,194.53,180000,5,,,,,3,,11,22,18,No,,,,,,,,,,,,08/01/2012,02/23/2023,Canada,ES_92897_GSWT-340H-N 1**_02212023100151_9000819,Yes
2408784,A.O. Smith Corporation,GSW WATER HEATERS,T-H3S-DV-N,GSWT-340H-P 1*1,,,Gas Tankless,Propane,Power Direct Vent,,,5.4,1,High-Usage,0.95,178,194.53,180000,5,,,,,3,,11,22,18,No,,,,,,,,,,,,08/01/2012,02/23/2023,Canada,ES_92897_GSWT-340H-P 1*1_02212023100152_9609912,Yes
2862480,A.O. Smith Corporation,GSW WATER HEATERS,ATHR-160M 1**,GTHR-160M 1**,,,Gas Tankless,"Natural Gas, Propane","Power Vent,Power Direct Vent",1,,4.8,1,High-Usage,0.95,178,194.53,160000,5,98,1,1,1,3,2,16,27,17,No,,,,,,,,,,,,02/01/2024,12/18/2023,Canada,ES_92897_GTHR-160M 1**_12152023003254_1149364,Yes
2862478,A.O. Smith Corporation,GSW WATER HEATERS,ATHR-160M 1**,GTHR-160X3 1**,,,Gas Tankless,"Natural Gas, Propane","Power Vent,Power Direct Vent",1,,4.8,1,High-Usage,0.95,178,194.53,160000,5,98,1,1,1,3,2,16,27,17,No,,,,,,,,,,,,02/01/2024,12/18/2023,Canada,ES_92897_GTHR-160X3 1**_12152023003254_8207736,Yes
2862525,A.O. Smith Corporation,GSW WATER HEATERS,ATHR-180M 1**,GTHR-180M 1**,,,Gas Tankless,"Natural Gas, Propane","Power Vent,Power Direct Vent",1,,5.3,1,High-Usage,0.95,178,194.53,180000,5,97,1,1,1,3,2,16,27,17,No,,,,,,,,,,,,02/01/2024,12/18/2023,Canada,ES_92897_GTHR-180M 1**_12152023003246_9182368,Yes
2862524,A.O. Smith Corporation,GSW WATER HEATERS,ATHR-180M 1**,GTHR-180X3 1**,,,Gas Tankless,"Natural Gas, Propane","Power Vent,Power Direct Vent",1,,5.3,1,High-Usage,0.95,178,194.53,180000,5,97,1,1,1,3,2,16,27,17,No,,,,,,,,,,,,02/01/2024,12/18/2023,Canada,ES_92897_GTHR-180X3 1**_12152023003248_2441759,Yes
2862495,A.O. Smith Corporation,GSW WATER HEATERS,ATHR-199M 1**,GTHR-199M 1**,,,Gas Tankless,"Natural Gas, Propane","Power Vent,Power Direct Vent",1,,5.9,1,High-Usage,0.95,178,194.53,199000,5,98,1,1,1,3,2,16,27,17,No,,,,,,,,,,,,02/01/2024,12/18/2023,Canada,ES_92897_GTHR-199M 1**_12152023003238_2816622,Yes
2862493,A.O. Smith Corporation,GSW WATER HEATERS,ATHR-199M 1**,GTHR-199X3 1**,,,Gas Tankless,"Natural Gas, Propane","Power Vent,Power Direct Vent",1,,5.9,1,High-Usage,0.95,178,194.53,199000,5,98,1,1,1,3,2,16,27,17,No,,,,,,,,,,,,02/01/2024,12/18/2023,Canada,ES_92897_GTHR-199X3 1**_12152023003239_7251518,Yes
4015976,A.O. Smith Corporation,GSW WATER HEATERS,ATM-160M-N 1**,GTM-160X3-N,,,Gas Tankless,Natural Gas,"Power Vent,Power Direct Vent",1,,4.8,1,High-Usage,0.95,178,194.53,160000,5,96,1,1,1,3,2,12,27,17.3,No,,,,,,,,,,,,05/15/2025,04/21/2025,Canada,ES_92897_GTM-160X3-N_04112025020724_25217229791,Yes
4015977,A.O. Smith Corporation,GSW WATER HEATERS,ATM-180M-N 1**,GTM-180X3-N,,,Gas Tankless,Natural Gas,"Power Vent,Power Direct Vent",1,,5.4,1,High-Usage,0.95,178,194.53,180000,5,96,1,1,1,3,2,12,27,17.3,No,,,,,,,,,,,,05/15/2025,04/21/2025,Canada,ES_92897_GTM-180X3-N_04112025020724_25217229790,Yes
4015973,A.O. Smith Corporation,GSW WATER HEATERS,ATM-199M-N 1**,GTM-199X3-N,,,Gas Tankless,Natural Gas,"Power Vent,Power Direct Vent",1,,6,1,High-Usage,0.95,178,194.53,199000,5,96,1,1,1,3,2,12,27,17.3,No,,,,,,,,,,,,05/15/2025,04/21/2025,Canada,ES_92897_GTM-199X3-N_04112025020723_25217229789,Yes
2862479,A.O. Smith Corporation,John Wood,ATHR-160M 1**,JTHR-160M 1**,,,Gas Tankless,"Natural Gas, Propane","Power Vent,Power Direct Vent",1,,4.8,1,High-Usage,0.95,178,194.53,160000,5,98,1,1,1,3,2,16,27,17,No,,,,,,,,,,,,02/01/2024,12/18/2023,Canada,ES_92897_JTHR-160M 1**_12152023003254_7728781,Yes
2862477,A.O. Smith Corporation,John Wood,ATHR-160M 1**,JTHR-160X3 1**,,,Gas Tankless,"Natural Gas, Propane","Power Vent,Power Direct Vent",1,,4.8,1,High-Usage,0.95,178,194.53,160000,5,98,1,1,1,3,2,16,27,17,No,,,,,,,,,,,,02/01/2024,12/18/2023,Canada,ES_92897_JTHR-160X3 1**_12152023003254_8908492,Yes
2862527,A.O. Smith Corporation,John Wood,ATHR-180M 1**,JTHR-180M 1**,,,Gas Tankless,"Natural Gas, Propane","Power Vent,Power Direct Vent",1,,5.3,1,High-Usage,0.95,178,194.53,180000,5,97,1,1,1,3,2,16,27,17,No,,,,,,,,,,,,02/01/2024,12/18/2023,Canada,ES_92897_JTHR-180M 1**_12152023003244_6318601,Yes
2862526,A.O. Smith Corporation,John Wood,ATHR-180M 1**,JTHR-180X3 1**,,,Gas Tankless,"Natural Gas, Propane","Power Vent,Power Direct Vent",1,,5.3,1,High-Usage,0.95,178,194.53,180000,5,97,1,1,1,3,2,16,27,17,No,,,,,,,,,,,,02/01/2024,12/18/2023,Canada,ES_92897_JTHR-180X3 1**_12152023003244_3566446,Yes
2862497,A.O. Smith Corporation,John Wood,ATHR-199M 1**,JTHR-199M 1**,,,Gas Tankless,"Natural Gas, Propane","Power Vent,Power Direct Vent",1,,5.9,1,High-Usage,0.95,178,194.53,199000,5,98,1,1,1,3,2,16,27,17,No,,,,,,,,,,,,02/01/2024,12/18/2023,Canada,ES_92897_JTHR-199M 1**_12152023003237_4775590,Yes
2862494,A.O. Smith Corporation,John Wood,ATHR-199M 1**,JTHR-199X3 1**,,,Gas Tankless,"Natural Gas, Propane","Power Vent,Power Direct Vent",1,,5.9,1,High-Usage,0.95,178,194.53,199000,5,98,1,1,1,3,2,16,27,17,No,,,,,,,,,,,,02/01/2024,12/18/2023,Canada,ES_92897_JTHR-199X3 1**_12152023003239_779596,Yes
2408783,A.O. Smith Corporation,John Wood,T-H3S-DV-N,JWT-340H-N 1**,,,Gas Tankless,Natural Gas,Power Direct Vent,,,5.4,1,High-Usage,0.95,178,194.53,180000,5,,,,,3,,11,22,18,No,,,,,,,,,,,,08/01/2012,02/23/2023,Canada,ES_92897_JWT-340H-N 1**_02212023100152_3151489,Yes
2408782,A.O. Smith Corporation,John Wood,T-H3S-DV-N,JWT-340H-P 1*1,,,Gas Tankless,Propane,Power Direct Vent,,,5.4,1,High-Usage,0.95,178,194.53,180000,5,,,,,3,,11,22,18,No,,,,,,,,,,,,08/01/2012,02/23/2023,Canada,ES_92897_JWT-340H-P 1*1_02212023100152_328597,Yes
2408655,A.O. Smith Corporation,Lochinvar,T-H3-OS-N 1**,LCT-199O-N 1**,,,Gas Tankless,Natural Gas,Power Vent,,,5.8,1,High-Usage,0.95,178,194.53,199000,5,,,,,3,,11,22,18,No,,,,,,,,,,,,10/29/2018,02/23/2023,United States,ES_92897_LCT-199O-N 1**_02212023100550_2605417,Yes
2408652,A.O. Smith Corporation,Lochinvar,T-H3-OS-N 1**,LCT-199O-P 1*1,,,Gas Tankless,Propane,Power Vent,,,5.8,1,High-Usage,0.95,178,194.53,199000,5,,,,,3,,11,22,18,No,,,,,,,,,,,,10/29/2018,02/23/2023,United States,ES_92897_LCT-199O-P 1*1_02212023100550_6707618,Yes
2862485,A.O. Smith Corporation,Lochinvar,ATHR-160M 1**,LTHR-160M 1**,,,Gas Tankless,"Natural Gas, Propane","Power Vent,Power Direct Vent",1,,4.8,1,High-Usage,0.95,178,194.53,160000,5,98,1,1,1,3,2,16,27,17,No,,,,,,,,,,,,02/01/2024,12/18/2023,"United States, Canada",ES_92897_LTHR-160M 1**_12152023003251_5437899,Yes
2862482,A.O. Smith Corporation,Lochinvar,ATHR-160M 1**,LTHR-160X3 1**,,,Gas Tankless,"Natural Gas, Propane","Power Vent,Power Direct Vent",1,,4.8,1,High-Usage,0.95,178,194.53,160000,5,98,1,1,1,3,2,16,27,17,No,,,,,,,,,,,,02/01/2024,12/18/2023,"United States, Canada",ES_92897_LTHR-160X3 1**_12152023003251_3080679,Yes
2863531,A.O. Smith Corporation,Lochinvar,ATHR-180M 1**,LTHR-180M 1**,,,Gas Tankless,"Natural Gas, Propane","Power Vent,Power Direct Vent",1,,5.3,1,High-Usage,0.95,178,194.53,180000,5,97,1,1,1,3,2,16,27,17,No,,,,,,,,,,,,02/01/2024,12/18/2023,"United States, Canada",ES_92897_LTHR-180M 1**_12152023003243_4866605,Yes
2863530,A.O. Smith Corporation,Lochinvar,ATHR-180M 1**,LTHR-180X3 1**,,,Gas Tankless,"Natural Gas, Propane","Power Vent,Power Direct Vent",1,,5.3,1,High-Usage,0.95,178,194.53,180000,5,97,1,1,1,3,2,16,27,17,No,,,,,,,,,,,,02/01/2024,12/18/2023,"United States, Canada",ES_92897_LTHR-180X3 1**_12152023003245_5253738,Yes
2862501,A.O. Smith Corporation,Lochinvar,ATHR-199M 1**,LTHR-199M 1**,,,Gas Tankless,"Natural Gas, Propane","Power Vent,Power Direct Vent",1,,5.9,1,High-Usage,0.95,178,194.53,199000,5,98,1,1,1,3,2,16,27,17,No,,,,,,,,,,,,02/01/2024,12/18/2023,"United States, Canada",ES_92897_LTHR-199M 1**_12152023003234_7888523,Yes
2862499,A.O. Smith Corporation,Lochinvar,ATHR-199M 1**,LTHR-199X3 1**,,,Gas Tankless,"Natural Gas, Propane","Power Vent,Power Direct Vent",1,,5.9,1,High-Usage,0.95,178,194.53,199000,5,98,1,1,1,3,2,16,27,17,No,,,,,,,,,,,,02/01/2024,12/18/2023,"United States, Canada",ES_92897_LTHR-199X3 1**_12152023003236_3334324,Yes
2408793,A.O. Smith Corporation,Lochinvar,T-H3S-DV-N,LTI-340H-N 1**,,,Gas Tankless,Natural Gas,Power Direct Vent,,,5.4,1,High-Usage,0.95,178,194.53,180000,5,,,,,3,,11,22,18,No,,,,,,,,,,,,08/01/2012,02/23/2023,"United States, Canada",ES_92897_LTI-340H-N 1**_02212023100032_4117555,Yes
2408792,A.O. Smith Corporation,Lochinvar,T-H3S-DV-N,LTI-340H-P 1*1,,,Gas Tankless,Propane,Power Direct Vent,,,5.4,1,High-Usage,0.95,178,194.53,180000,5,,,,,3,,11,22,18,No,,,,,,,,,,,,08/01/2012,02/23/2023,"United States, Canada",ES_92897_LTI-340H-P 1*1_02212023100032_7787275,Yes
2408743,A.O. Smith Corporation,Lochinvar,T-H3S-DV-N,LTI-340X3-N 1**,,,Gas Tankless,Natural Gas,Power Direct Vent,,,5.4,1,High-Usage,0.95,178,194.53,180000,5,,,,,3,,11,22,18,No,,,,,,,,,,,,08/01/2012,02/23/2023,"United States, Canada",ES_92897_LTI-340X3-N 1**_02212023100253_7175139,Yes
2408742,A.O. Smith Corporation,Lochinvar,T-H3S-DV-N,LTI-340X3-P 1*1,,,Gas Tankless,Propane,Power Direct Vent,,,5.4,1,High-Usage,0.95,178,194.53,180000,5,,,,,3,,11,22,18,No,,,,,,,,,,,,08/01/2012,02/23/2023,"United States, Canada",ES_92897_LTI-340X3-P 1*1_02212023100253_9977085,Yes
4015968,A.O. Smith Corporation,Lochinvar,ATM-160M-N 1**,LTM-160M-N 1**,,,Gas Tankless,Natural Gas,"Power Vent,Power Direct Vent",1,,4.8,1,High-Usage,0.95,178,194.53,160000,5,96,1,1,1,3,2,12,27,17.3,No,,,,,,,,,,,,05/15/2025,04/21/2025,"United States, Canada",ES_92897_LTM-160M-N 1**_04102025015607_25217226661,Yes
4015970,A.O. Smith Corporation,Lochinvar,ATM-160M-N 1**,LTM-160X3-N 1**,,,Gas Tankless,Natural Gas,"Power Vent,Power Direct Vent",1,,4.8,1,High-Usage,0.95,178,194.53,160000,5,96,1,1,1,3,2,12,27,17.3,No,,,,,,,,,,,,05/15/2025,04/21/2025,"United States, Canada",ES_92897_LTM-160X3-N 1**_04102025015608_25217226662,Yes
4015959,A.O. Smith Corporation,Lochinvar,ATM-180M-N 1**,LTM-180M-N 1**,,,Gas Tankless,Natural Gas,"Power Vent,Power Direct Vent",1,,5.4,1,High-Usage,0.95,178,194.53,180000,5,96,1,1,1,3,2,12,27,17.3,No,,,,,,,,,,,,05/15/2025,04/21/2025,"United States, Canada",ES_92897_LTM-180M-N 1**_04102025015604_25217226650,Yes
4015958,A.O. Smith Corporation,Lochinvar,ATM-180M-N 1**,LTM-180X3-N 1**,,,Gas Tankless,Natural Gas,"Power Vent,Power Direct Vent",1,,5.4,1,High-Usage,0.95,178,194.53,180000,5,96,1,1,1,3,2,12,27,17.3,No,,,,,,,,,,,,05/15/2025,04/21/2025,"United States, Canada",ES_92897_LTM-180X3-N 1**_04102025015604_25217226651,Yes
4015949,A.O. Smith Corporation,Lochinvar,ATM-199M-N 1**,LTM-199M-N 1**,,,Gas Tankless,Natural Gas,"Power Vent,Power Direct Vent",1,,6,1,High-Usage,0.95,178,194.53,199000,5,96,1,1,1,3,2,12,27,17.3,No,,,,,,,,,,,,05/15/2025,04/21/2025,"United States, Canada",ES_92897_LTM-199M-N 1**_04102025015601_25217226641,Yes
4015950,A.O. Smith Corporation,Lochinvar,ATM-199M-N 1**,LTM-199X3-N 1**,,,Gas Tankless,Natural Gas,"Power Vent,Power Direct Vent",1,,6,1,High-Usage,0.95,178,194.53,199000,5,96,1,1,1,3,2,12,27,17.3,No,,,,,,,,,,,,05/15/2025,04/21/2025,"United States, Canada",ES_92897_LTM-199X3-N 1**_04102025015601_25217226642,Yes
2408809,A.O. Smith Corporation,Lochinvar,T-H3J-OS-N,LTO-240H-N 1**,,,Gas Tankless,Natural Gas,Power Vent,,,4.7,1,High-Usage,0.95,178,194.53,160000,5,,,,,0,,11,22,18,No,,,,,,,,,,,,08/01/2012,02/23/2023,"United States, Canada",ES_92897_LTO-240H-N 1**_02212023100021_4544892,Yes
2408808,A.O. Smith Corporation,Lochinvar,T-H3J-OS-N,LTO-240H-P 1*1,,,Gas Tankless,Propane,Power Vent,,,4.7,1,High-Usage,0.95,178,194.53,160000,5,,,,,0,,11,22,18,No,,,,,,,,,,,,08/01/2012,02/23/2023,"United States, Canada",ES_92897_LTO-240H-P 1*1_02212023100022_6531008,Yes
2408730,A.O. Smith Corporation,Lochinvar,T-H3J-OS-N,LTO-240X3-N 1**,,,Gas Tankless,Natural Gas,Power Vent,,,4.7,1,High-Usage,0.95,178,194.53,160000,5,,,,,0,,11,22,18,No,,,,,,,,,,,,08/01/2012,02/23/2023,"United States, Canada",ES_92897_LTO-240X3-N 1**_02212023100256_3674694,Yes
2408731,A.O. Smith Corporation,Lochinvar,T-H3J-OS-N,LTO-240X3-P 1*1,,,Gas Tankless,Propane,Power Vent,,,4.7,1,High-Usage,0.95,178,194.53,160000,5,,,,,0,,11,22,18,No,,,,,,,,,,,,08/01/2012,02/23/2023,"United States, Canada",ES_92897_LTO-240X3-P 1*1_02212023100256_7594010,Yes
2408657,A.O. Smith Corporation,Lochinvar,T-H3-OS-N 1**,LTO-540H-N 1**,,,Gas Tankless,Natural Gas,Power Vent,,,5.8,1,High-Usage,0.95,178,194.53,199000,5,,,,,3,,11,22,18,No,,,,,,,,,,,,10/29/2018,02/23/2023,United States,ES_92897_LTO-540H-N 1**_02212023100549_194997,Yes
2408654,A.O. Smith Corporation,Lochinvar,T-H3-OS-N 1**,LTO-540H-P 1*1,,,Gas Tankless,Propane,Power Vent,,,5.8,1,High-Usage,0.95,178,194.53,199000,5,,,,,3,,11,22,18,No,,,,,,,,,,,,10/29/2018,02/23/2023,United States,ES_92897_LTO-540H-P 1*1_02212023100550_222087,Yes
2408771,A.O. Smith Corporation,Lochinvar,T-H3-OS-N 1**,LTO-540HX3-N 1**,,,Gas Tankless,Natural Gas,Power Vent,,,5.8,1,High-Usage,0.95,178,194.53,199000,5,,,,,3,,11,22,18,No,,,,,,,,,,,,10/29/2018,02/23/2023,"United States, Canada",ES_92897_LTO-540HX3-N 1**_02212023100205_217879,Yes
2408770,A.O. Smith Corporation,Lochinvar,T-H3-OS-N 1**,LTO-540HX3-P 1*1,,,Gas Tankless,Propane,Power Vent,,,5.8,1,High-Usage,0.95,178,194.53,199000,5,,,,,3,,11,22,18,No,,,,,,,,,,,,10/29/2018,02/23/2023,"United States, Canada",ES_92897_LTO-540HX3-P 1*1_02212023100205_6579768,Yes
2408656,A.O. Smith Corporation,Lochinvar,T-H3-OS-N 1**,LTO-540P-N 1**,,,Gas Tankless,Natural Gas,Power Vent,,,5.8,1,High-Usage,0.95,178,194.53,199000,5,,,,,3,,11,22,18,No,,,,,,,,,,,,10/29/2018,02/23/2023,United States,ES_92897_LTO-540P-N 1**_02212023100550_3641015,Yes
2408653,A.O. Smith Corporation,Lochinvar,T-H3-OS-N 1**,LTO-540P-P 1*1,,,Gas Tankless,Propane,Power Vent,,,5.8,1,High-Usage,0.95,178,194.53,199000,5,,,,,3,,11,22,18,No,,,,,,,,,,,,10/29/2018,02/23/2023,United States,ES_92897_LTO-540P-P 1*1_02212023100550_1443807,Yes
3555675,Azure Canada Inc.,Kepler,JSG52-32PCH/199KNP,JSG52-32PCH/199KNP,,,Gas Tankless,Natural Gas,Power Direct Vent,,,5.7,0.6,High-Usage,0.96,175,191.25,199000,1.3,0.99,,,,2,3,11,26.8,17.3,No,,,,,,,,,,,,05/30/2024,03/18/2024,"United States, Canada",ES_1150713_JSG52-32PCH/199KNP_07312024123523_80212398,Yes
3555676,Azure Canada Inc.,Kepler,JSG52-32PCH/199KWP,JSG52-32PCH/199KWP,,,Gas Tankless,Natural Gas,Power Direct Vent,,,5.7,0.6,High-Usage,0.96,175,191.25,199000,1.3,0.99,,,,2,3,11,26.8,17.3,No,,,,,,,,,,,,05/30/2024,03/18/2024,"United States, Canada",ES_1150713_JSG52-32PCH/199KWP_07312024123523_80212398,Yes
2453077,Bosch Thermotechnology Corporation,Bosch,Greentherm,T9800 SE 160,,52575110431,Gas Tankless,"Natural Gas, Propane",Direct Vent,,,4.6,0.5,High-Usage,0.95,178,194.53,160000,2.7,,,,,2,,10,32,19,No,,,,,,,,,,,,12/01/2016,04/07/2023,"United States, Canada",ES_16809_T9800 SE 160_03282023091335_4079927,Yes
2408822,Bosch Thermotechnology Corporation,Bosch,Greentherm,T9800 SE 199,,52575110455,Gas Tankless,"Natural Gas, Propane",Direct Vent,,,5.4,0.5,High-Usage,0.95,178,194.53,199000,2.7,,,,,2,,10,32,19,No,,,,,,,,,,,,12/01/2016,07/06/2023,"United States, Canada",ES_16809_T9800 SE 199_02212023095716_835748,Yes
2453075,Bosch Thermotechnology Corporation,Bosch,Greentherm,T9800 SEO 160,,52575110448,Gas Tankless,"Natural Gas, Propane",Direct Vent,,,4.6,0.5,High-Usage,0.95,178,194.53,160000,2.7,,,,,2,,10,32,19,No,,,,,,,,,,,,12/01/2016,04/07/2023,"United States, Canada",ES_16809_T9800 SEO 160_03282023091337_2237259,Yes
2408821,Bosch Thermotechnology Corporation,Bosch,Greentherm,T9800 SEO 199,,52575110516,Gas Tankless,"Natural Gas, Propane",Direct Vent,,,5.4,0.5,High-Usage,0.95,178,194.53,199000,2.7,,,,,2,,10,32,19,No,,,,,,,,,,,,12/01/2016,07/06/2023,"United States, Canada",ES_16809_T9800 SEO 199_02212023095716_4607742,Yes
2408475,Bosch Thermotechnology Corporation,Bosch,Greentherm,T9900I SE 199,,52575110493,Gas Tankless,"Natural Gas, Propane",Direct Vent,,,5.4,0.5,High-Usage,0.95,178,194.53,199000,2.7,,,,,2,,10,32,19,No,,,,,,,,,,,,12/01/2016,07/06/2023,"United States, Canada",ES_16809_T9900I SE 199_02212023095717_3179519,Yes
2453076,Bosch Thermotechnology Corporation,Bosch,Greentherm,T9900 SE 160,,52575110479,Gas Tankless,"Natural Gas, Propane",Direct Vent,,,4.6,0.5,High-Usage,0.95,178,194.53,160000,2.7,,,,,2,,10,32,19,No,,,,,,,,,,,,12/01/2016,04/07/2023,"United States, Canada",ES_16809_T9900 SE 160_03282023091337_8465194,Yes
2408820,Bosch Thermotechnology Corporation,Bosch,Greentherm,T9900 SE 199,,52575110486,Gas Tankless,"Natural Gas, Propane",Direct Vent,,,5.4,0.5,High-Usage,0.95,178,194.53,199000,2.7,,,,,2,,10,32,19,No,,,,,,,,,,,,12/01/2016,07/06/2023,"United States, Canada",ES_16809_T9900 SE 199_02212023095716_2969022,Yes
2454329,Bosch Thermotechnology Corporation,Bradford White,RTG-K-160N2,RTG-K-160N1,,52575110431,Gas Tankless,"Natural Gas, Propane",Direct Vent,,,4.6,0.5,High-Usage,0.95,178,194.53,160000,2.7,,,,,2,,10,32,19,No,,,,,,,,,,,,07/01/2018,04/17/2023,"United States, Canada",ES_16809_RTG-K-160N1_04172023121905_2252944,Yes
2454330,Bosch Thermotechnology Corporation,Bradford White,RTG-K-160N2,RTG-K-160N2,,52575110431,Gas Tankless,"Natural Gas, Propane",Direct Vent,,,4.6,0.5,High-Usage,0.95,178,194.53,160000,2.7,,,,,2,,10,32,19,No,,,,,,,,,,,,07/01/2018,04/17/2023,"United States, Canada",ES_16809_RTG-K-160N2_04172023121903_3945474,Yes
2472807,Bosch Thermotechnology Corporation,Bradford White,RTG-K-199N1,RTG-K-199N1,,52575110455,Gas Tankless,"Natural Gas, Propane",Direct Vent,,,5.4,0.5,High-Usage,0.95,178,194.53,199000,2.7,,,,,2,,10,32,19,No,,,,,,,,,,,,09/01/2018,06/07/2023,"United States, Canada",ES_16809_RTG-K-199N1_05042023161040_6705107,Yes
2472806,Bosch Thermotechnology Corporation,Bradford White,RTG-K-199N2,RTG-K-199N2,,52575110455,Gas Tankless,"Natural Gas, Propane",Direct Vent,,,5.4,0.5,High-Usage,0.95,178,194.53,199000,2.7,,,,,2,,10,32,19,No,,,,,,,,,,,,07/01/2018,06/07/2023,"United States, Canada",ES_16809_RTG-K-199N2_05042023161041_6194066,Yes
4015956,A.O. Smith Corporation,RELIANCE WATER HEATERS,ATM-180M-N 1**,RTM-180X3-N 1**,,,Gas Tankless,Natural Gas,"Power Vent,Power Direct Vent",1,,5.4,1,High-Usage,0.95,178,194.53,180000,5,96,1,1,1,3,2,12,27,17.3,No,,,,,,,,,,,,05/15/2025,04/21/2025,"United States, Canada",ES_92897_RTM-180X3-N 1**_04102025015604_25217226649,Yes
4015948,A.O. Smith Corporation,RELIANCE WATER HEATERS,ATM-199M-N 1**,RTM-199M-N 1**,,,Gas Tankless,Natural Gas,"Power Vent,Power Direct Vent",1,,6,1,High-Usage,0.95,178,194.53,199000,5,96,1,1,1,3,2,12,27,17.3,No,,,,,,,,,,,,05/15/2025,04/21/2025,"United States, Canada",ES_92897_RTM-199M-N 1**_04102025015601_25217226639,Yes
4015944,A.O. Smith Corporation,RELIANCE WATER HEATERS,ATM-199M-N 1**,RTM-199X3-N 1**,,,Gas Tankless,Natural Gas,"Power Vent,Power Direct Vent",1,,6,1,High-Usage,0.95,178,194.53,199000,5,96,1,1,1,3,2,12,27,17.3,No,,,,,,,,,,,,05/15/2025,04/21/2025,"United States, Canada",ES_92897_RTM-199X3-N 1**_04102025015559_25217226640,Yes
2408807,A.O. Smith Corporation,RELIANCE WATER HEATERS,T-H3J-OS-N,TS-240-GEH 1**,,,Gas Tankless,Natural Gas,Power Vent,,,4.7,1,High-Usage,0.95,178,194.53,160000,5,,,,,0,,11,22,18,No,,,,,,,,,,,,08/01/2012,02/23/2023,"United States, Canada",ES_92897_TS-240-GEH 1**_02212023100022_4124846,Yes
2408806,A.O. Smith Corporation,RELIANCE WATER HEATERS,T-H3J-OS-N,TS-240-LEH 1*1,,,Gas Tankless,Propane,Power Vent,,,4.7,1,High-Usage,0.95,178,194.53,160000,5,,,,,0,,11,22,18,No,,,,,,,,,,,,08/01/2012,02/23/2023,"United States, Canada",ES_92897_TS-240-LEH 1*1_02212023100022_7275934,Yes
2408733,A.O. Smith Corporation,RELIANCE WATER HEATERS,T-H3J-OS-N,TS-240X3-GEH 1**,,,Gas Tankless,Natural Gas,Power Vent,,,4.7,1,High-Usage,0.95,178,194.53,160000,5,,,,,0,,11,22,18,No,,,,,,,,,,,,08/01/2012,02/23/2023,"United States, Canada",ES_92897_TS-240X3-GEH 1**_02212023100256_6318723,Yes
2408732,A.O. Smith Corporation,RELIANCE WATER HEATERS,T-H3J-OS-N,TS-240X3-LEH 1*1,,,Gas Tankless,Propane,Power Vent,,,4.7,1,High-Usage,0.95,178,194.53,160000,5,,,,,0,,11,22,18,No,,,,,,,,,,,,08/01/2012,02/23/2023,"United States, Canada",ES_92897_TS-240X3-LEH 1*1_02212023100256_5526102,Yes
2408791,A.O. Smith Corporation,RELIANCE WATER HEATERS,T-H3S-DV-N,TS-340-GIH 1**,,,Gas Tankless,Natural Gas,Power Direct Vent,,,5.4,1,High-Usage,0.95,178,194.53,180000,5,,,,,3,,11,22,18,No,,,,,,,,,,,,08/01/2012,02/23/2023,"United States, Canada",ES_92897_TS-340-GIH 1**_02212023100033_9809674,Yes
2408790,A.O. Smith Corporation,RELIANCE WATER HEATERS,T-H3S-DV-N,TS-340-LIH 1*1,,,Gas Tankless,Propane,Power Direct Vent,,,5.4,1,High-Usage,0.95,178,194.53,180000,5,,,,,3,,11,22,18,No,,,,,,,,,,,,08/01/2012,02/23/2023,"United States, Canada",ES_92897_TS-340-LIH 1*1_02212023100033_3574059,Yes
2408744,A.O. Smith Corporation,RELIANCE WATER HEATERS,T-H3S-DV-N,TS-340X3-GIH 1**,,,Gas Tankless,Natural Gas,Power Direct Vent,,,5.4,1,High-Usage,0.95,178,194.53,180000,5,,,,,3,,11,22,18,No,,,,,,,,,,,,08/01/2012,02/23/2023,"United States, Canada",ES_92897_TS-340X3-GIH 1**_02212023100253_645580,Yes
2561642,A.O. Smith Corporation,RELIANCE WATER HEATERS,T-H3S-DV-N,TS-340X3-LIH 1*1,,,Gas Tankless,Propane,Power Direct Vent,,,5.4,1,High-Usage,0.95,178,194.53,180000,5,,,,,3,,11,22,18,No,,,,,,,,,,,,08/01/2012,07/12/2023,"United States, Canada",ES_92897_TS-340X3-LIH 1*1_02212023100253_9747544,Yes
2408671,A.O. Smith Corporation,RELIANCE WATER HEATERS,T-H3-OS-N 1**,TS-540-GEH 1**,,,Gas Tankless,Natural Gas,Power Vent,,,5.8,1,High-Usage,0.95,178,194.53,199000,5,,,,,3,,11,22,18,No,,,,,,,,,,,,10/29/2018,02/23/2023,United States,ES_92897_TS-540-GEH 1**_02212023100547_2936754,Yes
2408669,A.O. Smith Corporation,RELIANCE WATER HEATERS,T-H3-OS-N 1**,TS-540-LEH 1*1,,,Gas Tankless,Propane,Power Vent,,,5.8,1,High-Usage,0.95,178,194.53,199000,5,,,,,3,,11,22,18,No,,,,,,,,,,,,10/29/2018,02/23/2023,United States,ES_92897_TS-540-LEH 1*1_02212023100547_1704276,Yes
2408670,A.O. Smith Corporation,RELIANCE WATER HEATERS,T-H3-OS-N 1**,TS-540P-GEH 1**,,,Gas Tankless,Natural Gas,Power Vent,,,5.8,1,High-Usage,0.95,178,194.53,199000,5,,,,,3,,11,22,18,No,,,,,,,,,,,,10/29/2018,02/23/2023,United States,ES_92897_TS-540P-GEH 1**_02212023100547_9504905,Yes
2408668,A.O. Smith Corporation,RELIANCE WATER HEATERS,T-H3-OS-N 1**,TS-540P-LEH 1*1,,,Gas Tankless,Propane,Power Vent,,,5.8,1,High-Usage,0.95,178,194.53,199000,5,,,,,3,,11,22,18,No,,,,,,,,,,,,10/29/2018,02/23/2023,United States,ES_92897_TS-540P-LEH 1*1_02212023100547_1397375,Yes
2408773,A.O. Smith Corporation,RELIANCE WATER HEATERS,T-H3-OS-N 1**,TS-540X3-GEH 1**,,,Gas Tankless,Natural Gas,Power Vent,,,5.8,1,High-Usage,0.95,178,194.53,199000,5,,,,,3,,11,22,18,No,,,,,,,,,,,,10/29/2018,02/23/2023,"United States, Canada",ES_92897_TS-540X3-GEH 1**_02212023100204_515693,Yes
2408772,A.O. Smith Corporation,RELIANCE WATER HEATERS,T-H3-OS-N 1**,TS-540X3-LEH 1*1,,,Gas Tankless,Propane,Power Vent,,,5.8,1,High-Usage,0.95,178,194.53,199000,5,,,,,3,,11,22,18,No,,,,,,,,,,,,10/29/2018,02/23/2023,"United States, Canada",ES_92897_TS-540X3-LEH 1*1_02212023100205_6115793,Yes
2408805,A.O. Smith Corporation,State,T-H3J-OS-N,GTS-240-NEH 1**,,,Gas Tankless,Natural Gas,Power Vent,,,4.7,1,High-Usage,0.95,178,194.53,160000,5,,,,,0,,11,22,18,No,,,,,,,,,,,,08/01/2012,02/23/2023,"United States, Canada",ES_92897_GTS-240-NEH 1**_02212023100022_8710067,Yes
2408804,A.O. Smith Corporation,State,T-H3J-OS-N,GTS-240-PEH 1*1,,,Gas Tankless,Propane,Power Vent,,,4.7,1,High-Usage,0.95,178,194.53,160000,5,,,,,0,,11,22,18,No,,,,,,,,,,,,08/01/2012,02/23/2023,"United States, Canada",ES_92897_GTS-240-PEH 1*1_02212023100023_3871636,Yes
2408739,A.O. Smith Corporation,State,T-H3J-OS-N,GTS-240X3-NEH 1**,,,Gas Tankless,Natural Gas,Power Vent,,,4.7,1,High-Usage,0.95,178,194.53,160000,5,,,,,0,,11,22,18,No,,,,,,,,,,,,08/01/2012,02/23/2023,"United States, Canada",ES_92897_GTS-240X3-NEH 1**_02212023100254_9345593,Yes
2408738,A.O. Smith Corporation,State,T-H3J-OS-N,GTS-240X3-PEH 1*1,,,Gas Tankless,Propane,Power Vent,,,4.7,1,High-Usage,0.95,178,194.53,160000,5,,,,,0,,11,22,18,No,,,,,,,,,,,,08/01/2012,02/23/2023,"United States, Canada",ES_92897_GTS-240X3-PEH 1*1_02212023100254_7010331,Yes
2408789,A.O. Smith Corporation,State,T-H3S-DV-N,GTS-340-NIH 1**,,,Gas Tankless,Natural Gas,Power Direct Vent,,,5.4,1,High-Usage,0.95,178,194.53,180000,5,,,,,3,,11,22,18,No,,,,,,,,,,,,08/01/2012,02/23/2023,"United States, Canada",ES_92897_GTS-340-NIH 1**_02212023100033_2860470,Yes
2408788,A.O. Smith Corporation,State,T-H3S-DV-N,GTS-340-PIH 1*1,,,Gas Tankless,Propane,Power Direct Vent,,,5.4,1,High-Usage,0.95,178,194.53,180000,5,,,,,3,,11,22,18,No,,,,,,,,,,,,08/01/2012,02/23/2023,"United States, Canada",ES_92897_GTS-340-PIH 1*1_02212023100033_3342426,Yes
2408750,A.O. Smith Corporation,State,T-H3S-DV-N,GTS-340X3-NIH 1**,,,Gas Tankless,Natural Gas,Power Direct Vent,,,5.4,1,High-Usage,0.95,178,194.53,180000,5,,,,,3,,11,22,18,No,,,,,,,,,,,,08/01/2012,02/23/2023,"United States, Canada",ES_92897_GTS-340X3-NIH 1**_02212023100251_6821685,Yes
2408749,A.O. Smith Corporation,State,T-H3S-DV-N,GTS-340X3-PIH 1*1,,,Gas Tankless,Propane,Power Direct Vent,,,5.4,1,High-Usage,0.95,178,194.53,180000,5,,,,,3,,11,22,18,No,,,,,,,,,,,,08/01/2012,02/23/2023,"United States, Canada",ES_92897_GTS-340X3-PIH 1*1_02212023100252_5070652,Yes
2408677,A.O. Smith Corporation,State,T-H3-OS-N 1**,GTS-540-NEH 1**,,,Gas Tankless,Natural Gas,Power Vent,,,5.8,1,High-Usage,0.95,178,194.53,199000,5,,,,,3,,11,22,18,No,,,,,,,,,,,,10/29/2018,02/23/2023,United States,ES_92897_GTS-540-NEH 1**_02212023100545_3572260,Yes
2408674,A.O. Smith Corporation,State,T-H3-OS-N 1**,GTS-540-PEH 1*1,,,Gas Tankless,Propane,Power Vent,,,5.8,1,High-Usage,0.95,178,194.53,199000,5,,,,,3,,11,22,18,No,,,,,,,,,,,,10/29/2018,02/23/2023,United States,ES_92897_GTS-540-PEH 1*1_02212023100546_4688018,Yes
2408676,A.O. Smith Corporation,State,T-H3-OS-N 1**,GTS-540P-NEH 1**,,,Gas Tankless,Natural Gas,Power Vent,,,5.8,1,High-Usage,0.95,178,194.53,199000,5,,,,,3,,11,22,18,No,,,,,,,,,,,,10/29/2018,02/23/2023,United States,ES_92897_GTS-540P-NEH 1**_02212023100546_2317928,Yes
2408673,A.O. Smith Corporation,State,T-H3-OS-N 1**,GTS-540P-PEH 1*1,,,Gas Tankless,Propane,Power Vent,,,5.8,1,High-Usage,0.95,178,194.53,199000,5,,,,,3,,11,22,18,No,,,,,,,,,,,,10/29/2018,02/23/2023,United States,ES_92897_GTS-540P-PEH 1*1_02212023100546_2562701,Yes
2408779,A.O. Smith Corporation,State,T-H3-OS-N 1**,GTS-540X3-NEH 1**,,,Gas Tankless,Natural Gas,Power Vent,,,5.8,1,High-Usage,0.95,178,194.53,199000,5,,,,,3,,11,22,18,No,,,,,,,,,,,,10/29/2018,02/23/2023,"United States, Canada",ES_92897_GTS-540X3-NEH 1**_02212023100203_7316788,Yes
2408778,A.O. Smith Corporation,State,T-H3-OS-N 1**,GTS-540X3-PEH 1*1,,,Gas Tankless,Propane,Power Vent,,,5.8,1,High-Usage,0.95,178,194.53,199000,5,,,,,3,,11,22,18,No,,,,,,,,,,,,10/29/2018,02/23/2023,"United States, Canada",ES_92897_GTS-540X3-PEH 1*1_02212023100203_9427330,Yes
2408675,A.O. Smith Corporation,State,T-H3-OS-N 1**,SCT-199O-N 1**,,,Gas Tankless,Natural Gas,Power Vent,,,5.8,1,High-Usage,0.95,178,194.53,199000,5,,,,,3,,11,22,18,No,,,,,,,,,,,,10/29/2018,02/23/2023,United States,ES_92897_SCT-199O-N 1**_02212023100546_970475,Yes
2408672,A.O. Smith Corporation,State,T-H3-OS-N 1**,SCT-199O-P 1*1,,,Gas Tankless,Propane,Power Vent,,,5.8,1,High-Usage,0.95,178,194.53,199000,5,,,,,3,,11,22,18,No,,,,,,,,,,,,10/29/2018,02/23/2023,United States,ES_92897_SCT-199O-P 1*1_02212023100546_3956837,Yes
2862490,A.O. Smith Corporation,State,ATHR-160M 1**,STHR-160M 1**,,,Gas Tankless,"Natural Gas, Propane","Power Vent,Power Direct Vent",1,,4.8,1,High-Usage,0.95,178,194.53,160000,5,98,1,1,1,3,2,16,27,17,No,,,,,,,,,,,,02/01/2024,12/18/2023,"United States, Canada",ES_92897_STHR-160M 1**_12152023003246_5886972,Yes
2862487,A.O. Smith Corporation,State,ATHR-160M 1**,STHR-160X3 1**,,,Gas Tankless,"Natural Gas, Propane","Power Vent,Power Direct Vent",1,,4.8,1,High-Usage,0.95,178,194.53,160000,5,98,1,1,1,3,2,16,27,17,No,,,,,,,,,,,,02/01/2024,12/18/2023,"United States, Canada",ES_92897_STHR-160X3 1**_12152023003248_6084436,Yes
2865537,A.O. Smith Corporation,State,ATHR-180M 1**,STHR-180M 1**,,,Gas Tankless,"Natural Gas, Propane","Power Vent,Power Direct Vent",1,,5.3,1,High-Usage,0.95,178,194.53,180000,5,97,1,1,1,3,2,16,27,17,No,,,,,,,,,,,,02/01/2024,12/18/2023,"United States, Canada",ES_92897_STHR-180M 1**_12152023003240_3797207,Yes
2865536,A.O. Smith Corporation,State,ATHR-180M 1**,STHR-180X3 1**,,,Gas Tankless,"Natural Gas, Propane","Power Vent,Power Direct Vent",1,,5.3,1,High-Usage,0.95,178,194.53,180000,5,97,1,1,1,3,2,16,27,17,No,,,,,,,,,,,,02/01/2024,12/18/2023,"United States, Canada",ES_92897_STHR-180X3 1**_12152023003240_1526600,Yes
2868543,A.O. Smith Corporation,State,ATHR-199M 1**,STHR-199M 1**,,,Gas Tankless,"Natural Gas, Propane","Power Vent,Power Direct Vent",1,,5.9,1,High-Usage,0.95,178,194.53,199000,5,98,1,1,1,3,2,16,27,17,No,,,,,,,,,,,,02/01/2024,12/18/2023,"United States, Canada",ES_92897_STHR-199M 1**_12182023133809_2806458,Yes
2867541,A.O. Smith Corporation,State,ATHR-199M 1**,STHR-199X3 1**,,,Gas Tankless,"Natural Gas, Propane","Power Vent,Power Direct Vent",1,,5.9,1,High-Usage,0.95,178,194.53,199000,5,98,1,1,1,3,2,16,27,17,No,,,,,,,,,,,,02/01/2024,12/18/2023,"United States, Canada",ES_92897_STHR-199X3 1**_12182023133809_7126455,Yes
4015964,A.O. Smith Corporation,State,ATM-160M-N 1**,STM-160M-N 1**,,,Gas Tankless,Natural Gas,"Power Vent,Power Direct Vent",1,,4.8,1,High-Usage,0.95,178,194.53,160000,5,96,1,1,1,3,2,12,27,17.3,No,,,,,,,,,,,,05/15/2025,04/21/2025,"United States, Canada",ES_92897_STM-160M-N 1**_04102025015606_25217226655,Yes
4015963,A.O. Smith Corporation,State,ATM-160M-N 1**,STM-160X3-N 1**,,,Gas Tankless,Natural Gas,"Power Vent,Power Direct Vent",1,,4.8,1,High-Usage,0.95,178,194.53,160000,5,96,1,1,1,3,2,12,27,17.3,No,,,,,,,,,,,,05/15/2025,04/21/2025,"United States, Canada",ES_92897_STM-160X3-N 1**_04102025015606_25217226656,Yes
4015954,A.O. Smith Corporation,State,ATM-180M-N 1**,STM-180M-N 1**,,,Gas Tankless,Natural Gas,"Power Vent,Power Direct Vent",1,,5.4,1,High-Usage,0.95,178,194.53,180000,5,96,1,1,1,3,2,12,27,17.3,No,,,,,,,,,,,,05/15/2025,04/21/2025,"United States, Canada",ES_92897_STM-180M-N 1**_04102025015603_25217226644,Yes
4015952,A.O. Smith Corporation,State,ATM-180M-N 1**,STM-180X3-N 1**,,,Gas Tankless,Natural Gas,"Power Vent,Power Direct Vent",1,,5.4,1,High-Usage,0.95,178,194.53,180000,5,96,1,1,1,3,2,12,27,17.3,No,,,,,,,,,,,,05/15/2025,04/21/2025,"United States, Canada",ES_92897_STM-180X3-N 1**_04102025015602_25217226645,Yes
4015945,A.O. Smith Corporation,State,ATM-199M-N 1**,STM-199M-N 1**,,,Gas Tankless,Natural Gas,"Power Vent,Power Direct Vent",1,,6,1,High-Usage,0.95,178,194.53,199000,5,96,1,1,1,3,2,12,27,17.3,No,,,,,,,,,,,,05/15/2025,04/21/2025,"United States, Canada",ES_92897_STM-199M-N 1**_04102025015600_25217226635,Yes
4015946,A.O. Smith Corporation,State,ATM-199M-N 1**,STM-199X3-N 1**,,,Gas Tankless,Natural Gas,"Power Vent,Power Direct Vent",1,,6,1,High-Usage,0.95,178,194.53,199000,5,96,1,1,1,3,2,12,27,17.3,No,,,,,,,,,,,,05/15/2025,04/21/2025,"United States, Canada",ES_92897_STM-199X3-N 1**_04102025015600_25217226636,Yes
2408688,A.O. Smith Corporation,Takagi,T-H3-OS-N 1**,TCT-199O-N 1**,,,Gas Tankless,Natural Gas,Power Vent,,,5.8,1,High-Usage,0.95,178,194.53,199000,5,,,,,3,,11,22,18,No,,,,,,,,,,,,10/29/2018,02/23/2023,"United States, Canada",ES_92897_TCT-199O-N 1**_02212023100543_4261439,Yes
2408685,A.O. Smith Corporation,Takagi,T-H3-OS-N 1**,TCT-199O-P 1*1,,,Gas Tankless,Propane,Power Vent,,,5.8,1,High-Usage,0.95,178,194.53,199000,5,,,,,3,,11,22,18,No,,,,,,,,,,,,10/29/2018,02/23/2023,"United States, Canada",ES_92897_TCT-199O-P 1*1_02212023100544_8403156,Yes
2408817,A.O. Smith Corporation,Takagi,T-H3J-OS-N,T-H3J-OS-N 1**,,,Gas Tankless,Natural Gas,Power Vent,,,4.7,1,High-Usage,0.95,178,194.53,160000,5,,,,,0,,11,22,18,No,,,,,,,,,,,,08/01/2012,02/23/2023,"United States, Canada",ES_92897_T-H3J-OS-N 1**_02212023100020_9474137,Yes
2408816,A.O. Smith Corporation,Takagi,T-H3J-OS-N,T-H3J-OS-P 1*1,,,Gas Tankless,Propane,Power Vent,,,4.7,1,High-Usage,0.95,178,194.53,160000,5,,,,,0,,11,22,18,No,,,,,,,,,,,,08/01/2012,02/23/2023,"United States, Canada",ES_92897_T-H3J-OS-P 1*1_02212023100020_3304937,Yes
2408473,A.O. Smith Corporation,Takagi,T-H3-OS-N 1**,T-H3-OS-N 1**,,,Gas Tankless,Natural Gas,Power Vent,,,5.8,1,High-Usage,0.95,178,194.53,199000,5,,,,,3,,11,22,18,No,,,,,,,,,,,,10/29/2018,02/23/2023,"United States, Canada",ES_92897_T-H3-OS-N 1**_02212023100535_9394299,Yes
2408687,A.O. Smith Corporation,Takagi,T-H3-OS-N 1**,T-H3-OS-P 1*1,,,Gas Tankless,Propane,Power Vent,,,5.8,1,High-Usage,0.95,178,194.53,199000,5,,,,,3,,11,22,18,No,,,,,,,,,,,,10/29/2018,02/23/2023,"United States, Canada",ES_92897_T-H3-OS-P 1*1_02212023100544_982133,Yes
2408801,A.O. Smith Corporation,Takagi,T-H3S-DV-N,T-H3S-DV-N 1**,,,Gas Tankless,Natural Gas,Power Direct Vent,,,5.4,1,High-Usage,0.95,178,194.53,180000,5,,,,,3,,11,22,18,No,,,,,,,,,,,,08/01/2012,02/23/2023,"United States, Canada",ES_92897_T-H3S-DV-N 1**_02212023100030_4842364,Yes
2408800,A.O. Smith Corporation,Takagi,T-H3S-DV-N,T-H3S-DV-P 1*1,,,Gas Tankless,Propane,Power Direct Vent,,,5.4,1,High-Usage,0.95,178,194.53,180000,5,,,,,3,,11,22,18,No,,,,,,,,,,,,08/01/2012,02/23/2023,"United States, Canada",ES_92897_T-H3S-DV-P 1*1_02212023100031_1381581,Yes
2408735,A.O. Smith Corporation,Takagi,T-H3J-OS-N,TK-240X3-NEH 1**,,,Gas Tankless,Natural Gas,Power Vent,,,4.7,1,High-Usage,0.95,178,194.53,160000,5,,,,,0,,11,22,18,No,,,,,,,,,,,,08/01/2012,02/23/2023,"United States, Canada",ES_92897_TK-240X3-NEH 1**_02212023100255_4984072,Yes
2408734,A.O. Smith Corporation,Takagi,T-H3J-OS-N,TK-240X3-PEH 1*1,,,Gas Tankless,Propane,Power Vent,,,4.7,1,High-Usage,0.95,178,194.53,160000,5,,,,,0,,11,22,18,No,,,,,,,,,,,,08/01/2012,02/23/2023,"United States, Canada",ES_92897_TK-240X3-PEH 1*1_02212023100255_5764861,Yes
2408746,A.O. Smith Corporation,Takagi,T-H3S-DV-N,TK-340X3-NIH 1**,,,Gas Tankless,Natural Gas,Power Direct Vent,,,5.4,1,High-Usage,0.95,178,194.53,180000,5,,,,,3,,11,22,18,No,,,,,,,,,,,,08/01/2012,02/23/2023,"United States, Canada",ES_92897_TK-340X3-NIH 1**_02212023100252_9874155,Yes
2408745,A.O. Smith Corporation,Takagi,T-H3S-DV-N,TK-340X3-PIH 1*1,,,Gas Tankless,Propane,Power Direct Vent,,,5.4,1,High-Usage,0.95,178,194.53,180000,5,,,,,3,,11,22,18,No,,,,,,,,,,,,08/01/2012,02/23/2023,"United States, Canada",ES_92897_TK-340X3-PIH 1*1_02212023100252_9809469,Yes
2408689,A.O. Smith Corporation,Takagi,T-H3-OS-N 1**,TK-540P-NEH 1**,,,Gas Tankless,Natural Gas,Power Vent,,,5.8,1,High-Usage,0.95,178,194.53,199000,5,,,,,3,,11,22,18,No,,,,,,,,,,,,10/29/2018,02/23/2023,"United States, Canada",ES_92897_TK-540P-NEH 1**_02212023100543_5805078,Yes
2408686,A.O. Smith Corporation,Takagi,T-H3-OS-N 1**,TK-540P-PEH 1*1,,,Gas Tankless,Propane,Power Vent,,,5.8,1,High-Usage,0.95,178,194.53,199000,5,,,,,3,,11,22,18,No,,,,,,,,,,,,10/29/2018,02/23/2023,"United States, Canada",ES_92897_TK-540P-PEH 1*1_02212023100544_148848,Yes
2862511,A.O. Smith Corporation,Takagi,T-H3-OS-N 1**,TK-540X3-NEH 1**,,,Gas Tankless,Natural Gas,Power Vent,1,,5.8,1,High-Usage,0.95,178,194.53,199000,5,96,1,1,1,3,,11,22,18,No,,,,,,,,,,,,10/29/2018,12/18/2023,"United States, Canada",ES_92897_TK-540X3-NEH 1**_11012023005812_9475579,Yes
2862510,A.O. Smith Corporation,Takagi,T-H3-OS-N 1**,TK-540X3-PEH 1*1,,,Gas Tankless,Propane,Power Vent,1,,5.8,1,High-Usage,0.95,178,194.53,199000,5,96,1,1,1,3,,11,22,18,No,,,,,,,,,,,,10/29/2018,12/18/2023,"United States, Canada",ES_92897_TK-540X3-PEH 1*1_11012023005812_7394838,Yes
3555674,Azure Canada Inc.,Kepler,JSG48-29PCH/180K,JSG48-29PCH/180K,,,Gas Tankless,Natural Gas,Power Direct Vent,,,5.2,0.6,High-Usage,0.96,175,191.25,180000,1.3,0.99,,,,2,3,11,26.8,17.3,No,,,,,,,,,,,,05/30/2024,03/18/2024,"United States, Canada",ES_1150713_JSG48-29PCH/180K_07312024123523_80212398,Yes
2454328,Bosch Thermotechnology Corporation,Bradford White,RTGL 160N1,RTGL 160N1,,52575110479,Gas Tankless,"Natural Gas, Propane",Direct Vent,,,4.6,0.5,High-Usage,0.95,178,194.53,160000,2.7,,,,,2,,10,32,19,No,,,,,,,,,,,,06/01/2021,04/17/2023,"United States, Canada",ES_16809_RTGL 160N1_04172023121906_6097833,Yes
2472805,Bosch Thermotechnology Corporation,Bradford White,RTGL 199N1,RTGL 199N1,,52575110486,Gas Tankless,"Natural Gas, Propane",Direct Vent,,,5.4,0.5,High-Usage,0.95,178,194.53,199000,2.7,,,,,2,,10,32,19,No,,,,,,,,,,,,06/01/2021,06/07/2023,"United States, Canada",ES_16809_RTGL 199N1_05042023161041_6146185,Yes
3626984,Midea America Corp.,Midea,JSG48-29PCH-LP,JSG48-29PCH-LP,,,Gas Tankless,Natural Gas,Power Direct Vent,,,5.2,0.6,High-Usage,0.96,175,191.25,180000,1.3,0.99,,,,2,3,11,26.8,17.3,No,,,,,,,,,,,,05/30/2024,03/18/2024,"United States, Canada",ES_1150713_JSG48-29PCH-LP_07312024123523_80212398,Yes
3626983,Midea America Corp.,Midea,JSG48-29PCH-NG,JSG48-29PCH-NG,,,Gas Tankless,Natural Gas,Power Direct Vent,,,5.2,0.6,High-Usage,0.96,175,191.25,180000,1.3,0.99,,,,2,3,11,26.8,17.3,No,,,,,,,,,,,,05/30/2024,03/18/2024,"United States, Canada",ES_1150713_JSG48-29PCH-NG_07312024123523_80212398,Yes
3626986,Midea America Corp.,Midea,JSG48-29PCHP-LP,JSG48-29PCHP-LP,,,Gas Tankless,Natural Gas,Power Direct Vent,,,5.2,0.6,High-Usage,0.96,175,191.25,180000,1.3,0.99,,,,2,3,11,26.8,17.3,No,,,,,,,,,,,,05/30/2024,03/18/2024,"United States, Canada",ES_1150713_JSG48-29PCHP-LP_07312024123523_80212398,Yes
3626985,Midea America Corp.,Midea,JSG48-29PCHP-NG,JSG48-29PCHP-NG,,,Gas Tankless,Natural Gas,Power Direct Vent,,,5.2,0.6,High-Usage,0.96,175,191.25,180000,1.3,0.99,,,,2,3,11,26.8,17.3,No,,,,,,,,,,,,05/30/2024,03/18/2024,"United States, Canada",ES_1150713_JSG48-29PCHP-NG_07312024123523_80212398,Yes
3627023,Midea America Corp.,Midea,JSG52-32PCH-LP,JSG52-32PCH-LP,,,Gas Tankless,Propane,Power Direct Vent,,,5.7,0.6,High-Usage,0.95,175,191.25,199000,1.3,0.99,,,,2,3,11,26.8,17.3,No,,,,,,,,,,,,08/30/2024,03/18/2024,"United States, Canada",ES_1030337_JSG52-32PCH-LP_09042024130732_80212398,Yes
3627024,Midea America Corp.,Midea,JSG52-32PCH-NG,JSG52-32PCH-NG,,,Gas Tankless,Natural Gas,Power Direct Vent,,,5.7,0.6,High-Usage,0.95,175,191.25,199000,1.3,0.99,,,,2,3,11,26.8,17.3,No,,,,,,,,,,,,08/30/2024,03/18/2024,"United States, Canada",ES_1030337_JSG52-32PCH-NG_09042024130732_80212398,Yes
3629346,Midea America Corp.,Midea,JSG52-32PCHP-LP,JSG52-32PCHP-LP,,,Gas Tankless,Natural Gas,Power Direct Vent,,,5.7,0.6,High-Usage,0.95,175,191.25,199000,1.3,0.99,,,,2,3,11,26.8,17.3,No,,,,,,,,,,,,08/30/2024,03/18/2024,"United States, Canada",ES_1030337_JSG52-32PCHP-LP_09162024105750_80212398,Yes
3629347,Midea America Corp.,Midea,JSG52-32PCHP-NG,JSG52-32PCHP-NG,,,Gas Tankless,Natural Gas,Power Direct Vent,,,5.7,0.6,High-Usage,0.95,175,191.25,199000,1.3,0.99,,,,2,3,11,26.8,17.3,No,,,,,,,,,,,,08/30/2024,03/18/2024,"United States, Canada",ES_1030337_JSG52-32PCHP-NG7_09162024105750_80212398,Yes
3891087,Midea America Corp.,Midea,MGWH199IXNN,MGWH199IXNN,,,Gas Tankless,Natural Gas,Power Direct Vent,,,5.7,0.6,High-Usage,0.95,175,191.25,199000,1.3,0.99,,,,2,3,11,26.8,17.3,No,,,,,,,,,,,,12/16/2024,03/18/2024,"United States, Canada",ES_1030337_MGWH199IXNN_12162024115341_80233451,Yes
2403774,Glow Technologies Inc,Glow Brand,T180,T180,,,Gas Tankless,"Natural Gas, Propane",,,,,,,0.95,,,194000,15,94.4,,,,,,,,,No,,,,,,,,,,,,10/25/2022,10/28/2022,"United States, Canada",ES_1139213_T180_10252022124240_8914300,Yes
2687085,"HVAC Distributing, LLC.",MRCOOL,MHWH199NCLU,MHWH199NCLU,,810035930339,Gas Tankless,Propane,Power Direct Vent,,,5.7,0.6,High-Usage,0.95,175,191.25,199000,1.3,0.99,,,,2,3,11,26.8,17.3,No,,,,,,,,,,,,08/30/2023,10/17/2023,"United States, Canada",ES_1129317_MHWH199NCLU_10192023104200_80180802,Yes
2687084,"HVAC Distributing, LLC.",MRCOOL,MRCOOL,MHWH199NCNU,,810035930346,Gas Tankless,Natural Gas,Power Direct Vent,,,5.7,0.6,High-Usage,0.95,175,191.25,199000,1.3,0.99,,,,2,3,11,26.8,17.3,No,,,,,,,,,,,,08/30/2023,10/17/2023,"United States, Canada",ES_1129317_MHWH199NCNU_10192023104200_80180802,Yes
4020838,Kiturami,Bradford White,RTGR150N1,RTGR150N1,,,Gas Tankless,Natural Gas,Power Direct Vent,0,,4.3,0.5,High-Usage,0.98,173,189.07,150000,2,98,0,31.5,0,2,3,14.8,27.6,17.3,No,,,,,,,,,,,44,09/01/2025,05/08/2025,"United States, Canada",ES_1124110_RTGR150N1_04292025015139_25217329111,Yes
4020839,Kiturami,Bradford White,RTGR150X1,RTGR150X1,,,Gas Tankless,Propane,Power Direct Vent,0,,4.3,0.5,High-Usage,0.98,173,189.07,150000,2,98,0,31.5,0,2,3,14.8,27.6,17.3,No,,,,,,,,,,,44,09/01/2025,05/08/2025,"United States, Canada",ES_1124110_RTGR150X1_04292025015139_25217329112,Yes
3943160,Kiturami,Bradford White,RTGR199N1*,RTGR199N1**,,,Gas Tankless,Natural Gas,Power Direct Vent,0,,5.8,0.5,High-Usage,0.96,176,192.35,199000,2,98,0,31.5,0,2,3,14.8,27.6,17.3,No,,,,,,,,,,,44,11/01/2024,01/21/2025,"United States, Canada",ES_1124110_RTGR199N1**_01162025094742_25216017566,Yes
3943161,Kiturami,Bradford White,RTGR199X1*,RTGR199X1**,,,Gas Tankless,Propane,Power Direct Vent,0,,5.8,0.5,High-Usage,0.96,176,192.35,199000,2,98,0,31.5,0,2,3,14.8,27.6,17.3,No,,,,,,,,,,,44,11/01/2024,01/21/2025,"United States, Canada",ES_1124110_RTGR199X1**_01162025094742_25216017567,Yes
4020836,Kiturami,Bradford White,RTGS150N1,RTGS150N1,,,Gas Tankless,Natural Gas,Power Direct Vent,0,,4.3,0.5,High-Usage,0.98,173,189.07,150000,2,98,0,31.5,0,2,3,14.8,27.6,17.3,No,,,,,,,,,,,44,09/01/2025,05/08/2025,"United States, Canada",ES_1124110_RTGS150N1_04292025015138_25217329109,Yes
4020837,Kiturami,Bradford White,RTGS150X1,RTGS150X1,,,Gas Tankless,Propane,Power Direct Vent,0,,4.3,0.5,High-Usage,0.98,173,189.07,150000,2,98,0,31.5,0,2,3,14.8,27.6,17.3,No,,,,,,,,,,,44,09/01/2025,05/08/2025,"United States, Canada",ES_1124110_RTGS150X1_04292025015139_25217329110,Yes
3943158,Kiturami,Bradford White,RTGS199N1*,RTGS199N1**,,,Gas Tankless,Natural Gas,Power Direct Vent,0,,5.8,0.5,High-Usage,0.96,176,192.35,199000,2,98,0,31.5,0,2,3,14.8,27.6,17.3,No,,,,,,,,,,,44,11/01/2024,01/21/2025,"United States, Canada",ES_1124110_RTGS199N1**_01162025094742_25216017564,Yes
3943159,Kiturami,Bradford White,RTGS199X1*,RTGS199X1**,,,Gas Tankless,Propane,Power Direct Vent,0,,5.8,0.5,High-Usage,0.96,176,192.35,199000,2,98,0,31.5,0,2,3,14.8,27.6,17.3,No,,,,,,,,,,,44,11/01/2024,01/21/2025,"United States, Canada",ES_1124110_RTGS199X1**_01162025094742_25216017565,Yes
4016274,Kiturami,Kiturami,KGWH-150JFN,KGWH-150JFN,,,Gas Tankless,Natural Gas,Power Direct Vent,0,,4.3,0.5,High-Usage,0.98,173,189.07,150000,2,98,0,31.5,0,2,3,14.8,27.6,17.3,No,,,,,,,,,,,44,06/30/2025,04/24/2025,"United States, Canada",ES_1124110_KGWH-150JFN_04082025144825_25217194683,Yes
4016272,Kiturami,Kiturami,KGWH-150JFP,KGWH-150JFP,,,Gas Tankless,Propane,Power Direct Vent,0,,4.3,0.5,High-Usage,0.98,173,189.07,150000,2,98,0,31.5,0,2,3,14.8,27.6,17.3,No,,,,,,,,,,,44,06/30/2025,04/24/2025,"United States, Canada",ES_1124110_KGWH-150JFP_04082025144916_25217194684,Yes
4016271,Kiturami,Kiturami,KGWH-150JFRN,KGWH-150JFRN,,,Gas Tankless,Natural Gas,Power Direct Vent,0,,4.3,0.5,High-Usage,0.98,173,189.07,150000,2,98,0,31.5,0,2,3,14.8,27.6,17.3,No,,,,,,,,,,,44,06/30/2025,04/24/2025,"United States, Canada",ES_1124110_KGWH-150JFRN_04012025003211_25217194685,Yes
4016273,Kiturami,Kiturami,KGWH-150JFRP,KGWH-150JFRP,,,Gas Tankless,Propane,Power Direct Vent,0,,4.3,0.5,High-Usage,0.98,173,189.07,150000,2,98,0,31.5,0,2,3,14.8,27.6,17.3,No,,,,,,,,,,,44,06/30/2025,04/24/2025,"United States, Canada",ES_1124110_KGWH-150JFRP_04082025145058_25217194688,Yes
3722003,Kiturami,Kiturami,KGWH-190JFN,KGWH-190JFN,,,Gas Tankless,Natural Gas,Power Direct Vent,0,,5.8,0.5,High-Usage,0.96,176,192.35,199000,2,98,0,31.5,0,2,3,14.8,27.6,17.3,No,,,,,,,,,,,44,10/30/2024,10/29/2024,"United States, Canada",ES_1124110_KGWH-190JFN_10272024213215_6608007,Yes
3721946,Kiturami,Kiturami,KGWH-190JFP,KGWH-190JFP,,,Gas Tankless,Propane,Power Direct Vent,0,,5.8,0.5,High-Usage,0.96,176,192.35,199000,2,98,0,31.5,0,2,3,14.8,27.6,17.3,No,,,,,,,,,,,44,10/30/2024,10/28/2024,"United States, Canada",ES_1124110_KGWH-190JFP_10192024003200_5730372,Yes
3722004,Kiturami,Kiturami,KGWH-199JFRN,KGWH-199JFRN,,,Gas Tankless,Natural Gas,Power Direct Vent,0,,5.8,0.5,High-Usage,0.96,176,192.35,199000,2,98,0,31.5,0,2,3,14.8,27.6,17.3,No,,,,,,,,,,,44,10/30/2024,10/29/2024,"United States, Canada",ES_1124110_KGWH-199JFRN_10272024213216_7542090,Yes
3721947,Kiturami,Kiturami,KGWH-199JFRP,KGWH-199JFRP,,,Gas Tankless,Propane,Power Direct Vent,0,,5.8,0.5,High-Usage,0.96,176,192.35,199000,2,98,0,31.5,0,2,3,14.8,27.6,17.3,No,,,,,,,,,,,44,10/30/2024,10/28/2024,"United States, Canada",ES_1124110_KGWH-199JFRP_10192024003202_3369925,Yes
3417675,Kiturami,Kiturami,KTGWH-199CWP1,KTGWH-199CWP1,,,Gas Tankless,"Natural Gas, Propane",Direct Vent,0,,5.8,0.5,High-Usage,0.95,178,194.53,199000,2,97,0,31.5,0,2,3,14.8,27.6,17.3,No,,,,,,,,,,,44,06/30/2025,03/01/2024,"United States, Canada",ES_1124110_KTGWH-199CWP1_12212023003222_6850703,Yes
3417674,Kiturami,Kiturami,KTGWH-199CWS1,KTGWH-199CWS1,,,Gas Tankless,"Natural Gas, Propane",Direct Vent,0,,5.8,0.5,High-Usage,0.95,178,194.53,199000,2,97,0,31.5,0,2,3,14.8,27.6,17.3,No,,,,,,,,,,,44,06/30/2024,03/01/2024,"United States, Canada",ES_1124110_KTGWH-199CWS1_02222024011132_5164528,Yes
4020842,Kiturami,Laars,LT150NRX1,LT150NRX1,,,Gas Tankless,Natural Gas,Power Direct Vent,0,,4.3,0.5,High-Usage,0.98,173,189.07,150000,2,98,0,31.5,0,2,3,14.8,27.6,17.3,No,,,,,,,,,,,44,09/01/2025,05/08/2025,"United States, Canada",ES_1124110_LT150NRX1_04292025015239_25217329115,Yes
4020840,Kiturami,Laars,LT150NXX1,LT150NXX1,,,Gas Tankless,Natural Gas,Power Direct Vent,0,,4.3,0.5,High-Usage,0.98,173,189.07,150000,2,98,0,31.5,0,2,3,14.8,27.6,17.3,No,,,,,,,,,,,44,09/01/2025,05/08/2025,"United States, Canada",ES_1124110_LT150NXX1_04292025015238_25217329113,Yes
4020843,Kiturami,Laars,LT150PRX1,LT150PRX1,,,Gas Tankless,Propane,Power Direct Vent,0,,4.3,0.5,High-Usage,0.98,173,189.07,150000,2,98,0,31.5,0,2,3,14.8,27.6,17.3,No,,,,,,,,,,,44,09/01/2025,05/08/2025,"United States, Canada",ES_1124110_LT150PRX1_04292025015239_25217329116,Yes
4020841,Kiturami,Laars,LT150PXX1,LT150PXX1,,,Gas Tankless,Propane,Power Direct Vent,0,,4.3,0.5,High-Usage,0.98,173,189.07,150000,2,98,0,31.5,0,2,3,14.8,27.6,17.3,No,,,,,,,,,,,44,09/01/2025,05/08/2025,"United States, Canada",ES_1124110_LT150PXX1_04292025015239_25217329114,Yes
3998413,Kiturami,Laars,LT199NRX1**,LT199NRX1**,,,Gas Tankless,Natural Gas,Power Direct Vent,0,,5.8,0.5,High-Usage,0.96,176,192.35,199000,2,98,0,31.5,0,2,3,14.8,27.6,17.3,No,,,,,,,,,,,44,11/30/2024,02/20/2025,"United States, Canada",ES_1124110_LT199NRX1**_01312025174852_25216032433,Yes
3998411,Kiturami,Laars,LT199NXX1**,LT199NXX1**,,,Gas Tankless,Natural Gas,Power Direct Vent,0,,5.8,0.5,High-Usage,0.96,176,192.35,199000,2,98,0,31.5,0,2,3,14.8,27.6,17.3,No,,,,,,,,,,,44,11/30/2024,02/20/2025,"United States, Canada",ES_1124110_LT199NXX1**_01312025174851_25216032431,Yes
3998414,Kiturami,Laars,LT199PRX1**,LT199PRX1**,,,Gas Tankless,Propane,Power Direct Vent,0,,5.8,0.5,High-Usage,0.96,176,192.35,199000,2,98,0,31.5,0,2,3,14.8,27.6,17.3,No,,,,,,,,,,,44,11/30/2024,02/20/2025,"United States, Canada",ES_1124110_LT199PRX1**_01312025174852_25216032434,Yes
3998412,Kiturami,Laars,LT199PXX1**,LT199PXX1**,,,Gas Tankless,Propane,Power Direct Vent,0,,5.8,0.5,High-Usage,0.96,176,192.35,199000,2,98,0,31.5,0,2,3,14.8,27.6,17.3,No,,,,,,,,,,,44,11/30/2024,02/20/2025,"United States, Canada",ES_1124110_LT199PXX1**_01312025174851_25216032432,Yes
3891089,Midea America Corp.,Midea,MGWH199IXNP,MGWH199IXNP,,,Gas Tankless,Natural Gas,Power Direct Vent,,,5.7,0.6,High-Usage,0.95,175,191.25,199000,1.3,0.99,,,,2,3,11,26.8,17.3,No,,,,,,,,,,,,12/16/2024,03/18/2024,"United States, Canada",ES_1030337_MGWH199IXNP_12162024115341_80233451,Yes
3891088,Midea America Corp.,Midea,MGWH199IXPN,MGWH199IXPN,,,Gas Tankless,Natural Gas,Power Direct Vent,,,5.7,0.6,High-Usage,0.95,175,191.25,199000,1.3,0.99,,,,2,3,11,26.8,17.3,No,,,,,,,,,,,,12/16/2024,03/18/2024,"United States, Canada",ES_1030337_MGWH199IXPN_12162024115341_80233451,Yes
3891090,Midea America Corp.,Midea,MGWH199IXPP,MGWH199IXPP,,,Gas Tankless,Natural Gas,Power Direct Vent,,,5.7,0.6,High-Usage,0.95,175,191.25,199000,1.3,0.99,,,,2,3,11,26.8,17.3,No,,,,,,,,,,,,12/16/2024,03/18/2024,"United States, Canada",ES_1030337_MGWH199IXPP_12162024115341_80233451,Yes
3722217,Midea America Corp.,stream33,S33-95TWH199-LP/NG,S33-95TWH199-LP/NG,,,Gas Tankless,Natural Gas,Power Direct Vent,,,5.7,0.6,High-Usage,0.95,175,191.25,199000,1.3,0.99,,,,2,3,11,26.8,17.3,No,,,,,,,,,,,,10/30/2024,10/30/2024,United States,ES_1150713_S33-95TWH199-LP/NG_11062024092452_80212398,Yes
3722218,Midea America Corp.,stream33,S33-95TWH199P-LP/NG,S33-95TWH199P-LP/NG,,,Gas Tankless,Natural Gas,Power Direct Vent,,,5.7,0.6,High-Usage,0.95,175,191.25,199000,1.3,0.99,,,,2,3,11,26.8,17.3,No,,,,,,,,,,,,10/30/2024,10/30/2024,United States,ES_1150713_S33-95TWH199P-LP/NG_11062024092452_80212398,Yes
2408695,"Navien, Inc.",Navien,NPE-180A2,NPE-180A2,,,Gas Tankless,"Natural Gas, Propane",Power Direct Vent,,,4.3,1,High-Usage,0.95,178,194.53,150000,2,,,,,2,2,13,27,17,No,,,,,,,,,,,,01/01/2021,02/23/2023,"United States, Canada",ES_1074959_NPE-180A2_02212023100523_2464295,Yes
2408692,"Navien, Inc.",Navien,NPE-180S2,NPE-180S2,,,Gas Tankless,"Natural Gas, Propane",Power Direct Vent,,,4.4,1,High-Usage,0.96,176,192.35,150000,5,,,,,2,2,13,27,17,No,,,,,,,,,,,,01/01/2021,02/23/2023,"United States, Canada",ES_1074959_NPE-180S2_02212023100524_2689791,Yes
2408694,"Navien, Inc.",Navien,NPE-210A2,NPE-210A2,,,Gas Tankless,"Natural Gas, Propane",Power Direct Vent,,,5,1,High-Usage,0.95,178,194.53,180000,2,,,,,2,2,13,27,17,No,,,,,,,,,,,,01/01/2021,02/23/2023,"United States, Canada",ES_1074959_NPE-210A2_02212023100523_7706059,Yes
2408691,"Navien, Inc.",Navien,NPE-210S2,NPE-210S2,,,Gas Tankless,"Natural Gas, Propane",Power Direct Vent,,,5.3,1,High-Usage,0.96,176,192.35,180000,5,,,,,2,2,13,27,17,No,,,,,,,,,,,,01/01/2021,02/23/2023,"United States, Canada",ES_1074959_NPE-210S2_02212023100524_6526347,Yes
2408693,"Navien, Inc.",Navien,NPE-240A2,NPE-240A2,,,Gas Tankless,"Natural Gas, Propane",Power Direct Vent,,,5.6,1,High-Usage,0.95,178,194.53,199000,2,,,,,2,2,13,27,17,No,,,,,,,,,,,,01/01/2021,02/23/2023,"United States, Canada",ES_1074959_NPE-240A2_02212023100524_8709281,Yes
2408690,"Navien, Inc.",Navien,NPE-240S2,NPE-240S2,,,Gas Tankless,"Natural Gas, Propane",Power Direct Vent,,,5.8,1,High-Usage,0.96,176,192.35,199000,5,,,,,2,2,13,27,17,No,,,,,,,,,,,,01/01/2021,02/23/2023,"United States, Canada",ES_1074959_NPE-240S2_02212023100524_569249,Yes
2408827,Noritz America Corporation,Noritz,EZ111DV (GQ-C3259WX-FF US),EZ111DV (GQ-C3259WX-FF US),,817000013608,Gas Tankless,"Natural Gas, Propane",Direct Vent,,,5.8,0.5,High-Usage,0.96,176,192.35,199000,0.8,,,,,2,3,12.8,27,18.5,No,,,,,,,,,,,,05/01/2017,02/23/2023,"United States, Canada",ES_1070591_EZ111DV (GQ-C3259WX-FF US)_02212023095540_7042320,Yes
2408719,Noritz America Corporation,Noritz,EZ111DV (GQ-C3260WX-FF US),EZ111DV (GQ-C3260WX-FF US),,817000019099,Gas Tankless,"Natural Gas, Propane",Direct Vent,,,5.6,0.5,High-Usage,0.96,176,192.35,199000,0.8,,,,,2,3,14.1,27,18.5,No,,,,,,,,,,,,01/01/2020,02/23/2023,"United States, Canada",ES_1070591_EZ111DV (GQ-C3260WX-FF US)_02212023100409_4260927,Yes
3722190,Noritz America Corporation,Noritz,EZ111DV (GQ-C3261WX-FF US),EZ111DV (GQ-C3261WX-FF US),,850018743655,Gas Tankless,"Natural Gas, Propane",Power Direct Vent,1,,5.5,0.4,High-Usage,0.98,173,189.07,199000,0.9,98,26.1,28.4,18.1,2,3,11.8,26.1,18.1,No,,,,,,,,,,,,10/01/2024,11/05/2024,"United States, Canada",ES_1070591_EZ111DV (GQ-C3261WX-FF US)_07202024003615_8832361,Yes
3722191,Noritz America Corporation,Noritz,EZ71DV (GQ-C2661WX-FF US),EZ71DV (GQ-C2661WX-FF US),,850018743679,Gas Tankless,"Natural Gas, Propane",Power Direct Vent,1,,4.7,0.4,High-Usage,0.98,173,189.07,160000,0.5,99,26.1,28.4,18.1,2,3,11.8,26.1,18.1,No,,,,,,,,,,,,10/01/2024,11/05/2024,"United States, Canada",ES_1070591_EZ71DV (GQ-C2661WX-FF US)_07202024003625_3557187,Yes
2408828,Noritz America Corporation,Noritz,EZ98DV (GQ-C2859WX-FF US),EZ98DV (GQ-C2859WX-FF US),,817000013585,Gas Tankless,"Natural Gas, Propane",Direct Vent,,,5.3,0.5,High-Usage,0.96,176,192.35,180000,0.8,,,,,2,3,12.8,27,18.5,No,,,,,,,,,,,,05/01/2017,02/23/2023,"United States, Canada",ES_1070591_EZ98DV (GQ-C2859WX-FF US)_02212023095539_9100783,Yes
2408716,Noritz America Corporation,Noritz,EZ98DV (GQ-C2860WX-FF US),EZ98DV (GQ-C2860WX-FF US),,817000019075,Gas Tankless,"Natural Gas, Propane",Power Direct Vent,,,5.6,0.5,High-Usage,0.96,176,192.35,180000,0.6,,,,,2,3,14.1,27,18.5,No,,,,,,,,,,,,01/01/2020,02/23/2023,"United States, Canada",ES_1070591_EZ98DV (GQ-C2860WX-FF US)_02212023100410_3615632,Yes
3629730,Noritz America Corporation,Noritz,EZ98DV (GQ-C2861WX-FF US),EZ98DV (GQ-C2861WX-FF US),,850018743662,Gas Tankless,"Natural Gas, Propane",Power Direct Vent,1,,5.3,0.4,High-Usage,0.98,173,189.07,180000,0.7,99,26.1,28.4,18.1,2,3,11.8,26.1,18.1,No,,,,,,,,,,,,10/01/2024,09/27/2024,"United States, Canada",ES_1070591_EZ98DV (GQ-C2861WX-FF US)_07202024003619_9999846,Yes
2408720,Noritz America Corporation,Noritz,NCC199CDV (GQ-C3259WZ-FF US),NCC199CDV (GQ-C3259WZ-FF US),,817000013639,Gas Tankless,"Natural Gas, Propane",Direct Vent,,,5.8,0.5,High-Usage,0.96,176,192.35,199000,0.8,,,,,2,3,12.8,27,18.5,No,,,,,,,,,,,,10/01/2017,02/23/2023,"United States, Canada",ES_1070591_NCC199CDV (GQ-C3259WZ-FF US)_02212023100353_4729597,Yes
2408718,Noritz America Corporation,Noritz,NCC199CDV (GQ-C3260WZ-FF US),NCC199CDV (GQ-C3260WZ-FF US),,817000019129,Gas Tankless,"Natural Gas, Propane",Power Direct Vent,,,5.6,0.5,High-Usage,0.96,176,192.35,199000,0.8,,,,,2,3,14.1,27,18.5,No,,,,,,,,,,,,01/01/2020,02/23/2023,"United States, Canada",ES_1070591_NCC199CDV (GQ-C3260WZ-FF US)_02212023100409_7650086,Yes
3629794,Noritz America Corporation,Noritz,NCC199CDV (GQ-C3261WZ-FF US),NCC199CDV (GQ-C3261WZ-FF US),,850018743709,Gas Tankless,"Natural Gas, Propane",Power Direct Vent,1,,5.5,0.4,High-Usage,0.98,173,189.07,199000,0.9,98,26.1,28.4,18.1,2,3,11.8,26.1,18.1,No,,,,,,,,,,,,10/01/2024,09/30/2024,"United States, Canada",ES_1070591_NCC199CDV (GQ-C3261WZ-FF US)_07202024003615_2375481,Yes
2408715,Noritz America Corporation,Noritz,NRCR111DV (GQ-C3260WXQ-FF US),NRCR111DV (GQ-C3260WXQ-FF US),,817000019167,Gas Tankless,"Natural Gas, Propane",Power Direct Vent,,,5.6,0.5,High-Usage,0.96,176,192.35,199000,0.8,,,,,2,3,14.1,27,18.5,No,,,,,,,,,,,,01/01/2020,02/23/2023,"United States, Canada",ES_1070591_NRCR111DV (GQ-C3260WXQ-FF US)_02212023100410_3694896,Yes
3722189,Noritz America Corporation,Noritz,NRCR111DV (GQ-C3261WXQ-FF US),NRCR111DV (GQ-C3261WXQ-FF US),,850018743686,Gas Tankless,"Natural Gas, Propane",Power Direct Vent,1,,5.5,0.4,High-Usage,0.98,173,189.07,199000,0.9,98,26.1,28.4,18.1,2,3,11.8,26.1,18.1,No,,,,,,,,,,,,05/01/2025,11/05/2024,"United States, Canada",ES_1070591_NRCR111DV (GQ-C3261WXQ-FF US)_07202024003615_3469174,Yes
2408717,Noritz America Corporation,Noritz,NRCR92DV (GQ-C2660WXQ-FF US),NRCR92DV (GQ-C2660WXQ-FF US),,817000019143,Gas Tankless,"Natural Gas, Propane",Power Direct Vent,,,4.9,0.5,High-Usage,0.95,178,194.53,165000,0.5,,,,,2,3,14.1,27,18.5,No,,,,,,,,,,,,01/01/2020,02/23/2023,"United States, Canada",ES_1070591_NRCR92DV (GQ-C2660WXQ-FF US)_02212023100409_9335709,Yes
3629793,Noritz America Corporation,Noritz,NRCR92DV (GQ-C2661WXQ-FF US),NRCR92DV (GQ-C2661WXQ-FF US),,850018743693,Gas Tankless,"Natural Gas, Propane",Power Direct Vent,1,,4.7,0.4,High-Usage,0.98,173,189.07,165000,0.5,99,26.1,28.4,18.1,2,3,11.8,26.1,18.1,No,,,,,,,,,,,,05/01/2025,09/30/2024,"United States, Canada",ES_1070591_NRCR92DV (GQ-C2661WXQ-FF US)_07202024003624_2034557,Yes
4016237,Radiant Bruciatori S.P.A.,Radiant,SFK 55,SFK 55,,,Gas Tankless,Natural Gas,Power Vent,,,5.5,0.7,High-Usage,0.95,178,194.53,187667000,1.8,98,,,,3,,,,,No,,,,,,,,,,,,04/23/2025,04/23/2025,Canada,ES_1136069_SFK 55_041820251838778_6572925,Yes
4016238,Radiant Bruciatori S.P.A.,Radiant,SFK 56,SFK 56,,,Gas Tankless,Natural Gas,Power Vent,,,5.5,0.7,High-Usage,0.95,178,194.53,187667000,1.8,98,,,,3,,,,,No,,,,,,,,,,,,04/23/2025,04/23/2025,Canada,ES_1136069_SFK 56_041820251838466_5073046,Yes
3555195,"Rheem Sales Company, Inc.",Friedrich,Gas Tankless,FDTGH-S10I,,,Gas Tankless,"Natural Gas, Propane",Direct Vent,0,,5.2,0.4,High-Usage,0.96,176,192.35,180000,2,98,0,29.9,0,2,2,13.6,28.6,18.1,No,,,,,,,,,,,,08/01/2022,07/22/2024,United States,ES_1071043_FDTGH-S10I_05082024003414_7483388,Yes
3555196,"Rheem Sales Company, Inc.",Friedrich,Gas Tankless,FDTGH-S11I,,,Gas Tankless,"Natural Gas, Propane",Direct Vent,0,,5.8,0.4,High-Usage,0.96,176,192.35,199000,2,98,0,29.9,0,2,2,13.6,28.6,18.1,No,,,,,,,,,,,,08/01/2022,07/22/2024,United States,ES_1071043_FDTGH-S11I_05082024003415_7694789,Yes
3555194,"Rheem Sales Company, Inc.",Friedrich,Gas Tankless,FDTGH-S84I,,,Gas Tankless,"Natural Gas, Propane",Direct Vent,0,,4.6,0.4,High-Usage,0.96,176,192.35,157000,2,97,0,29.9,0,2,2,13.6,28.6,18.1,No,,,,,,,,,,,,01/01/2023,07/22/2024,United States,ES_1071043_FDTGH-S84I_05082024003414_4386945,Yes
3555198,"Rheem Sales Company, Inc.",Friedrich,Gas Tankless,FDTGH-SR10I,,,Gas Tankless,"Natural Gas, Propane",Direct Vent,0,,5.2,0.4,High-Usage,0.96,176,192.35,180000,2,98,0,29.9,0,2,2,13.6,28.6,18.1,No,,,,,,,,,,,,08/01/2022,07/22/2024,United States,ES_1071043_FDTGH-SR10I_05082024003415_8156347,Yes
3555199,"Rheem Sales Company, Inc.",Friedrich,Gas Tankless,FDTGH-SR11I,,,Gas Tankless,"Natural Gas, Propane",Direct Vent,0,,5.8,0.4,High-Usage,0.96,176,192.35,199000,2,98,0,29.9,0,2,2,13.6,28.6,18.1,No,,,,,,,,,,,,08/01/2022,07/22/2024,United States,ES_1071043_FDTGH-SR11I_05082024003415_5003639,Yes
3555197,"Rheem Sales Company, Inc.",Friedrich,Gas Tankless,FDTGH-SR84I,,,Gas Tankless,"Natural Gas, Propane",Direct Vent,0,,4.6,0.4,High-Usage,0.96,176,192.35,157000,2,97,0,29.9,0,2,2,13.6,28.6,18.1,No,,,,,,,,,,,,01/01/2023,07/22/2024,United States,ES_1071043_FDTGH-SR84I_05082024003415_3424305,Yes
3462928,"Rheem Sales Company, Inc.",Rheem,Gas Tankless,CECOHS160IN,,,Gas Tankless,Natural Gas,Direct Vent,0,,4.6,0.4,High-Usage,0.96,176,192.35,157000,2,97,0,29.9,0,2,2,13.6,28.6,18.1,No,,,,,,,,,,,,01/01/2023,04/26/2024,Canada,ES_1071043_CECOHS160IN_04192024003550_8785211,Yes
3462932,"Rheem Sales Company, Inc.",Rheem,Gas Tankless,CECOHS160IP,,,Gas Tankless,Propane,Direct Vent,0,,4.6,0.4,High-Usage,0.96,176,192.35,157000,2,97,0,29.9,0,2,2,13.6,28.6,18.1,No,,,,,,,,,,,,01/01/2023,04/26/2024,Canada,ES_1071043_CECOHS160IP_04192024003551_9047994,Yes
3462952,"Rheem Sales Company, Inc.",Rheem,Gas Tankless,CECOHS180IN,,,Gas Tankless,Natural Gas,Direct Vent,0,,5.2,0.4,High-Usage,0.96,176,192.35,180000,2,98,0,29.9,0,2,2,13.6,28.6,18.1,No,,,,,,,,,,,,08/01/2022,04/26/2024,Canada,ES_1071043_CECOHS180IN_04192024003556_9632105,Yes
3462956,"Rheem Sales Company, Inc.",Rheem,Gas Tankless,CECOHS180IP,,,Gas Tankless,Propane,Direct Vent,0,,5.2,0.4,High-Usage,0.96,176,192.35,180000,2,98,0,29.9,0,2,2,13.6,28.6,18.1,No,,,,,,,,,,,,08/01/2022,04/26/2024,Canada,ES_1071043_CECOHS180IP_04192024003556_9933257,Yes
3462978,"Rheem Sales Company, Inc.",Rheem,Gas Tankless,CECOHS200IN,,,Gas Tankless,Natural Gas,Direct Vent,0,,5.8,0.4,High-Usage,0.96,176,192.35,199000,2,98,0,29.9,0,2,2,13.6,28.6,18.1,No,,,,,,,,,,,,08/01/2022,04/26/2024,Canada,ES_1071043_CECOHS200IN_04192024003603_9131521,Yes
3462985,"Rheem Sales Company, Inc.",Rheem,Gas Tankless,CECOHS200IP,,,Gas Tankless,Propane,Direct Vent,0,,5.8,0.4,High-Usage,0.96,176,192.35,199000,2,98,0,29.9,0,2,2,13.6,28.6,18.1,No,,,,,,,,,,,,08/01/2022,04/26/2024,Canada,ES_1071043_CECOHS200IP_04192024003604_6237431,Yes
3462929,"Rheem Sales Company, Inc.",Rheem,Gas Tankless,CECOHSR160IN,,,Gas Tankless,Natural Gas,Direct Vent,0,,4.6,0.4,High-Usage,0.96,176,192.35,157000,2,97,0,29.9,0,2,2,13.6,28.6,18.1,No,,,,,,,,,,,,01/01/2023,04/26/2024,Canada,ES_1071043_CECOHSR160IN_04192024003550_5387283,Yes
3462930,"Rheem Sales Company, Inc.",Rheem,Gas Tankless,CECOHSR160IP,,,Gas Tankless,Propane,Direct Vent,0,,4.6,0.4,High-Usage,0.96,176,192.35,157000,2,97,0,29.9,0,2,2,13.6,28.6,18.1,No,,,,,,,,,,,,01/01/2023,04/26/2024,Canada,ES_1071043_CECOHSR160IP_04192024003550_4345749,Yes
3462953,"Rheem Sales Company, Inc.",Rheem,Gas Tankless,CECOHSR180IN,,,Gas Tankless,Natural Gas,Direct Vent,0,,5.2,0.4,High-Usage,0.96,176,192.35,180000,2,98,0,29.9,0,2,2,13.6,28.6,18.1,No,,,,,,,,,,,,08/01/2022,04/26/2024,Canada,ES_1071043_CECOHSR180IN_04192024003556_5369578,Yes
3462955,"Rheem Sales Company, Inc.",Rheem,Gas Tankless,CECOHSR180IP,,,Gas Tankless,Propane,Direct Vent,0,,5.2,0.4,High-Usage,0.96,176,192.35,180000,2,98,0,29.9,0,2,2,13.6,28.6,18.1,No,,,,,,,,,,,,08/01/2022,04/26/2024,Canada,ES_1071043_CECOHSR180IP_04192024003556_8384763,Yes
3462982,"Rheem Sales Company, Inc.",Rheem,Gas Tankless,CECOHSR200IN,,,Gas Tankless,Natural Gas,Direct Vent,0,,5.8,0.4,High-Usage,0.96,176,192.35,199000,2,98,0,29.9,0,2,2,13.6,28.6,18.1,No,,,,,,,,,,,,08/01/2022,04/26/2024,Canada,ES_1071043_CECOHSR200IN_04192024003604_1175009,Yes
3462980,"Rheem Sales Company, Inc.",Rheem,Gas Tankless,CECOHSR200IP,,,Gas Tankless,Propane,Direct Vent,0,,5.8,0.4,High-Usage,0.96,176,192.35,199000,2,98,0,29.9,0,2,2,13.6,28.6,18.1,No,,,,,,,,,,,,08/01/2022,04/26/2024,Canada,ES_1071043_CECOHSR200IP_04192024003603_5059375,Yes
3462947,"Rheem Sales Company, Inc.",Rheem,Gas Tankless,CRTGH-S10I,,,Gas Tankless,"Natural Gas, Propane",Direct Vent,0,,5.2,0.4,High-Usage,0.96,176,192.35,180000,2,98,0,29.9,0,2,2,13.6,28.6,18.1,No,,,,,,,,,,,,08/01/2022,04/26/2024,Canada,ES_1071043_CRTGH-S10I_04192024003555_7929685,Yes
3462976,"Rheem Sales Company, Inc.",Rheem,Gas Tankless,CRTGH-S11I,,,Gas Tankless,"Natural Gas, Propane",Direct Vent,0,,5.8,0.4,High-Usage,0.96,176,192.35,199000,2,98,0,29.9,0,2,2,13.6,28.6,18.1,No,,,,,,,,,,,,08/01/2022,04/26/2024,Canada,ES_1071043_CRTGH-S11I_04192024003601_5809778,Yes
3462924,"Rheem Sales Company, Inc.",Rheem,Gas Tankless,CRTGH-S84I,,,Gas Tankless,"Natural Gas, Propane",Direct Vent,0,,4.6,0.4,High-Usage,0.96,176,192.35,157000,2,97,0,29.9,0,2,2,13.6,28.6,18.1,No,,,,,,,,,,,,01/01/2023,04/26/2024,Canada,ES_1071043_CRTGH-S84I_04192024003549_6843007,Yes
3462949,"Rheem Sales Company, Inc.",Rheem,Gas Tankless,CRTGH-SR10I,,,Gas Tankless,"Natural Gas, Propane",Direct Vent,0,,5.2,0.4,High-Usage,0.96,176,192.35,180000,2,98,0,29.9,0,2,2,13.6,28.6,18.1,No,,,,,,,,,,,,08/01/2022,04/26/2024,Canada,ES_1071043_CRTGH-SR10I_04192024003555_4676918,Yes
3462974,"Rheem Sales Company, Inc.",Rheem,Gas Tankless,CRTGH-SR11I,,,Gas Tankless,"Natural Gas, Propane",Direct Vent,0,,5.8,0.4,High-Usage,0.96,176,192.35,199000,2,98,0,29.9,0,2,2,13.6,28.6,18.1,No,,,,,,,,,,,,08/01/2022,04/26/2024,Canada,ES_1071043_CRTGH-SR11I_04192024003601_3287835,Yes
3462925,"Rheem Sales Company, Inc.",Rheem,Gas Tankless,CRTGH-SR84I,,,Gas Tankless,"Natural Gas, Propane",Direct Vent,0,,4.6,0.4,High-Usage,0.96,176,192.35,157000,2,97,0,29.9,0,2,2,13.6,28.6,18.1,No,,,,,,,,,,,,01/01/2023,04/26/2024,Canada,ES_1071043_CRTGH-SR84I_04192024003549_6909243,Yes
3462958,"Rheem Sales Company, Inc.",Rheem,Gas Tankless,ECERTGH-S10I,,,Gas Tankless,"Natural Gas, Propane",Direct Vent,0,,5.2,0.4,High-Usage,0.96,176,192.35,180000,2,98,0,29.9,0,2,2,13.6,28.6,18.1,No,,,,,,,,,,,,08/01/2022,04/26/2024,Canada,ES_1071043_ECERTGH-S10I_04192024003557_2262807,Yes
3462983,"Rheem Sales Company, Inc.",Rheem,Gas Tankless,ECERTGH-S11I,,,Gas Tankless,"Natural Gas, Propane",Direct Vent,0,,5.8,0.4,High-Usage,0.96,176,192.35,199000,2,98,0,29.9,0,2,2,13.6,28.6,18.1,No,,,,,,,,,,,,08/01/2022,04/26/2024,Canada,ES_1071043_ECERTGH-S11I_04192024003604_246442,Yes
3462931,"Rheem Sales Company, Inc.",Rheem,Gas Tankless,ECERTGH-S84I,,,Gas Tankless,"Natural Gas, Propane",Direct Vent,0,,4.6,0.4,High-Usage,0.96,176,192.35,157000,2,97,0,29.9,0,2,2,13.6,28.6,18.1,No,,,,,,,,,,,,01/01/2023,04/26/2024,Canada,ES_1071043_ECERTGH-S84I_04192024003551_8988452,Yes
3462959,"Rheem Sales Company, Inc.",Rheem,Gas Tankless,ECERTGH-SR10I,,,Gas Tankless,"Natural Gas, Propane",Direct Vent,0,,5.2,0.4,High-Usage,0.96,176,192.35,180000,2,98,0,29.9,0,2,2,13.6,28.6,18.1,No,,,,,,,,,,,,08/01/2022,04/26/2024,Canada,ES_1071043_ECERTGH-SR10I_04192024003557_3010185,Yes
3462984,"Rheem Sales Company, Inc.",Rheem,Gas Tankless,ECERTGH-SR11I,,,Gas Tankless,"Natural Gas, Propane",Direct Vent,0,,5.8,0.4,High-Usage,0.96,176,192.35,199000,2,98,0,29.9,0,2,2,13.6,28.6,18.1,No,,,,,,,,,,,,08/01/2022,04/26/2024,Canada,ES_1071043_ECERTGH-SR11I_04192024003604_6943090,Yes
3462933,"Rheem Sales Company, Inc.",Rheem,Gas Tankless,ECERTGH-SR84I,,,Gas Tankless,"Natural Gas, Propane",Direct Vent,0,,4.6,0.4,High-Usage,0.96,176,192.35,157000,2,97,0,29.9,0,2,2,13.6,28.6,18.1,No,,,,,,,,,,,,01/01/2023,04/26/2024,Canada,ES_1071043_ECERTGH-SR84I_04192024003551_3754906,Yes
3462922,"Rheem Sales Company, Inc.",Rheem,Gas Tankless,ECOHS160IN,,,Gas Tankless,Natural Gas,Direct Vent,0,,4.6,0.4,High-Usage,0.96,176,192.35,157000,2,97,0,29.9,0,2,2,13.6,28.6,18.1,No,,,,,,,,,,,,01/01/2023,04/26/2024,United States,ES_1071043_ECOHS160IN_04192024003548_9747340,Yes
3462921,"Rheem Sales Company, Inc.",Rheem,Gas Tankless,ECOHS160IP,,,Gas Tankless,Propane,Direct Vent,0,,4.6,0.4,High-Usage,0.96,176,192.35,157000,2,97,0,29.9,0,2,2,13.6,28.6,18.1,No,,,,,,,,,,,,01/01/2023,04/26/2024,United States,ES_1071043_ECOHS160IP_04192024003548_6834349,Yes
3462942,"Rheem Sales Company, Inc.",Rheem,Gas Tankless,ECOHS180IN,,,Gas Tankless,Natural Gas,Direct Vent,0,,5.2,0.4,High-Usage,0.96,176,192.35,180000,2,98,0,29.9,0,2,2,13.6,28.6,18.1,No,,,,,,,,,,,,08/01/2022,04/26/2024,United States,ES_1071043_ECOHS180IN_04192024003554_436110,Yes
3462948,"Rheem Sales Company, Inc.",Rheem,Gas Tankless,ECOHS180IP,,,Gas Tankless,Propane,Direct Vent,0,,5.2,0.4,High-Usage,0.96,176,192.35,180000,2,98,0,29.9,0,2,2,13.6,28.6,18.1,No,,,,,,,,,,,,08/01/2022,04/26/2024,United States,ES_1071043_ECOHS180IP_04192024003555_782174,Yes
3462968,"Rheem Sales Company, Inc.",Rheem,Gas Tankless,ECOHS200IN,,,Gas Tankless,Natural Gas,Direct Vent,0,,5.8,0.4,High-Usage,0.96,176,192.35,199000,2,98,0,29.9,0,2,2,13.6,28.6,18.1,No,,,,,,,,,,,,08/01/2022,04/26/2024,United States,ES_1071043_ECOHS200IN_04192024003600_8909606,Yes
3462972,"Rheem Sales Company, Inc.",Rheem,Gas Tankless,ECOHS200IP,,,Gas Tankless,Propane,Direct Vent,0,,5.8,0.4,High-Usage,0.96,176,192.35,199000,2,98,0,29.9,0,2,2,13.6,28.6,18.1,No,,,,,,,,,,,,08/01/2022,04/26/2024,United States,ES_1071043_ECOHS200IP_04192024003601_833966,Yes
3462919,"Rheem Sales Company, Inc.",Rheem,Gas Tankless,ECOHSR160IN,,,Gas Tankless,Natural Gas,Direct Vent,0,,4.6,0.4,High-Usage,0.96,176,192.35,157000,2,97,0,29.9,0,2,2,13.6,28.6,18.1,No,,,,,,,,,,,,01/01/2023,04/26/2024,United States,ES_1071043_ECOHSR160IN_04192024003548_1249835,Yes
3462923,"Rheem Sales Company, Inc.",Rheem,Gas Tankless,ECOHSR160IP,,,Gas Tankless,Propane,Direct Vent,0,,4.6,0.4,High-Usage,0.96,176,192.35,157000,2,97,0,29.9,0,2,2,13.6,28.6,18.1,No,,,,,,,,,,,,01/01/2023,04/26/2024,United States,ES_1071043_ECOHSR160IP_04192024003548_2910245,Yes
3462944,"Rheem Sales Company, Inc.",Rheem,Gas Tankless,ECOHSR180IN,,,Gas Tankless,Natural Gas,Direct Vent,0,,5.2,0.4,High-Usage,0.96,176,192.35,180000,2,98,0,29.9,0,2,2,13.6,28.6,18.1,No,,,,,,,,,,,,08/01/2022,04/26/2024,United States,ES_1071043_ECOHSR180IN_04192024003554_5882545,Yes
3462950,"Rheem Sales Company, Inc.",Rheem,Gas Tankless,ECOHSR180IP,,,Gas Tankless,Propane,Direct Vent,0,,5.2,0.4,High-Usage,0.96,176,192.35,180000,2,98,0,29.9,0,2,2,13.6,28.6,18.1,No,,,,,,,,,,,,08/01/2022,04/26/2024,United States,ES_1071043_ECOHSR180IP_04192024003555_3812526,Yes
3462971,"Rheem Sales Company, Inc.",Rheem,Gas Tankless,ECOHSR200IN,,,Gas Tankless,Natural Gas,Direct Vent,0,,5.8,0.4,High-Usage,0.96,176,192.35,199000,2,98,0,29.9,0,2,2,13.6,28.6,18.1,No,,,,,,,,,,,,08/01/2022,04/26/2024,United States,ES_1071043_ECOHSR200IN_04192024003600_3327812,Yes
3462975,"Rheem Sales Company, Inc.",Rheem,Gas Tankless,ECOHSR200IP,,,Gas Tankless,Propane,Direct Vent,0,,5.8,0.4,High-Usage,0.96,176,192.35,199000,2,98,0,29.9,0,2,2,13.6,28.6,18.1,No,,,,,,,,,,,,08/01/2022,04/26/2024,United States,ES_1071043_ECOHSR200IP_04192024003601_9587557,Yes
3462966,"Rheem Sales Company, Inc.",Richmond,Gas Tankless,RMTGHS11IN,,,Gas Tankless,Natural Gas,Direct Vent,0,,5.8,0.4,High-Usage,0.96,176,192.35,199000,2,98,0,29.9,0,2,2,13.6,28.6,18.1,No,,,,,,,,,,,,08/01/2022,04/26/2024,United States,ES_1071043_RMTGHS11IN_04192024003559_645637,Yes
3462967,"Rheem Sales Company, Inc.",Richmond,Gas Tankless,RMTGHS11IP,,,Gas Tankless,Propane,Direct Vent,0,,5.8,0.4,High-Usage,0.96,176,192.35,199000,2,98,0,29.9,0,2,2,13.6,28.6,18.1,No,,,,,,,,,,,,08/01/2022,04/26/2024,United States,ES_1071043_RMTGHS11IP_04192024003600_503029,Yes
3462918,"Rheem Sales Company, Inc.",Richmond,Gas Tankless,RMTGHS84IN,,,Gas Tankless,Natural Gas,Direct Vent,0,,4.6,0.4,High-Usage,0.96,176,192.35,157000,2,97,0,29.9,0,2,2,13.6,28.6,18.1,No,,,,,,,,,,,,01/01/2023,04/26/2024,United States,ES_1071043_RMTGHS84IN_04192024003547_9879892,Yes
3462917,"Rheem Sales Company, Inc.",Richmond,Gas Tankless,RMTGHS84IP,,,Gas Tankless,Propane,Direct Vent,0,,4.6,0.4,High-Usage,0.96,176,192.35,157000,2,97,0,29.9,0,2,2,13.6,28.6,18.1,No,,,,,,,,,,,,01/01/2023,04/26/2024,United States,ES_1071043_RMTGHS84IP_04192024003547_481566,Yes
3462943,"Rheem Sales Company, Inc.",Richmond,Gas Tankless,RMTGHSR10IN,,,Gas Tankless,Natural Gas,Direct Vent,0,,5.2,0.4,High-Usage,0.96,176,192.35,180000,2,98,0,29.9,0,2,2,13.6,28.6,18.1,No,,,,,,,,,,,,08/01/2022,04/26/2024,United States,ES_1071043_RMTGHSR10IN_04192024003553_9133648,Yes
3462946,"Rheem Sales Company, Inc.",Richmond,Gas Tankless,RMTGHSR10IP,,,Gas Tankless,Propane,Direct Vent,0,,5.2,0.4,High-Usage,0.96,176,192.35,180000,2,98,0,29.9,0,2,2,13.6,28.6,18.1,No,,,,,,,,,,,,08/01/2022,04/26/2024,United States,ES_1071043_RMTGHSR10IP_04192024003553_4857742,Yes
3462969,"Rheem Sales Company, Inc.",Richmond,Gas Tankless,RMTGHSR11IN,,,Gas Tankless,Natural Gas,Direct Vent,0,,5.8,0.4,High-Usage,0.96,176,192.35,199000,2,98,0,29.9,0,2,2,13.6,28.6,18.1,No,,,,,,,,,,,,08/01/2022,04/26/2024,United States,ES_1071043_RMTGHSR11IN_04192024003600_510141,Yes
3462970,"Rheem Sales Company, Inc.",Richmond,Gas Tankless,RMTGHSR11IP,,,Gas Tankless,Propane,Direct Vent,0,,5.8,0.4,High-Usage,0.96,176,192.35,199000,2,98,0,29.9,0,2,2,13.6,28.6,18.1,No,,,,,,,,,,,,08/01/2022,04/26/2024,United States,ES_1071043_RMTGHSR11IP_04192024003600_1825287,Yes
3462916,"Rheem Sales Company, Inc.",Richmond,Gas Tankless,RMTGHSR84IN,,,Gas Tankless,Natural Gas,Direct Vent,0,,4.6,0.4,High-Usage,0.96,176,192.35,157000,2,97,0,29.9,0,2,2,13.6,28.6,18.1,No,,,,,,,,,,,,01/01/2023,04/26/2024,United States,ES_1071043_RMTGHSR84IN_04192024003547_292987,Yes
3462920,"Rheem Sales Company, Inc.",Richmond,Gas Tankless,RMTGHSR84IP,,,Gas Tankless,Propane,Direct Vent,0,,4.6,0.4,High-Usage,0.96,176,192.35,157000,2,97,0,29.9,0,2,2,13.6,28.6,18.1,No,,,,,,,,,,,,01/01/2023,04/26/2024,United States,ES_1071043_RMTGHSR84IP_04192024003548_1533875,Yes
3462977,"Rheem Sales Company, Inc.",Ruud,Gas Tankless,CRUTGH-S11I,,,Gas Tankless,"Natural Gas, Propane",Direct Vent,0,,5.8,0.4,High-Usage,0.96,176,192.35,199000,2,98,0,29.9,0,2,2,13.6,28.6,18.1,No,,,,,,,,,,,,08/01/2022,04/26/2024,Canada,ES_1071043_CRUTGH-S11I_04192024003602_1392603,Yes
3462973,"Rheem Sales Company, Inc.",Ruud,Gas Tankless,CRUTGH-SR11I,,,Gas Tankless,"Natural Gas, Propane",Direct Vent,0,,5.8,0.4,High-Usage,0.96,176,192.35,199000,2,98,0,29.9,0,2,2,13.6,28.6,18.1,No,,,,,,,,,,,,08/01/2022,04/26/2024,Canada,ES_1071043_CRUTGH-SR11I_04192024003601_1687111,Yes
3462937,"Rheem Sales Company, Inc.",Rheem,Gas Tankless,RECTGH-S10IN,,,Gas Tankless,Natural Gas,Direct Vent,0,,5.2,0.4,High-Usage,0.96,176,192.35,180000,2,98,0,29.9,0,2,2,13.6,28.6,18.1,No,,,,,,,,,,,,08/01/2022,04/26/2024,United States,ES_1071043_RECTGH-S10IN_04192024003553_8755300,Yes
3462940,"Rheem Sales Company, Inc.",Rheem,Gas Tankless,RECTGH-S10IP,,,Gas Tankless,Propane,Direct Vent,0,,5.2,0.4,High-Usage,0.96,176,192.35,180000,2,98,0,29.9,0,2,2,13.6,28.6,18.1,No,,,,,,,,,,,,08/01/2022,04/26/2024,United States,ES_1071043_RECTGH-S10IP_04192024003553_9083907,Yes
3462964,"Rheem Sales Company, Inc.",Rheem,Gas Tankless,RECTGH-S11IN,,,Gas Tankless,Natural Gas,Direct Vent,0,,5.8,0.4,High-Usage,0.96,176,192.35,199000,2,98,0,29.9,0,2,2,13.6,28.6,18.1,No,,,,,,,,,,,,08/01/2022,04/26/2024,United States,ES_1071043_RECTGH-S11IN_04192024003559_1240632,Yes
3462965,"Rheem Sales Company, Inc.",Rheem,Gas Tankless,RECTGH-S11IP,,,Gas Tankless,Propane,Direct Vent,0,,5.8,0.4,High-Usage,0.96,176,192.35,199000,2,98,0,29.9,0,2,2,13.6,28.6,18.1,No,,,,,,,,,,,,08/01/2022,04/26/2024,United States,ES_1071043_RECTGH-S11IP_04192024003559_9673027,Yes
3462915,"Rheem Sales Company, Inc.",Rheem,Gas Tankless,RECTGH-S84IN,,,Gas Tankless,Natural Gas,Direct Vent,0,,4.6,0.4,High-Usage,0.96,176,192.35,157000,2,97,0,29.9,0,2,2,13.6,28.6,18.1,No,,,,,,,,,,,,01/01/2023,04/26/2024,United States,ES_1071043_RECTGH-S84IN_04192024003545_529753,Yes
3462914,"Rheem Sales Company, Inc.",Rheem,Gas Tankless,RECTGH-S84IP,,,Gas Tankless,Propane,Direct Vent,0,,4.6,0.4,High-Usage,0.96,176,192.35,157000,2,97,0,29.9,0,2,2,13.6,28.6,18.1,No,,,,,,,,,,,,01/01/2023,04/26/2024,United States,ES_1071043_RECTGH-S84IP_04192024003545_9750209,Yes
3462938,"Rheem Sales Company, Inc.",Rheem,Gas Tankless,RECTGH-SR10IN,,,Gas Tankless,Natural Gas,Direct Vent,0,,5.2,0.4,High-Usage,0.96,176,192.35,180000,2,98,0,29.9,0,2,2,13.6,28.6,18.1,No,,,,,,,,,,,,08/01/2022,04/26/2024,United States,ES_1071043_RECTGH-SR10IN_04192024003553_4411592,Yes
3462939,"Rheem Sales Company, Inc.",Rheem,Gas Tankless,RECTGH-SR10IP,,,Gas Tankless,Propane,Direct Vent,0,,5.2,0.4,High-Usage,0.96,176,192.35,180000,2,98,0,29.9,0,2,2,13.6,28.6,18.1,No,,,,,,,,,,,,08/01/2022,04/26/2024,United States,ES_1071043_RECTGH-SR10IP_04192024003553_8921599,Yes
3462963,"Rheem Sales Company, Inc.",Rheem,Gas Tankless,RECTGH-SR11IN,,,Gas Tankless,Natural Gas,Direct Vent,0,,5.8,0.4,High-Usage,0.96,176,192.35,199000,2,98,0,29.9,0,2,2,13.6,28.6,18.1,No,,,,,,,,,,,,08/01/2022,04/26/2024,United States,ES_1071043_RECTGH-SR11IN_04192024003559_6825967,Yes
3462962,"Rheem Sales Company, Inc.",Rheem,Gas Tankless,RECTGH-SR11IP,,,Gas Tankless,Propane,Direct Vent,0,,5.8,0.4,High-Usage,0.96,176,192.35,199000,2,98,0,29.9,0,2,2,13.6,28.6,18.1,No,,,,,,,,,,,,08/01/2022,04/26/2024,United States,ES_1071043_RECTGH-SR11IP_04192024003558_1381359,Yes
3462912,"Rheem Sales Company, Inc.",Rheem,Gas Tankless,RECTGH-SR84IN,,,Gas Tankless,Natural Gas,Direct Vent,0,,4.6,0.4,High-Usage,0.96,176,192.35,157000,2,97,0,29.9,0,2,2,13.6,28.6,18.1,No,,,,,,,,,,,,01/01/2023,04/26/2024,United States,ES_1071043_RECTGH-SR84IN_04192024003545_1168339,Yes
3462913,"Rheem Sales Company, Inc.",Rheem,Gas Tankless,RECTGH-SR84IP,,,Gas Tankless,Propane,Direct Vent,0,,4.6,0.4,High-Usage,0.96,176,192.35,157000,2,97,0,29.9,0,2,2,13.6,28.6,18.1,No,,,,,,,,,,,,01/01/2023,04/26/2024,United States,ES_1071043_RECTGH-SR84IP_04192024003545_1034733,Yes
4006003,"Rheem Sales Company, Inc.",Rheem,Gas Tankless,RTGH-CS11I,,,Gas Tankless,"Natural Gas, Propane",Direct Vent,0,,5.8,0.4,High-Usage,0.96,176,192.35,199000,2,98,0,29.9,0,2,2,13.6,28.6,18.1,No,,,,,,,,,,,,08/01/2022,03/28/2025,United States,ES_1071043_RTGH-CS11I_03072025003133_25217110172,Yes
4006004,"Rheem Sales Company, Inc.",Rheem,Gas Tankless,RTGH-CSR11I,,,Gas Tankless,"Natural Gas, Propane",Direct Vent,0,,5.8,0.4,High-Usage,0.96,176,192.35,199000,2,98,0,29.9,0,2,2,13.6,28.6,18.1,No,,,,,,,,,,,,08/01/2022,03/28/2025,United States,ES_1071043_RTGH-CSR11I_03072025003136_25217110173,Yes
3462910,"Rheem Sales Company, Inc.",Rheem,Gas Tankless,RTGH-S10I,,,Gas Tankless,"Natural Gas, Propane",Direct Vent,0,,5.2,0.4,High-Usage,0.96,176,192.35,180000,2,98,0,29.9,0,2,2,13.6,28.6,18.1,No,,,,,,,,,,,,08/01/2022,04/26/2024,United States,ES_1071043_RTGH-S10I_04192024003543_8392491,Yes
3462908,"Rheem Sales Company, Inc.",Rheem,Gas Tankless,RTGH-S11I,,,Gas Tankless,"Natural Gas, Propane",Direct Vent,0,,5.8,0.4,High-Usage,0.96,176,192.35,199000,2,98,0,29.9,0,2,2,13.6,28.6,18.1,No,,,,,,,,,,,,08/01/2022,04/26/2024,United States,ES_1071043_RTGH-S11I_04192024003543_5531068,Yes
3555168,"Rheem Sales Company, Inc.",Rheem,Gas Tankless,RTGH-S84I,,,Gas Tankless,"Natural Gas, Propane",Direct Vent,0,,4.6,0.4,High-Usage,0.96,176,192.35,157000,2,97,0,29.9,0,2,2,13.6,28.6,18.1,No,,,,,,,,,,,,01/01/2023,07/22/2024,United States,ES_1071043_RTGH-S84I_04262024152604_6674423,Yes
3462935,"Rheem Sales Company, Inc.",Rheem,Gas Tankless,RTGH-SR10I,,,Gas Tankless,"Natural Gas, Propane",Direct Vent,0,,5.2,0.4,High-Usage,0.96,176,192.35,180000,2,98,0,29.9,0,2,2,13.6,28.6,18.1,No,,,,,,,,,,,,08/01/2022,04/26/2024,United States,ES_1071043_RTGH-SR10I_04192024003552_4003790,Yes
3462961,"Rheem Sales Company, Inc.",Rheem,Gas Tankless,RTGH-SR11I,,,Gas Tankless,"Natural Gas, Propane",Direct Vent,0,,5.8,0.4,High-Usage,0.96,176,192.35,199000,2,98,0,29.9,0,2,2,13.6,28.6,18.1,No,,,,,,,,,,,,08/01/2022,04/26/2024,United States,ES_1071043_RTGH-SR11I_04192024003558_6809284,Yes
3555169,"Rheem Sales Company, Inc.",Rheem,Gas Tankless,RTGH-SR84I,,,Gas Tankless,"Natural Gas, Propane",Direct Vent,0,,4.6,0.4,High-Usage,0.96,176,192.35,157000,2,97,0,29.9,0,2,2,13.6,28.6,18.1,No,,,,,,,,,,,,01/01/2023,07/22/2024,United States,ES_1071043_RTGH-SR84I_04262024152612_5862387,Yes
3462951,"Rheem Sales Company, Inc.",Richmond,Gas Tankless,CRMTGHS10I,,,Gas Tankless,"Natural Gas, Propane",Direct Vent,0,,5.2,0.4,High-Usage,0.96,176,192.35,180000,2,98,0,29.9,0,2,2,13.6,28.6,18.1,No,,,,,,,,,,,,09/01/2024,04/26/2024,Canada,ES_1071043_CRMTGHS10I_04192024003556_4442769,Yes
3462981,"Rheem Sales Company, Inc.",Richmond,Gas Tankless,CRMTGHS11I,,,Gas Tankless,"Natural Gas, Propane",Direct Vent,0,,5.8,0.4,High-Usage,0.96,176,192.35,199000,2,98,0,29.9,0,2,2,13.6,28.6,18.1,No,,,,,,,,,,,,09/01/2024,04/26/2024,Canada,ES_1071043_CRMTGHS11I_04192024003603_9132744,Yes
3462926,"Rheem Sales Company, Inc.",Richmond,Gas Tankless,CRMTGHS84I,,,Gas Tankless,"Natural Gas, Propane",Direct Vent,0,,4.6,0.4,High-Usage,0.96,176,192.35,157000,2,97,0,29.9,0,2,2,13.6,28.6,18.1,No,,,,,,,,,,,,09/01/2024,04/26/2024,Canada,ES_1071043_CRMTGHS84I_04192024003549_9370014,Yes
3462954,"Rheem Sales Company, Inc.",Richmond,Gas Tankless,CRMTGHSR10I,,,Gas Tankless,"Natural Gas, Propane",Direct Vent,0,,5.2,0.4,High-Usage,0.96,176,192.35,180000,2,98,0,29.9,0,2,2,13.6,28.6,18.1,No,,,,,,,,,,,,09/01/2024,04/26/2024,Canada,ES_1071043_CRMTGHSR10I_04192024003556_2366193,Yes
3462979,"Rheem Sales Company, Inc.",Richmond,Gas Tankless,CRMTGHSR11I,,,Gas Tankless,"Natural Gas, Propane",Direct Vent,0,,5.8,0.4,High-Usage,0.96,176,192.35,199000,2,98,0,29.9,0,2,2,13.6,28.6,18.1,No,,,,,,,,,,,,09/01/2024,04/26/2024,Canada,ES_1071043_CRMTGHSR11I_04192024003603_6254502,Yes
3462927,"Rheem Sales Company, Inc.",Richmond,Gas Tankless,CRMTGHSR84I,,,Gas Tankless,"Natural Gas, Propane",Direct Vent,0,,4.6,0.4,High-Usage,0.96,176,192.35,157000,2,97,0,29.9,0,2,2,13.6,28.6,18.1,No,,,,,,,,,,,,09/01/2024,04/26/2024,Canada,ES_1071043_CRMTGHSR84I_04192024003550_7777307,Yes
3462941,"Rheem Sales Company, Inc.",Richmond,Gas Tankless,RMTGHS10IN,,,Gas Tankless,Natural Gas,Direct Vent,0,,5.2,0.4,High-Usage,0.96,176,192.35,180000,2,98,0,29.9,0,2,2,13.6,28.6,18.1,No,,,,,,,,,,,,08/01/2022,04/26/2024,United States,ES_1071043_RMTGHS10IN_04192024003553_5531903,Yes
3462945,"Rheem Sales Company, Inc.",Richmond,Gas Tankless,RMTGHS10IP,,,Gas Tankless,Propane,Direct Vent,0,,5.2,0.4,High-Usage,0.96,176,192.35,180000,2,98,0,29.9,0,2,2,13.6,28.6,18.1,No,,,,,,,,,,,,08/01/2022,04/26/2024,United States,ES_1071043_RMTGHS10IP_04192024003553_2437556,Yes
2408824,"Vesta.DS., Inc.",Vesta,VRP-150,VRP-150,,,Gas Tankless,"Natural Gas, Propane",,,,4.3,0.5,High-Usage,0.95,178,194.53,150000,5,,,,,2,2,11.6,27.6,18.1,No,,,,,,,,,,,,12/28/2016,02/23/2023,"United States, Canada",ES_1137991_VRP-150_02212023095547_9820900,Yes
3417680,"Vesta.DS., Inc.",Vesta,VRP PLUS-150,VRP-PLUS-150,,810139790037,Gas Tankless,"Natural Gas, Propane",Direct Vent,1,,4.7,0.5,High-Usage,0.95,178,194.53,150000,5,99,27.6,720,18.1,2,2,11.6,27.6,18.1,No,,,,,,,,,,,,10/16/2023,03/01/2024,"United States, Canada",ES_1137991_VRP-PLUS-150_10042023085339_9011990,Yes
3417678,"Vesta.DS., Inc.",Vesta,VRS PLUS-199,VRS PLUS-199,,810139790068,Gas Tankless,"Natural Gas, Propane",,1,,5.9,0.5,High-Usage,0.96,176,192.35,199000,5,99,27.6,720,18.1,2,2,11.6,27.6,18.1,No,,,,,,,,,,,,10/16/2023,03/01/2024,"United States, Canada",ES_1137991_VRS PLUS-199_10032023174234_1117671,Yes
4006005,"Rheem Sales Company, Inc.",Ruud,Gas Tankless,RUTGH-CS11I,,,Gas Tankless,"Natural Gas, Propane",Direct Vent,0,,5.8,0.4,High-Usage,0.96,176,192.35,199000,2,98,0,29.9,0,2,2,13.6,28.6,18.1,No,,,,,,,,,,,,08/01/2022,03/28/2025,United States,ES_1071043_RUTGH-CS11I_03072025003139_25217110174,Yes
4006006,"Rheem Sales Company, Inc.",Ruud,Gas Tankless,RUTGH-CSR11I,,,Gas Tankless,"Natural Gas, Propane",Direct Vent,0,,5.8,0.4,High-Usage,0.96,176,192.35,199000,2,98,0,29.9,0,2,2,13.6,28.6,18.1,No,,,,,,,,,,,,08/01/2022,03/28/2025,United States,ES_1071043_RUTGH-CSR11I_03072025003139_25217110175,Yes
3462934,"Rheem Sales Company, Inc.",Ruud,Gas Tankless,RUTGH-S10I,,,Gas Tankless,"Natural Gas, Propane",Direct Vent,0,,5.2,0.4,High-Usage,0.96,176,192.35,180000,2,98,0,29.9,0,2,2,13.6,28.6,18.1,No,,,,,,,,,,,,08/01/2022,04/26/2024,United States,ES_1071043_RUTGH-S10I_04192024003552_3132007,Yes
3462960,"Rheem Sales Company, Inc.",Ruud,Gas Tankless,RUTGH-S11I,,,Gas Tankless,"Natural Gas, Propane",Direct Vent,0,,5.8,0.4,High-Usage,0.96,176,192.35,199000,2,98,0,29.9,0,2,2,13.6,28.6,18.1,No,,,,,,,,,,,,08/01/2022,04/26/2024,United States,ES_1071043_RUTGH-S11I_04192024003558_5208263,Yes
3462909,"Rheem Sales Company, Inc.",Ruud,Gas Tankless,RUTGH-S84I,,,Gas Tankless,"Natural Gas, Propane",Direct Vent,0,,4.6,0.4,High-Usage,0.96,176,192.35,157000,2,97,0,29.9,0,2,2,13.6,28.6,18.1,No,,,,,,,,,,,,01/01/2023,04/26/2024,United States,ES_1071043_RUTGH-S84I_04192024003543_2241922,Yes
3462936,"Rheem Sales Company, Inc.",Ruud,Gas Tankless,RUTGH-SR10I,,,Gas Tankless,"Natural Gas, Propane",Direct Vent,0,,5.2,0.4,High-Usage,0.96,176,192.35,180000,2,98,0,29.9,0,2,2,13.6,28.6,18.1,No,,,,,,,,,,,,08/01/2022,04/26/2024,United States,ES_1071043_RUTGH-SR10I_04192024003552_1823777,Yes
3462957,"Rheem Sales Company, Inc.",Ruud,Gas Tankless,RUTGH-SR11I,,,Gas Tankless,"Natural Gas, Propane",Direct Vent,0,,5.8,0.4,High-Usage,0.96,176,192.35,199000,2,98,0,29.9,0,2,2,13.6,28.6,18.1,No,,,,,,,,,,,,08/01/2022,04/26/2024,United States,ES_1071043_RUTGH-SR11I_04192024003557_8142278,Yes
3462911,"Rheem Sales Company, Inc.",Ruud,Gas Tankless,RUTGH-SR84I,,,Gas Tankless,"Natural Gas, Propane",Direct Vent,0,,4.6,0.4,High-Usage,0.96,176,192.35,157000,2,97,0,29.9,0,2,2,13.6,28.6,18.1,No,,,,,,,,,,,,01/01/2023,04/26/2024,United States,ES_1071043_RUTGH-SR84I_04192024003545_7497390,Yes
3387738,Rinnai America Corporation,Rinnai,(CX160I) REU-NB2530FFC-US,(CX160I) REU-NB2530FFC-US,,,Gas Tankless,"Natural Gas, Propane",Power Direct Vent,0,,4.6,0.1,High-Usage,0.97,175,191.25,160000,4,98,25.8,25.8,11.4,2,,11.4,25.8,18.5,No,,,,,,,,,,,,03/01/2024,01/25/2024,"United States, Canada",ES_97439_(CX160I) REU-NB2530FFC-US_01212024003115_8816447,Yes
3387737,Rinnai America Corporation,Rinnai,(CX199I) REU-NB3237FFC-US,(CX199I) REU-NB3237FFC-US,,,Gas Tankless,"Natural Gas, Propane",Power Direct Vent,0,,5.8,0.1,High-Usage,0.98,173,189.07,199000,4,99,25.8,25.8,11.4,2,,11.4,25.8,18.5,No,,,,,,,,,,,,03/01/2024,01/25/2024,"United States, Canada",ES_97439_(CX199I) REU-NB3237FFC-US_01212024003110_6324464,Yes
3387739,Rinnai America Corporation,Rinnai,(CXP160I) REU-NBP2530FFC-US,(CXP160I) REU-NBP2530FFC-US,,,Gas Tankless,"Natural Gas, Propane",Power Direct Vent,0,,4.6,0.1,High-Usage,0.97,175,191.25,160000,4,98,25.8,25.8,11.4,2,,11.4,25.8,18.5,No,,,,,,,,,,,,03/01/2024,01/25/2024,"United States, Canada",ES_97439_(CXP160I) REU-NBP2530FFC-US_01212024003116_313327,Yes
3387736,Rinnai America Corporation,Rinnai,(CXP199I) REU-NBP3237FFC-US,(CXP199I) REU-NBP3237FFC-US,,,Gas Tankless,"Natural Gas, Propane",Power Direct Vent,0,,5.8,0.1,High-Usage,0.98,173,189.07,199000,4,99,25.8,25.8,11.4,2,,11.4,25.8,18.5,No,,,,,,,,,,,,03/01/2024,01/25/2024,"United States, Canada",ES_97439_(CXP199I) REU-NBP3237FFC-US_01212024003107_8600989,Yes
3387732,Rinnai America Corporation,Rinnai,(RX130I) REU-NB2024FF-US,(RX130I) REU-NB2024FF-US,,,Gas Tankless,"Natural Gas, Propane",Power Direct Vent,0,,3.8,0.1,Medium-Usage,0.97,114,124.59,130000,4,98,25.8,25.8,11.4,2,,11.4,25.8,18.5,No,,,,,,,,,,,,03/01/2024,01/25/2024,"United States, Canada",ES_97439_(RX130I) REU-NB2024FF-US_01122024003129_5938774,Yes
3387731,Rinnai America Corporation,Rinnai,(RX160I) REU-NB2530FF-US,(RX160I) REU-NB2530FF-US,,,Gas Tankless,"Natural Gas, Propane",Power Direct Vent,0,,4.6,0.1,High-Usage,0.97,175,191.25,160000,4,98,25.8,25.8,11.4,2,,11.4,25.8,18.5,No,,,,,,,,,,,,03/01/2024,01/25/2024,"United States, Canada",ES_97439_(RX160I) REU-NB2530FF-US_01122024003129_288298,Yes
3387733,Rinnai America Corporation,Rinnai,(RX180I) REU-NB2934FF-US,(RX180I) REU-NB2934FF-US,,,Gas Tankless,"Natural Gas, Propane",Power Direct Vent,0,,5.3,0.1,High-Usage,0.98,173,189.07,180000,4,98,25.8,25.8,11.4,2,,11.4,25.8,18.5,No,,,,,,,,,,,,03/01/2024,01/25/2024,"United States, Canada",ES_97439_(RX180I) REU-NB2934FF-US_01122024003129_4179643,Yes
3387617,Rinnai America Corporation,Rinnai,(RX199I) REU-NB3237FF-US,(RX199I) REU-NB3237FF-US,,,Gas Tankless,"Natural Gas, Propane",Power Direct Vent,0,,5.8,0.1,High-Usage,0.98,173,189.07,199000,4,99,25.8,25.8,11.4,2,,11.4,25.8,18.5,No,,,,,,,,,,,,03/01/2024,01/19/2024,"United States, Canada",ES_97439_(RX199I) REU-NB3237FF-US_01122024003129_8062175,Yes
3387735,Rinnai America Corporation,Rinnai,(RXP160I) REU-NBP2530FF-US,(RXP160I) REU-NBP2530FF-US,,,Gas Tankless,"Natural Gas, Propane",Power Direct Vent,0,,4.6,0.1,High-Usage,0.97,175,191.25,160000,4,98,25.8,25.8,11.4,2,,11.4,25.8,18.5,No,,,,,,,,,,,,03/01/2024,01/25/2024,"United States, Canada",ES_97439_(RXP160I) REU-NBP2530FF-US_01212024003107_680636,Yes
3387734,Rinnai America Corporation,Rinnai,(RXP199I) REU-NBP3237FF-US,(RXP199I) REU-NBP3237FF-US,,,Gas Tankless,"Natural Gas, Propane",Power Direct Vent,0,,5.8,0.1,High-Usage,0.98,173,189.07,199000,4,99,25.8,25.8,11.4,2,,11.4,25.8,18.5,No,,,,,,,,,,,,01/18/2024,01/25/2024,"United States, Canada",ES_97439_(RXP199I) REU-NBP3237FF-US_01212024003107_1517776,Yes
3555677,Salt Lake Iron & Steel Limited Company,Kings Peak,KNG199ICW,KNG199ICW,,,Gas Tankless,Natural Gas,Power Direct Vent,,,5.7,0.6,High-Usage,0.96,175,191.25,199000,1.3,0.99,,,,2,3,11,26.8,17.3,No,,,,,,,,,,,,05/30/2024,03/18/2024,"United States, Canada",ES_1151020_KNG199ICW_07312024123523_80212398,Yes
